"record_id","category","report_period","period_type","period_start","period_end","metric","label","value","text","unit","currency","unit_multiplier","base_unit","value_base","scope","attribution","source_file","source_id","page","pdf_page","citation_pages","publication_date","as_of_date","available_before_cutoff","data_status","calculation_eligible","missing_reason","original_text","notes","metadata_json"
"2018.financial.revenue","financial","2018","duration","2018-01-01","2018-12-31","revenue","营业收入","3490543477.26","","元","CNY","1","元","3490543477.26","合并","","meichen_2018_original.pdf","annual_report_2018_original","121","121","[121]","2019-04-26","2021-04-30","true","disclosed","true","","3、合并利润表


                                                                   单位：元

         项目                    本期发生额                    上期发生额

一、营业总收入                              3,490,543,477.26         3,888,516,098.95

   其中：营业收入                           3,490,543,477.26         3,888,516,098.95","","{""header_pages"":[],""status"":""extracted_original"",""period_basis"":""报告期全年发生额"",""allowed_for_model_input"":true,""quote_format"":""extracted_page_excerpt""}"
"2018.financial.operating_cost","financial","2018","duration","2018-01-01","2018-12-31","operating_cost","营业成本","2386907971.19","","元","CNY","1","元","2386907971.19","合并","","meichen_2018_original.pdf","annual_report_2018_original","121","121","[121]","2019-04-26","2021-04-30","true","disclosed","true","","二、营业总成本                              3,196,078,856.26         3,182,047,294.79

   其中：营业成本                           2,386,907,971.19         2,559,759,058.83","营业成本，不是营业总成本。","{""header_pages"":[],""status"":""extracted_original"",""period_basis"":""报告期全年发生额"",""allowed_for_model_input"":true,""quote_format"":""extracted_page_excerpt""}"
"2018.financial.attributable_net_profit","financial","2018","duration","2018-01-01","2018-12-31","attributable_net_profit","归属于母公司所有者的净利润","372065120.86","","元","CNY","1","元","372065120.86","合并","parent_shareholders","meichen_2018_original.pdf","annual_report_2018_original","122","122","[121,122]","2019-04-26","2021-04-30","true","disclosed","true","","归属于母公司所有者的净利润                    372,065,120.86          609,484,734.18","合并报表中归属于母公司股东部分。","{""header_pages"":[121],""status"":""extracted_original"",""period_basis"":""报告期全年发生额"",""allowed_for_model_input"":true,""quote_format"":""extracted_page_excerpt""}"
"2018.financial.operating_cash_flow","financial","2018","duration","2018-01-01","2018-12-31","operating_cash_flow","经营活动产生的现金流量净额","-122506732.61","","元","CNY","1","元","-122506732.61","合并","","meichen_2018_original.pdf","annual_report_2018_original","126","126","[125,126]","2019-04-26","2021-04-30","true","disclosed","true","","经营活动现金流出小计                         2,871,730,129.37        2,667,205,969.34

经营活动产生的现金流量净额                       -122,506,732.61         -178,077,302.32","","{""header_pages"":[125],""status"":""extracted_original"",""period_basis"":""报告期全年发生额"",""allowed_for_model_input"":true,""quote_format"":""extracted_page_excerpt""}"
"2018.financial.total_assets","financial","2018","instant","","2018-12-31","total_assets","资产总计","9241762689.01","","元","CNY","1","元","9241762689.01","合并","","meichen_2018_original.pdf","annual_report_2018_original","117","117","[115,117]","2019-04-26","2021-04-30","true","disclosed","true","","非流动资产合计                               2,122,285,048.85      1,884,782,036.52

资产总计                                  9,241,762,689.01      8,106,512,705.11","","{""header_pages"":[115],""status"":""extracted_original"",""period_basis"":""报告期末余额"",""allowed_for_model_input"":true,""quote_format"":""extracted_page_excerpt""}"
"2018.financial.accounts_receivable","financial","2018","instant","","2018-12-31","accounts_receivable","应收账款账面价值","998178956.87","","元","CNY","1","元","998178956.87","合并","","meichen_2018_original.pdf","annual_report_2018_original","116","116","[115,116]","2019-04-26","2021-04-30","true","disclosed","true","","应收票据及应收账款                          1,122,849,034.68        960,134,228.63

    其中：应收票据                            124,670,077.81         271,550,927.71

        应收账款                           998,178,956.87         688,583,300.92","应收账款净额，不含应收票据。","{""header_pages"":[115],""status"":""extracted_original"",""period_basis"":""报告期末余额"",""allowed_for_model_input"":true,""quote_format"":""extracted_page_excerpt""}"
"2018.financial.accounts_receivable_gross","financial","2018","instant","","2018-12-31","accounts_receivable_gross","应收账款账面余额","1117021192.91","","元","CNY","1","元","1117021192.91","合并","","meichen_2018_original.pdf","annual_report_2018_original","155","155","[155]","2019-04-26","2021-04-30","true","disclosed","true","","（2）应收账款


1)应收账款分类披露

                                                                                                 单位：    元

                                   期末余额                                       期初余额

      类别              账面余额             坏账准备                     账面余额             坏账准备
                                                    账面价                                          账面价
                    金额      比例      金额      计提比       值      金额      比例       金额      计提比          值
                                              例                                         例

 按信用风险特征           1,115,7   99.89  117,98   10.57   997,77  775,1    99.85  86,947,             688,177,
 组合计提坏账准           60,164.     %    6,531.2     %    3,632.7 25,83      %     861.25   11.22%     976.79
 备的应收账款                01               7                 4   8.04

 单项金额不重大           1,261,0          855,70   67.86   405,32  1,165           759,704             405,324.
 但单独计提坏账            28.90   0.11%     4.77      %      4.13   ,028.  0.15%       .77   65.21%         13
 准备的应收账款                                                        90

                   1,117,0  100.00  118,84           998,17  776,2   100.00  87,707,             688,583,
 合计                21,192.     %    2,236.0          8,956.8 90,86      %     566.02              300.92
                       91               4                 7   6.94


155","合计行期末账面余额；跨行数字已查看PDF原表。","{""header_pages"":[],""status"":""extracted_original"",""period_basis"":""报告期末余额"",""allowed_for_model_input"":true,""quote_format"":""extracted_page_excerpt""}"
"2018.financial.accounts_receivable_allowance","financial","2018","instant","","2018-12-31","accounts_receivable_allowance","应收账款坏账准备期末余额","118842236.04","","元","CNY","1","元","118842236.04","合并","","meichen_2018_original.pdf","annual_report_2018_original","155","155","[155]","2019-04-26","2021-04-30","true","disclosed","true","","（2）应收账款


1)应收账款分类披露

                                                                                                 单位：    元

                                   期末余额                                       期初余额

      类别              账面余额             坏账准备                     账面余额             坏账准备
                                                    账面价                                          账面价
                    金额      比例      金额      计提比       值      金额      比例       金额      计提比          值
                                              例                                         例

 按信用风险特征           1,115,7   99.89  117,98   10.57   997,77  775,1    99.85  86,947,             688,177,
 组合计提坏账准           60,164.     %    6,531.2     %    3,632.7 25,83      %     861.25   11.22%     976.79
 备的应收账款                01               7                 4   8.04

 单项金额不重大           1,261,0          855,70   67.86   405,32  1,165           759,704             405,324.
 但单独计提坏账            28.90   0.11%     4.77      %      4.13   ,028.  0.15%       .77   65.21%         13
 准备的应收账款                                                        90

                   1,117,0  100.00  118,84           998,17  776,2   100.00  87,707,             688,583,
 合计                21,192.     %    2,236.0          8,956.8 90,86      %     566.02              300.92
                       91               4                 7   6.94


155","合计行期末坏账准备；跨行数字已查看PDF原表。","{""header_pages"":[],""status"":""extracted_original"",""period_basis"":""报告期末余额"",""allowed_for_model_input"":true,""quote_format"":""extracted_page_excerpt""}"
"2018.financial.accounts_receivable_provision_expense","financial","2018","duration","2018-01-01","2018-12-31","accounts_receivable_provision_expense","应收账款本期计提坏账准备","31134670.03","","元","CNY","1","元","31134670.03","合并","","meichen_2018_original.pdf","annual_report_2018_original","156","156","[156]","2019-04-26","2021-04-30","true","disclosed","true","","2)本期计提、收回或转回的坏账准备情况
本期计提坏账准备金额      31,134,670.03元；本期收回或转回坏账准备金额      0元。","","{""header_pages"":[],""status"":""extracted_original"",""period_basis"":""报告期全年发生额"",""allowed_for_model_input"":true,""quote_format"":""extracted_page_excerpt""}"
"2018.financial.unbilled_construction_assets","financial","2018","instant","","2018-12-31","unbilled_construction_assets","建造合同形成的已完工未结算资产账面价值","4646041659.19","","元","CNY","1","元","4646041659.19","合并","","meichen_2018_original.pdf","annual_report_2018_original","162","162","[162]","2019-04-26","2021-04-30","true","disclosed","true","","（4）期末建造合同形成的已完工未结算资产情况


                                                                                        单位：   元

                      项目                                              金额

 累计已发生成本                                                                          7,358,630,361.52

 累计已确认毛利                                                                          2,789,240,670.81

    已办理结算的金额                                                                      5,501,829,373.14

 建造合同形成的已完工未结算资产                                                                  4,646,041,659.19","列入存货；原附注161页账面余额和价值相等。不可直接改名为2020准则下合同资产。","{""header_pages"":[],""status"":""extracted_original"",""period_basis"":""报告期末余额"",""allowed_for_model_input"":true,""quote_format"":""extracted_page_excerpt""}"
"2018.financial.unbilled_construction_assets_gross","financial","2018","instant","","2018-12-31","unbilled_construction_assets_gross","已完工未结算资产账面余额","4646041659.19","","元","CNY","1","元","4646041659.19","合并","","meichen_2018_original.pdf","annual_report_2018_original","161","161","[161]","2019-04-26","2021-04-30","true","disclosed","true","","7、存货


公司是否需要遵守房地产行业的披露要求
否

（1）存货分类


                                                                                                      单位：    元

                                   期末余额                                           期初余额
     项目
                   账面余额            跌价准备            账面价值            账面余额           跌价准备            账面价值

 原材料              49,980,492.02                   49,980,492.02  43,026,859.74      256,398.03   42,770,461.71

 在产品              10,261,300.34                   10,261,300.34  13,753,997.92      223,916.53   13,530,081.39

 库存商品             93,099,133.69    6,863,914.58   86,235,219.11 143,858,146.49    4,587,242.73  139,270,903.76

 消耗性生物资          119,976,989.08                  119,976,989.08 136,703,131.37      285,882.96  136,417,248.41
 产

 建造合同形成          4,646,041,659.                  4,646,041,659.  3,883,011,576.                  3,883,011,576.
 的已完工未结                     19                             19              47                              47
 算资产

 开发成本                717,913.51                     717,913.51      177,852.43                      177,852.43


161","跨行原值已查看PDF原表。","{""header_pages"":[],""status"":""extracted_original"",""period_basis"":""报告期末余额"",""allowed_for_model_input"":true,""quote_format"":""extracted_page_excerpt""}"
"2018.financial.unbilled_construction_assets_allowance","financial","2018","instant","","2018-12-31","unbilled_construction_assets_allowance","已完工未结算资产跌价准备","","","元","CNY","1","元","","合并","","meichen_2018_original.pdf","annual_report_2018_original","161","161","[161]","2019-04-26","2021-04-30","true","not_disclosed","false","对应跌价准备单元格为空白，保留null；未把差额推导为原始披露零值。","7、存货


公司是否需要遵守房地产行业的披露要求
否

（1）存货分类


                                                                                                      单位：    元

                                   期末余额                                           期初余额
     项目
                   账面余额            跌价准备            账面价值            账面余额           跌价准备            账面价值

 原材料              49,980,492.02                   49,980,492.02  43,026,859.74      256,398.03   42,770,461.71

 在产品              10,261,300.34                   10,261,300.34  13,753,997.92      223,916.53   13,530,081.39

 库存商品             93,099,133.69    6,863,914.58   86,235,219.11 143,858,146.49    4,587,242.73  139,270,903.76

 消耗性生物资          119,976,989.08                  119,976,989.08 136,703,131.37      285,882.96  136,417,248.41
 产

 建造合同形成          4,646,041,659.                  4,646,041,659.  3,883,011,576.                  3,883,011,576.
 的已完工未结                     19                             19              47                              47
 算资产

 开发成本                717,913.51                     717,913.51      177,852.43                      177,852.43


161","对应跌价准备单元格为空白，保留null；未把差额推导为原始披露零值。","{""header_pages"":[],""status"":""not_disclosed"",""period_basis"":""报告期末余额"",""allowed_for_model_input"":true,""quote_format"":""extracted_page_excerpt""}"
"2018.financial.inventory_allowance","financial","2018","instant","","2018-12-31","inventory_allowance","存货跌价准备期末余额","6863914.58","","元","CNY","1","元","6863914.58","合并","","meichen_2018_original.pdf","annual_report_2018_original","162","162","[162]","2019-04-26","2021-04-30","true","disclosed","true","","（2）存货跌价准备


                                                                                        单位：   元

                                   本期增加金额                      本期减少金额
     项目         期初余额                                                                 期末余额
                                计提            其他         转回或转销           其他

 原材料              256,398.03                               256,398.03

 在产品              223,916.53                               223,916.53

 库存商品           4,587,242.73  6,863,914.58                4,587,242.73               6,863,914.58

 消耗性生物资           285,882.96                               285,882.96
 产

 合计             5,353,440.25  6,863,914.58                5,353,440.25               6,863,914.58","","{""header_pages"":[],""status"":""extracted_original"",""period_basis"":""报告期末余额"",""allowed_for_model_input"":true,""quote_format"":""extracted_page_excerpt""}"
"2018.financial.inventory_provision_expense","financial","2018","duration","2018-01-01","2018-12-31","inventory_provision_expense","存货跌价准备本期计提","6863914.58","","元","CNY","1","元","6863914.58","合并","","meichen_2018_original.pdf","annual_report_2018_original","162","162","[162]","2019-04-26","2021-04-30","true","disclosed","true","","（2）存货跌价准备


                                                                                        单位：   元

                                   本期增加金额                      本期减少金额
     项目         期初余额                                                                 期末余额
                                计提            其他         转回或转销           其他

 原材料              256,398.03                               256,398.03

 在产品              223,916.53                               223,916.53

 库存商品           4,587,242.73  6,863,914.58                4,587,242.73               6,863,914.58

 消耗性生物资           285,882.96                               285,882.96
 产

 合计             5,353,440.25  6,863,914.58                5,353,440.25               6,863,914.58","此为准备变动表本期计提，不等于利润表存货跌价损失。","{""header_pages"":[],""status"":""extracted_original"",""period_basis"":""报告期全年发生额"",""allowed_for_model_input"":true,""quote_format"":""extracted_page_excerpt""}"
"2018.financial.other_receivables_allowance","financial","2018","instant","","2018-12-31","other_receivables_allowance","其他应收款坏账准备期末余额","33932051.15","","元","CNY","1","元","33932051.15","合并","","meichen_2018_original.pdf","annual_report_2018_original","159","159","[159]","2019-04-26","2021-04-30","true","disclosed","true","","（3）其他应收款


1)其他应收款分类披露

                                                                                            单位：    元

                                 期末余额                                      期初余额

      类别             账面余额            坏账准备                    账面余额            坏账准备
                                                  账面价                                        账面价
                   金额      比例      金额     计提比       值      金额     比例      金额       计提比        值
                                            例                                        例

 单项金额重大并          30,850,  17.20  6,000,0  19.45  24,850,
 单独计提坏账准          800.00      %    00.00      %    800.00
 备的其他应收款

 按信用风险特征          146,12   81.46  25,533,  17.47   120,59  256,6   99.15  18,506,           238,112,2
 组合计提坏账准          5,671.8     %   424.71      %   2,247.1  18,74     %    501.82   10.98%      44.83
 备的其他应收款               2                               1    6.65

 单项金额不重大                                                   2,205
 但单独计提坏账          2,398,6  1.34%  2,398,6  100.00          ,196.  0.85%   2,205,1  100.00%
 准备的其他应收           26.44           26.44      %              15            96.15
 款

                  179,37  100.00  33,932,          145,44  258,8  100.00  20,711,           238,112,2
 合计               5,098.2     %   051.15          3,047.1  23,94     %    697.97               44.83
                       6                               1    2.80","跨行数字已查看PDF原表。","{""header_pages"":[],""status"":""extracted_original"",""period_basis"":""报告期末余额"",""allowed_for_model_input"":true,""quote_format"":""extracted_page_excerpt""}"
"2018.financial.available_for_sale_assets_allowance","financial","2018","instant","","2018-12-31","available_for_sale_assets_allowance","可供出售金融资产减值准备期末余额","7735646.82","","元","CNY","1","元","7735646.82","合并","","meichen_2018_original.pdf","annual_report_2018_original","165","165","[165]","2019-04-26","2021-04-30","true","disclosed","true","","（4）报告期内可供出售金融资产减值的变动情况


                                                                             单位：   元

 可供出售金融资产分        可供出售权益工具         可供出售债务工具                               合计
       类

期初已计提减值余额               2,187,635.60                                       2,187,635.60

本期计提                    5,548,011.22                                       5,548,011.22

期末已计提减值余额               7,735,646.82                                       7,735,646.82","","{""header_pages"":[],""status"":""extracted_original"",""period_basis"":""报告期末余额"",""allowed_for_model_input"":true,""quote_format"":""extracted_page_excerpt""}"
"2018.financial.fixed_assets_allowance","financial","2018","instant","","2018-12-31","fixed_assets_allowance","固定资产减值准备期末余额","15570159.73","","元","CNY","1","元","15570159.73","合并","","meichen_2018_original.pdf","annual_report_2018_original","170","170","[169,170]","2019-04-26","2021-04-30","true","disclosed","true","","三、减值准备

   1.期初余额                        16,635,738.27       6,147.77     138,087.30      127,499.75   16,907,473.09

   2.本期增加
 金额

     （1）计提



  3.本期减少                          1,337,313.36          0.00            0.00           0.00     1,337,313.36
 金额

     （1）处置                        1,337,313.36                                                  1,337,313.36
 或报废



  4.期末余额                         15,298,424.91       6,147.77     138,087.30      127,499.75   15,570,159.73","","{""header_pages"":[169],""status"":""extracted_original"",""period_basis"":""报告期末余额"",""allowed_for_model_input"":true,""quote_format"":""extracted_page_excerpt""}"
"2018.financial.goodwill_allowance","financial","2018","instant","","2018-12-31","goodwill_allowance","商誉减值准备期末余额","2567748.14","","元","CNY","1","元","2567748.14","合并","","meichen_2018_original.pdf","annual_report_2018_original","182","182","[182]","2019-04-26","2021-04-30","true","disclosed","true","","（2）商誉减值准备


                                                                    单位：  元

 被投资单位名
 称或形成商誉      期初余额            本期增加                 本期减少            期末余额
   的事项

 东风美晨（十
堰）汽车流体                 2,567,748.14                               2,567,748.14
系统有限公司

   合计                  2,567,748.14                               2,567,748.14","","{""header_pages"":[],""status"":""extracted_original"",""period_basis"":""报告期末余额"",""allowed_for_model_input"":true,""quote_format"":""extracted_page_excerpt""}"
"2018.financial.asset_impairment_loss","financial","2018","duration","2018-01-01","2018-12-31","asset_impairment_loss","资产减值损失","60466985.72","","元","CNY","1","元","60466985.72","合并","","meichen_2018_original.pdf","annual_report_2018_original","199","199","[199]","2019-04-26","2021-04-30","true","disclosed","true","","59、资产减值损失


                                                                                                 单位：    元

               项目                              本期发生额                               上期发生额

 一、坏账损失                                                  45,488,660.25                       23,757,400.11

 二、存货跌价损失                                                  6,862,566.11                       3,145,579.67

 三、可供出售金融资产减值损失                                            5,548,011.22                       2,187,635.60

 七、固定资产减值损失                                                                                   3,767,878.36

 十三、商誉减值损失                                                2,567,748.14

 合计                                                      60,466,985.72                       32,858,493.74

其他说明：","按原表符号列示，正数代表费用/损失；不得与2019/2020损失以负号列示混用。","{""header_pages"":[],""status"":""extracted_original"",""period_basis"":""报告期全年发生额"",""allowed_for_model_input"":true,""quote_format"":""extracted_page_excerpt"",""sign_convention"":""positive_is_loss_expense""}"
"2018.financial.bad_debt_loss","financial","2018","duration","2018-01-01","2018-12-31","bad_debt_loss","坏账损失","45488660.25","","元","CNY","1","元","45488660.25","合并","","meichen_2018_original.pdf","annual_report_2018_original","199","199","[199]","2019-04-26","2021-04-30","true","disclosed","true","","59、资产减值损失


                                                                                                 单位：    元

               项目                              本期发生额                               上期发生额

 一、坏账损失                                                  45,488,660.25                       23,757,400.11

 二、存货跌价损失                                                  6,862,566.11                       3,145,579.67

 三、可供出售金融资产减值损失                                            5,548,011.22                       2,187,635.60

 七、固定资产减值损失                                                                                   3,767,878.36

 十三、商誉减值损失                                                2,567,748.14

 合计                                                      60,466,985.72                       32,858,493.74

其他说明：","按原表符号列示，正数代表费用/损失；不得与2019/2020损失以负号列示混用。","{""header_pages"":[],""status"":""extracted_original"",""period_basis"":""报告期全年发生额"",""allowed_for_model_input"":true,""quote_format"":""extracted_page_excerpt"",""sign_convention"":""positive_is_loss_expense""}"
"2018.financial.inventory_impairment_loss","financial","2018","duration","2018-01-01","2018-12-31","inventory_impairment_loss","存货跌价损失","6862566.11","","元","CNY","1","元","6862566.11","合并","","meichen_2018_original.pdf","annual_report_2018_original","199","199","[199]","2019-04-26","2021-04-30","true","disclosed","true","","59、资产减值损失


                                                                                                 单位：    元

               项目                              本期发生额                               上期发生额

 一、坏账损失                                                  45,488,660.25                       23,757,400.11

 二、存货跌价损失                                                  6,862,566.11                       3,145,579.67

 三、可供出售金融资产减值损失                                            5,548,011.22                       2,187,635.60

 七、固定资产减值损失                                                                                   3,767,878.36

 十三、商誉减值损失                                                2,567,748.14

 合计                                                      60,466,985.72                       32,858,493.74

其他说明：","按原表符号列示，正数代表费用/损失；不得与2019/2020损失以负号列示混用。","{""header_pages"":[],""status"":""extracted_original"",""period_basis"":""报告期全年发生额"",""allowed_for_model_input"":true,""quote_format"":""extracted_page_excerpt"",""sign_convention"":""positive_is_loss_expense""}"
"2018.financial.available_for_sale_impairment_loss","financial","2018","duration","2018-01-01","2018-12-31","available_for_sale_impairment_loss","可供出售金融资产减值损失","5548011.22","","元","CNY","1","元","5548011.22","合并","","meichen_2018_original.pdf","annual_report_2018_original","199","199","[199]","2019-04-26","2021-04-30","true","disclosed","true","","59、资产减值损失


                                                                                                 单位：    元

               项目                              本期发生额                               上期发生额

 一、坏账损失                                                  45,488,660.25                       23,757,400.11

 二、存货跌价损失                                                  6,862,566.11                       3,145,579.67

 三、可供出售金融资产减值损失                                            5,548,011.22                       2,187,635.60

 七、固定资产减值损失                                                                                   3,767,878.36

 十三、商誉减值损失                                                2,567,748.14

 合计                                                      60,466,985.72                       32,858,493.74

其他说明：","按原表符号列示，正数代表费用/损失；不得与2019/2020损失以负号列示混用。","{""header_pages"":[],""status"":""extracted_original"",""period_basis"":""报告期全年发生额"",""allowed_for_model_input"":true,""quote_format"":""extracted_page_excerpt"",""sign_convention"":""positive_is_loss_expense""}"
"2018.financial.goodwill_impairment_loss","financial","2018","duration","2018-01-01","2018-12-31","goodwill_impairment_loss","商誉减值损失","2567748.14","","元","CNY","1","元","2567748.14","合并","","meichen_2018_original.pdf","annual_report_2018_original","199","199","[199]","2019-04-26","2021-04-30","true","disclosed","true","","59、资产减值损失


                                                                                                 单位：    元

               项目                              本期发生额                               上期发生额

 一、坏账损失                                                  45,488,660.25                       23,757,400.11

 二、存货跌价损失                                                  6,862,566.11                       3,145,579.67

 三、可供出售金融资产减值损失                                            5,548,011.22                       2,187,635.60

 七、固定资产减值损失                                                                                   3,767,878.36

 十三、商誉减值损失                                                2,567,748.14

 合计                                                      60,466,985.72                       32,858,493.74

其他说明：","按原表符号列示，正数代表费用/损失；不得与2019/2020损失以负号列示混用。","{""header_pages"":[],""status"":""extracted_original"",""period_basis"":""报告期全年发生额"",""allowed_for_model_input"":true,""quote_format"":""extracted_page_excerpt"",""sign_convention"":""positive_is_loss_expense""}"
"2018.financial.landscape_revenue","financial","2018","duration","2018-01-01","2018-12-31","landscape_revenue","园林行业营业收入","2178022761.89","","元","CNY","1","元","2178022761.89","合并","","meichen_2018_original.pdf","annual_report_2018_original","18","18","[18]","2019-04-26","2021-04-30","true","disclosed","true","","营业收入整体情况
                                                                                   单位：元

                           2018年                        2017年
                                                                              同比增减
                    金额         占营业收入比重            金额         占营业收入比重

 营业收入合计          3,490,543,477.26      100%   3,888,516,098.95       100%         -10.23%

 分行业

 一、主营业务收入

 汽车配件            1,273,136,460.19     36.47%  1,236,442,979.53      31.80%          2.97%

 园林              2,178,022,761.89     62.40%  2,625,768,375.15      67.53%        -17.05%

 其他                   7,272.33         0.00%     1,206,111.16        0.03%        -99.40%

 二、其他业务收入                                                                           0.00%

 销售材料              14,536,531.27       0.42%     11,536,102.33       0.30%         26.01%

 其他                24,840,451.58       0.71%     13,562,530.78       0.34%         83.15%","行业口径，包含园林施工、苗木销售及设计服务。","{""header_pages"":[],""status"":""extracted_original"",""period_basis"":""报告期全年发生额"",""allowed_for_model_input"":true,""quote_format"":""extracted_page_excerpt""}"
"2018.financial.landscape_construction_revenue","financial","2018","duration","2018-01-01","2018-12-31","landscape_construction_revenue","园林施工产品营业收入","2142772967.01","","元","CNY","1","元","2142772967.01","合并","","meichen_2018_original.pdf","annual_report_2018_original","19","19","[18,19]","2019-04-26","2021-04-30","true","disclosed","true","","园林施工                  2,142,772,967.01              61.39%     2,576,449,763.71              66.26%              -16.83%

 苗木销售                      3,673,313.80               0.11%        13,756,410.76               0.35%              -73.30%

 设计及服务                    31,576,481.08               0.90%        35,562,200.68               0.91%              -11.21%

 其他                       39,376,982.85               1.13%        26,370,435.48               0.68%               49.32%","分产品口径；表头与单位在18页。","{""header_pages"":[18],""status"":""extracted_original"",""period_basis"":""报告期全年发生额"",""allowed_for_model_input"":true,""quote_format"":""extracted_page_excerpt""}"
"2019.financial.revenue","financial","2019","duration","2019-01-01","2019-12-31","revenue","营业收入","2954623175.52","","元","CNY","1","元","2954623175.52","合并","","meichen_2019_original.pdf","annual_report_2019_original","122","122","[122]","2020-04-20","2021-04-30","true","disclosed","true","","                                                                                                                山东美晨生态环境股份有限公司                                        2019    年年度报告全文
3、合并利润表
                                                                                                                                                                                         单位：元
                            项目                                                           2019     年度                                                         2018    年度
           其中：营业收入                                                                                      2,954,623,175.52                                                    3,490,543,477.26","合并利润表2019年度列；营业成本不等于营业总成本。","{""period_basis"":""报告期全年发生额"",""allowed_for_model_input"":true,""quote_format"":""extracted_lines_with_header_pages""}"
"2019.financial.operating_cost","financial","2019","duration","2019-01-01","2019-12-31","operating_cost","营业成本","2143890498.29","","元","CNY","1","元","2143890498.29","合并","","meichen_2019_original.pdf","annual_report_2019_original","122","122","[122]","2020-04-20","2021-04-30","true","disclosed","true","","                                                                                                                山东美晨生态环境股份有限公司                                        2019    年年度报告全文
3、合并利润表
                                                                                                                                                                                         单位：元
                            项目                                                           2019     年度                                                         2018    年度
           其中：营业成本                                                                                      2,143,890,498.29                                                    2,386,907,971.19","合并利润表2019年度列；营业成本不等于营业总成本。","{""period_basis"":""报告期全年发生额"",""allowed_for_model_input"":true,""quote_format"":""extracted_lines_with_header_pages""}"
"2019.financial.attributable_net_profit","financial","2019","duration","2019-01-01","2019-12-31","attributable_net_profit","归属于母公司所有者的净利润","80748587.23","","元","CNY","1","元","80748587.23","合并","parent_shareholders","meichen_2019_original.pdf","annual_report_2019_original","123","123","[122,123]","2020-04-20","2021-04-30","true","disclosed","true","","                                                                                                                山东美晨生态环境股份有限公司                                        2019    年年度报告全文
3、合并利润表
                                                                                                                                                                                         单位：元
                            项目                                                           2019     年度                                                         2018    年度
  （二）按所有权归属分类
           1.归属于母公司所有者的净利润                                                 80,748,587.23                                 372,065,120.86","合并利润表归母口径，不是母公司单体净利润；表头在第122页。","{""header_pages"":[122],""period_basis"":""报告期全年发生额"",""allowed_for_model_input"":true,""quote_format"":""extracted_lines_with_header_pages""}"
"2019.financial.operating_cash_flow","financial","2019","duration","2019-01-01","2019-12-31","operating_cash_flow","经营活动产生的现金流量净额","62751926.04","","元","CNY","1","元","62751926.04","合并","","meichen_2019_original.pdf","annual_report_2019_original","128","128","[127,128]","2020-04-20","2021-04-30","true","disclosed","true","","                                                                    山东美晨生态环境股份有限公司                  2019  年年度报告全文
5、合并现金流量表
                                                                                                                单位：元
                项目                                   2019 年度                                   2018 年度
经营活动产生的现金流量净额                                                   62,751,926.04                          -122,506,732.61","合并现金流量表2019年度列；表头在第127页。","{""header_pages"":[127],""period_basis"":""报告期全年发生额"",""allowed_for_model_input"":true,""quote_format"":""extracted_lines_with_header_pages""}"
"2019.financial.total_assets","financial","2019","instant","","2019-12-31","total_assets","总资产","10573378680.24","","元","CNY","1","元","10573378680.24","合并","","meichen_2019_original.pdf","annual_report_2019_original","117","117","[116,117]","2020-04-20","2021-04-30","true","disclosed","true","","                                                                              山东美晨生态环境股份有限公司                       2019  年年度报告全文
1、合并资产负债表
编制单位：山东美晨生态环境股份有限公司
                                                           2019  年  12 月   31 日
                                                                                                                                 单位：元
                  项目                                    2019  年  12 月   31 日                            2018  年  12 月   31 日
资产总计                                                                       10,573,378,680.24                                    9,241,762,689.01","合并资产负债表期末余额；表头在第116页。","{""header_pages"":[116],""period_basis"":""报告期末余额"",""allowed_for_model_input"":true,""quote_format"":""extracted_lines_with_header_pages""}"
"2019.financial.accounts_receivable","financial","2019","instant","","2019-12-31","accounts_receivable","应收账款账面价值","1150992039.02","","元","CNY","1","元","1150992039.02","合并","","meichen_2019_original.pdf","annual_report_2019_original","116","116","[116]","2020-04-20","2021-04-30","true","disclosed","true","","                                                                              山东美晨生态环境股份有限公司                       2019  年年度报告全文
1、合并资产负债表
编制单位：山东美晨生态环境股份有限公司
                                                           2019  年  12 月   31 日
                                                                                                                                 单位：元
                  项目                                    2019  年  12 月   31 日                            2018  年  12 月   31 日
           应收账款                                                         1,150,992,039.02                                  998,178,956.87","合并资产负债表账面价值（净额），可与第175页附注复核。","{""period_basis"":""报告期末余额"",""allowed_for_model_input"":true,""quote_format"":""extracted_lines_with_header_pages""}"
"2019.financial.accounts_receivable_gross","financial","2019","instant","","2019-12-31","accounts_receivable_gross","应收账款账面余额","1302387518.49","","元","CNY","1","元","1302387518.49","合并","","meichen_2019_original.pdf","annual_report_2019_original","175","175","[175]","2020-04-20","2021-04-30","true","disclosed","true","","5、应收账款

（1）应收账款分类披露


                                                                                                      单位：    元

                                     期末余额                                          期初余额

       类别              账面余额              坏账准备                       账面余额              坏账准备

                                              计提比     账面价值                                           账面价值
                     金额       比例       金额       例                金额        比例       金额     计提比例


按单项计提坏账准            18,274,6  1.13%  12,941,5  63.66% 5,333,0301,261,028    0.11% 855,704.7  67.86%  405,324.13
备的应收账款                11.89             81.53               .36      .90                 7

其中：

单项计提坏账准备            18,274,6  1.13%  12,941,5  63.66% 5,333,0301,261,028    0.11% 855,704.7  67.86%  405,324.13
的应收账款                 11.89             81.53               .36      .90                 7

按组合计提坏账准            1,284,11 98.87%  138,453,  10.78% 1,145,6591,115,760   99.89% 117,986,5  10.57%  997,773,63
备的应收账款              2,906.60           897.94           ,008.66  ,164.01              31.27                2.74

其中：

按信用风险特征组            1,284,11         138,453,         1,145,6591,115,760          117,986,5          997,773,63
合计提坏账准备的            2,906.60 98.87%    897.94  10.78%   ,008.66  ,164.01   99.89%     31.27  10.57%        2.74
应收账款

合计                  1,302,38100.00%  151,395,  11.62% 1,150,9921,117,021 100.00%  118,842,2  10.57%  998,178,95
                    7,518.49           479.47           ,039.02  ,192.91              36.04                6.87","期末账面余额，原表数值跨行，已按PDF视觉核对拼接。","{""period_basis"":""报告期末余额"",""allowed_for_model_input"":true,""quote_format"":""extracted_lines_with_header_pages""}"
"2019.financial.accounts_receivable_allowance","financial","2019","instant","","2019-12-31","accounts_receivable_allowance","应收账款坏账准备期末余额","151395479.47","","元","CNY","1","元","151395479.47","合并","","meichen_2019_original.pdf","annual_report_2019_original","175","175","[175]","2020-04-20","2021-04-30","true","disclosed","true","","5、应收账款

（1）应收账款分类披露


                                                                                                      单位：    元

                                     期末余额                                          期初余额

       类别              账面余额              坏账准备                       账面余额              坏账准备

                                              计提比     账面价值                                           账面价值
                     金额       比例       金额       例                金额        比例       金额     计提比例


按单项计提坏账准            18,274,6  1.13%  12,941,5  63.66% 5,333,0301,261,028    0.11% 855,704.7  67.86%  405,324.13
备的应收账款                11.89             81.53               .36      .90                 7

其中：

单项计提坏账准备            18,274,6  1.13%  12,941,5  63.66% 5,333,0301,261,028    0.11% 855,704.7  67.86%  405,324.13
的应收账款                 11.89             81.53               .36      .90                 7

按组合计提坏账准            1,284,11 98.87%  138,453,  10.78% 1,145,6591,115,760   99.89% 117,986,5  10.57%  997,773,63
备的应收账款              2,906.60           897.94           ,008.66  ,164.01              31.27                2.74

其中：

按信用风险特征组            1,284,11         138,453,         1,145,6591,115,760          117,986,5          997,773,63
合计提坏账准备的            2,906.60 98.87%    897.94  10.78%   ,008.66  ,164.01   99.89%     31.27  10.57%        2.74
应收账款

合计                  1,302,38100.00%  151,395,  11.62% 1,150,9921,117,021 100.00%  118,842,2  10.57%  998,178,95
                    7,518.49           479.47           ,039.02  ,192.91              36.04                6.87","期末余额是存量，不是当期计提额；原表数值跨行，已按PDF视觉核对。","{""period_basis"":""报告期末余额"",""allowed_for_model_input"":true,""quote_format"":""extracted_lines_with_header_pages""}"
"2019.financial.unbilled_construction_assets","financial","2019","instant","","2019-12-31","unbilled_construction_assets","建造合同形成的已完工未结算资产账面价值","5310947757.58","","元","CNY","1","元","5310947757.58","合并","","meichen_2019_original.pdf","annual_report_2019_original","183","183","[182,183]","2020-04-20","2021-04-30","true","disclosed","true","","9、存货


是否已执行新收入准则
□ 是 √ 否


（1）存货分类


                                                                                       单位：    元

                              期末余额                                     期初余额
     项目
                账面余额          跌价准备          账面价值         账面余额          跌价准备         账面价值
建造合同形成的
已完工未结算资          5,310,947,757.58                5,310,947,757.58 4,646,041,659.19               4,646,041,659.19
产","列于存货附注，非2019年合同资产科目；单位及表头在第182页。","{""header_pages"":[182],""period_basis"":""报告期末余额"",""allowed_for_model_input"":true,""quote_format"":""extracted_lines_with_header_pages""}"
"2019.financial.unbilled_construction_assets_gross","financial","2019","instant","","2019-12-31","unbilled_construction_assets_gross","建造合同形成的已完工未结算资产账面余额","5310947757.58","","元","CNY","1","元","5310947757.58","合并","","meichen_2019_original.pdf","annual_report_2019_original","183","183","[182,183]","2020-04-20","2021-04-30","true","disclosed","true","","9、存货


是否已执行新收入准则
□ 是 √ 否


（1）存货分类


                                                                                       单位：    元

                              期末余额                                     期初余额
     项目
                账面余额          跌价准备          账面价值         账面余额          跌价准备         账面价值
建造合同形成的
已完工未结算资          5,310,947,757.58                5,310,947,757.58 4,646,041,659.19               4,646,041,659.19
产","存货分类表期末账面余额列；表头在第182页。","{""header_pages"":[182],""period_basis"":""报告期末余额"",""allowed_for_model_input"":true,""quote_format"":""extracted_lines_with_header_pages""}"
"2019.financial.unbilled_construction_assets_allowance","financial","2019","instant","","2019-12-31","unbilled_construction_assets_allowance","已完工未结算资产跌价准备","","","元","CNY","1","元","","合并","","meichen_2019_original.pdf","annual_report_2019_original","183","183","[182,183]","2020-04-20","2021-04-30","true","not_disclosed","false","原表期末跌价准备单元格为空白；不得以账面余额与价值相等而将原始披露改写为0。","9、存货


是否已执行新收入准则
□ 是 √ 否


（1）存货分类


                                                                                       单位：    元

                              期末余额                                     期初余额
     项目
                账面余额          跌价准备          账面价值         账面余额          跌价准备         账面价值
建造合同形成的
已完工未结算资          5,310,947,757.58                5,310,947,757.58 4,646,041,659.19               4,646,041,659.19
产","原表期末跌价准备单元格为空白；不得以账面余额与价值相等而将原始披露改写为0。","{""header_pages"":[182],""period_basis"":""报告期末余额"",""allowed_for_model_input"":true,""quote_format"":""extracted_lines_with_header_pages""}"
"2019.financial.contract_assets","financial","2019","instant","","2019-12-31","contract_assets","合同资产账面价值","","","元","CNY","1","元","","合并","","meichen_2019_original.pdf","annual_report_2019_original","183","183","[183]","2020-04-20","2021-04-30","true","not_disclosed","false","报告列出合同资产模板但无数据行；本年已完工未结算资产见存货附注。不得填0，也不与存货项重复计入。","10、合同资产


                                                                                                       单位：    元

                                          期末余额                                        期初余额
          项目
                           账面余额           减值准备           账面价值          账面余额          减值准备           账面价值

合同资产的账面价值在本期内发生的重大变动金额和原因：
                                                                                                       单位：    元

          项目                       变动金额                                        变动原因


                                                                                                             183","报告列出合同资产模板但无数据行；本年已完工未结算资产见存货附注。不得填0，也不与存货项重复计入。","{""period_basis"":""报告期末余额"",""allowed_for_model_input"":true,""quote_format"":""extracted_lines_with_header_pages""}"
"2019.financial.landscape_construction_revenue","financial","2019","duration","2019-01-01","2019-12-31","landscape_construction_revenue","园林施工产品营业收入","1753587625.21","","元","CNY","1","元","1753587625.21","合并","","meichen_2019_original.pdf","annual_report_2019_original","17","17","[17]","2020-04-20","2021-04-30","true","disclosed","true","","2、收入与成本

（1）营业收入构成


营业收入整体情况
                                                                                                                        单位：元

                                       2019 年                                     2018 年
                                                                                                                 同比增减
                             金额              占营业收入比重                    金额              占营业收入比重
分产品
园林施工                     1,753,587,625.21               59.35%      2,142,772,967.01               61.39%               -18.16%","产品口径园林施工收入，不等于行业口径园林收入。","{""period_basis"":""报告期全年发生额"",""allowed_for_model_input"":true,""quote_format"":""extracted_lines_with_header_pages""}"
"2019.financial.accounts_receivable_allowance_charge","financial","2019","duration","2019-01-01","2019-12-31","accounts_receivable_allowance_charge","应收账款坏账准备本期计提","32570009.82","","元","CNY","1","元","32570009.82","合并","","meichen_2019_original.pdf","annual_report_2019_original","177","177","[177]","2020-04-20","2021-04-30","true","disclosed","true","","（2）本期计提、收回或转回的坏账准备情况


本期计提坏账准备情况：

                                                                                      单位：   元

                                                本期变动金额
    类别          期初余额                                                               期末余额
                               计提         收回或转回           核销           其他

坏账准备           118,842,236.04 32,570,009.82   16,766.39                           151,395,479.47

合计             118,842,236.04 32,570,009.82   16,766.39                           151,395,479.47","应收账款坏账准备变动表的当期发生额，非期末余额。","{""period_basis"":""报告期全年发生额"",""allowed_for_model_input"":true,""quote_format"":""extracted_lines_with_header_pages""}"
"2019.financial.accounts_receivable_allowance_reversal","financial","2019","duration","2019-01-01","2019-12-31","accounts_receivable_allowance_reversal","应收账款坏账准备本期收回或转回","16766.39","","元","CNY","1","元","16766.39","合并","","meichen_2019_original.pdf","annual_report_2019_original","177","177","[177]","2020-04-20","2021-04-30","true","disclosed","true","","（2）本期计提、收回或转回的坏账准备情况


本期计提坏账准备情况：

                                                                                      单位：   元

                                                本期变动金额
    类别          期初余额                                                               期末余额
                               计提         收回或转回           核销           其他

坏账准备           118,842,236.04 32,570,009.82   16,766.39                           151,395,479.47

合计             118,842,236.04 32,570,009.82   16,766.39                           151,395,479.47","应收账款坏账准备变动表的当期发生额，非期末余额。","{""period_basis"":""报告期全年发生额"",""allowed_for_model_input"":true,""quote_format"":""extracted_lines_with_header_pages""}"
"2019.financial.inventory_allowance","financial","2019","instant","","2019-12-31","inventory_allowance","存货跌价准备期末余额","10435160.39","","元","CNY","1","元","10435160.39","合并","","meichen_2019_original.pdf","annual_report_2019_original","183","183","[183]","2020-04-20","2021-04-30","true","disclosed","true","","（2）存货跌价准备


                                                                                                       单位：    元

                                         本期增加金额                          本期减少金额
     项目            期初余额                                                                             期末余额
                                      计提              其他          转回或转销               其他

库存商品                6,863,914.58    9,791,759.96                    6,220,514.15                   10,435,160.39

合计                  6,863,914.58    9,791,759.96                    6,220,514.15                   10,435,160.39","原表计提对象为库存商品；不得当作园林已完工未结算资产准备。","{""period_basis"":""报告期末余额"",""allowed_for_model_input"":true,""quote_format"":""extracted_lines_with_header_pages""}"
"2019.financial.inventory_allowance_charge","financial","2019","duration","2019-01-01","2019-12-31","inventory_allowance_charge","存货跌价准备本期计提","9791759.96","","元","CNY","1","元","9791759.96","合并","","meichen_2019_original.pdf","annual_report_2019_original","183","183","[183]","2020-04-20","2021-04-30","true","disclosed","true","","（2）存货跌价准备


                                                                                                       单位：    元

                                         本期增加金额                          本期减少金额
     项目            期初余额                                                                             期末余额
                                      计提              其他          转回或转销               其他

库存商品                6,863,914.58    9,791,759.96                    6,220,514.15                   10,435,160.39

合计                  6,863,914.58    9,791,759.96                    6,220,514.15                   10,435,160.39","原表计提对象为库存商品；不得当作园林已完工未结算资产准备。","{""period_basis"":""报告期全年发生额"",""allowed_for_model_input"":true,""quote_format"":""extracted_lines_with_header_pages""}"
"2019.financial.inventory_allowance_reversal_or_writeoff","financial","2019","duration","2019-01-01","2019-12-31","inventory_allowance_reversal_or_writeoff","存货跌价准备本期转回或转销","6220514.15","","元","CNY","1","元","6220514.15","合并","","meichen_2019_original.pdf","annual_report_2019_original","183","183","[183]","2020-04-20","2021-04-30","true","disclosed","true","","（2）存货跌价准备


                                                                                                       单位：    元

                                         本期增加金额                          本期减少金额
     项目            期初余额                                                                             期末余额
                                      计提              其他          转回或转销               其他

库存商品                6,863,914.58    9,791,759.96                    6,220,514.15                   10,435,160.39

合计                  6,863,914.58    9,791,759.96                    6,220,514.15                   10,435,160.39","原表计提对象为库存商品；不得当作园林已完工未结算资产准备。","{""period_basis"":""报告期全年发生额"",""allowed_for_model_input"":true,""quote_format"":""extracted_lines_with_header_pages""}"
"2019.financial.notes_receivable_allowance","financial","2019","instant","","2019-12-31","notes_receivable_allowance","应收票据坏账准备期末余额","613450.03","","元","CNY","1","元","613450.03","合并","","meichen_2019_original.pdf","annual_report_2019_original","173","173","[173]","2020-04-20","2021-04-30","true","disclosed","true","","4、应收票据

（1）应收票据分类列示


                                                                                             单位：    元

              项目                              期末余额                              期初余额

商业承兑票据                                                  11,655,550.56                     25,077,151.17

合计                                                      11,655,550.56                     25,077,151.17

                                                                                             单位：    元

                                 期末余额                                      期初余额

      类别             账面余额            坏账准备                     账面余额              坏账准备

                                          计提比     账面价值                                       账面价值
                   金额      比例      金额       例               金额      比例       金额     计提比例


  其中：

按组合计提坏账准          12,269,0100.00% 613,450.  5.00% 11,655,55
备的应收票据              00.59              03             0.56

  其中：

按信用风险特征组          12,269,0        613,450.        11,655,55
合计提坏账准备的            00.59 100.00%      03   5.00%     0.56
商业承兑汇票

合计                12,269,0100.00% 613,450.  5.00% 11,655,55
                    00.59              03             0.56","应收票据分类表坏账准备期末存量；原数613,450.03跨行，已视觉核对。第174页变动表为空，不从该空表取值。","{""period_basis"":""报告期末余额"",""allowed_for_model_input"":true,""quote_format"":""extracted_lines_with_header_pages""}"
"2019.financial.other_receivables_allowance","financial","2019","instant","","2019-12-31","other_receivables_allowance","其他应收款坏账准备期末余额","34196741.32","","元","CNY","1","元","34196741.32","合并","","meichen_2019_original.pdf","annual_report_2019_original","181","181","[181]","2020-04-20","2021-04-30","true","disclosed","true","","3）本期计提、收回或转回的坏账准备情况


本期计提坏账准备情况：
                                                                                        单位：   元

                                              本期变动金额
     类别         期初余额                                                               期末余额
                              计提        收回或转回           核销           其他

坏账准备          33,932,051.15   264,690.17                                             34,196,741.32

合计            33,932,051.15   264,690.17                                             34,196,741.32","其他应收款附注中的坏账准备存量。","{""period_basis"":""报告期末余额"",""allowed_for_model_input"":true,""quote_format"":""extracted_lines_with_header_pages""}"
"2019.financial.other_receivables_allowance_charge","financial","2019","duration","2019-01-01","2019-12-31","other_receivables_allowance_charge","其他应收款坏账准备本期计提","264690.17","","元","CNY","1","元","264690.17","合并","","meichen_2019_original.pdf","annual_report_2019_original","181","181","[181]","2020-04-20","2021-04-30","true","disclosed","true","","3）本期计提、收回或转回的坏账准备情况


本期计提坏账准备情况：
                                                                                        单位：   元

                                              本期变动金额
     类别         期初余额                                                               期末余额
                              计提        收回或转回           核销           其他

坏账准备          33,932,051.15   264,690.17                                             34,196,741.32

合计            33,932,051.15   264,690.17                                             34,196,741.32","当期计提流量，不是期末余额。","{""period_basis"":""报告期全年发生额"",""allowed_for_model_input"":true,""quote_format"":""extracted_lines_with_header_pages""}"
"2019.financial.long_term_equity_investment_allowance","financial","2019","instant","","2019-12-31","long_term_equity_investment_allowance","长期股权投资减值准备期末余额","7392257.43","","元","CNY","1","元","7392257.43","合并","","meichen_2019_original.pdf","annual_report_2019_original","187","187","[186,187]","2020-04-20","2021-04-30","true","disclosed","true","","17、长期股权投资


                                                                               单位：   元

                                      本期增减变动
被投资单   期初余额                                                             期末余额   减值准备
        (账面价                 权益法下   其他综合   其他权益   宣告发放    计提减值           (账面价
  位      值)   追加投资   减少投资    确认的投                 现金股利            其他      值)   期末余额
                              资损益   收益调整     变动    或利润     准备
合计        286,599,3 41,490,00 279,795,1 8,853,564                               7,392,257           49,755,45 7,392,257
              24.64      0.00     75.86       .54                                     .43                5.89       .43","减值准备期末余额列，合计数跨行；单位及表头在第186页。","{""header_pages"":[186],""period_basis"":""报告期末余额"",""allowed_for_model_input"":true,""quote_format"":""extracted_lines_with_header_pages""}"
"2019.financial.goodwill_allowance","financial","2019","instant","","2019-12-31","goodwill_allowance","商誉减值准备期末余额","21830046.43","","元","CNY","1","元","21830046.43","合并","","meichen_2019_original.pdf","annual_report_2019_original","197","197","[196,197]","2020-04-20","2021-04-30","true","disclosed","true","","（2）商誉减值准备


                                                                                                  单位：    元

被投资单位名称                                  本期增加                           本期减少
或形成商誉的事           期初余额                                                                         期末余额
      项                             计提                            处置

杭州赛石园林集                          12,038,521.27                                                12,038,521.27
团有限公司

法雅生态环境集                           7,223,777.02                                                 7,223,777.02
团有限公司

东风美晨（十堰）
汽车流体系统有            2,567,748.14                                                                2,567,748.14
限公司



                                                                                                        196
合计        2,567,748.14 19,262,298.29                          21,830,046.43","商誉减值准备合计期末余额；单位及表头在第196页。","{""header_pages"":[196],""period_basis"":""报告期末余额"",""allowed_for_model_input"":true,""quote_format"":""extracted_lines_with_header_pages""}"
"2019.financial.goodwill_allowance_charge","financial","2019","duration","2019-01-01","2019-12-31","goodwill_allowance_charge","商誉减值准备本期计提","19262298.29","","元","CNY","1","元","19262298.29","合并","","meichen_2019_original.pdf","annual_report_2019_original","197","197","[196,197]","2020-04-20","2021-04-30","true","disclosed","true","","（2）商誉减值准备


                                                                                                  单位：    元

被投资单位名称                                  本期增加                           本期减少
或形成商誉的事           期初余额                                                                         期末余额
      项                             计提                            处置

杭州赛石园林集                          12,038,521.27                                                12,038,521.27
团有限公司

法雅生态环境集                           7,223,777.02                                                 7,223,777.02
团有限公司

东风美晨（十堰）
汽车流体系统有            2,567,748.14                                                                2,567,748.14
限公司



                                                                                                        196
合计        2,567,748.14 19,262,298.29                          21,830,046.43","商誉减值准备变动表本期计提额（正数），与利润表损失负号呈现分开。","{""header_pages"":[196],""period_basis"":""报告期全年发生额"",""allowed_for_model_input"":true,""quote_format"":""extracted_lines_with_header_pages""}"
"2019.financial.credit_impairment_loss","financial","2019","duration","2019-01-01","2019-12-31","credit_impairment_loss","信用减值损失","-33448150.02","","元","CNY","1","元","-33448150.02","合并","","meichen_2019_original.pdf","annual_report_2019_original","215","215","[215]","2020-04-20","2021-04-30","true","disclosed","true","","72、信用减值损失


                                                                                         单位：   元

              项目                           本期发生额                            上期发生额

其他应收款坏账损失                                              -264,690.17

应收账款坏账损失                                             -32,570,009.82

应收票据坏账损失                                               -613,450.03

合计                                                   -33,448,150.02","本期发生额；按原报告损失为负数保留。属于损益流量，不是减值准备期末余额。","{""period_basis"":""报告期全年发生额"",""allowed_for_model_input"":true,""quote_format"":""extracted_lines_with_header_pages"",""sign_convention"":""negative_is_loss_positive_is_gain""}"
"2019.financial.accounts_receivable_impairment_loss","financial","2019","duration","2019-01-01","2019-12-31","accounts_receivable_impairment_loss","应收账款坏账损失","-32570009.82","","元","CNY","1","元","-32570009.82","合并","","meichen_2019_original.pdf","annual_report_2019_original","215","215","[215]","2020-04-20","2021-04-30","true","disclosed","true","","72、信用减值损失


                                                                                         单位：   元

              项目                           本期发生额                            上期发生额

其他应收款坏账损失                                              -264,690.17

应收账款坏账损失                                             -32,570,009.82

应收票据坏账损失                                               -613,450.03

合计                                                   -33,448,150.02","本期发生额；按原报告损失为负数保留。属于损益流量，不是减值准备期末余额。","{""period_basis"":""报告期全年发生额"",""allowed_for_model_input"":true,""quote_format"":""extracted_lines_with_header_pages"",""sign_convention"":""negative_is_loss_positive_is_gain""}"
"2019.financial.notes_receivable_impairment_loss","financial","2019","duration","2019-01-01","2019-12-31","notes_receivable_impairment_loss","应收票据坏账损失","-613450.03","","元","CNY","1","元","-613450.03","合并","","meichen_2019_original.pdf","annual_report_2019_original","215","215","[215]","2020-04-20","2021-04-30","true","disclosed","true","","72、信用减值损失


                                                                                         单位：   元

              项目                           本期发生额                            上期发生额

其他应收款坏账损失                                              -264,690.17

应收账款坏账损失                                             -32,570,009.82

应收票据坏账损失                                               -613,450.03

合计                                                   -33,448,150.02","本期发生额；按原报告损失为负数保留。属于损益流量，不是减值准备期末余额。","{""period_basis"":""报告期全年发生额"",""allowed_for_model_input"":true,""quote_format"":""extracted_lines_with_header_pages"",""sign_convention"":""negative_is_loss_positive_is_gain""}"
"2019.financial.other_receivables_impairment_loss","financial","2019","duration","2019-01-01","2019-12-31","other_receivables_impairment_loss","其他应收款坏账损失","-264690.17","","元","CNY","1","元","-264690.17","合并","","meichen_2019_original.pdf","annual_report_2019_original","215","215","[215]","2020-04-20","2021-04-30","true","disclosed","true","","72、信用减值损失


                                                                                         单位：   元

              项目                           本期发生额                            上期发生额

其他应收款坏账损失                                              -264,690.17

应收账款坏账损失                                             -32,570,009.82

应收票据坏账损失                                               -613,450.03

合计                                                   -33,448,150.02","本期发生额；按原报告损失为负数保留。属于损益流量，不是减值准备期末余额。","{""period_basis"":""报告期全年发生额"",""allowed_for_model_input"":true,""quote_format"":""extracted_lines_with_header_pages"",""sign_convention"":""negative_is_loss_positive_is_gain""}"
"2019.financial.asset_impairment_loss","financial","2019","duration","2019-01-01","2019-12-31","asset_impairment_loss","资产减值损失","-36446315.68","","元","CNY","1","元","-36446315.68","合并","","meichen_2019_original.pdf","annual_report_2019_original","215","215","[215]","2020-04-20","2021-04-30","true","disclosed","true","","73、资产减值损失


是否已执行新收入准则

□ 是 √ 否
                                                                                         单位：   元

              项目                           本期发生额                            上期发生额

一、坏账损失                                                                               -45,488,660.25

二、存货跌价损失                                              -9,791,759.96                   -6,862,566.11

三、可供出售金融资产减值损失                                                                        -5,548,011.22

五、长期股权投资减值损失                                          -7,392,257.43

十三、商誉减值损失                                            -19,262,298.29                   -2,567,748.14

合计                                                   -36,446,315.68                  -60,466,985.72



                                                                                              215","本期发生额；按原报告损失为负数保留。属于损益流量，不是减值准备期末余额。","{""period_basis"":""报告期全年发生额"",""allowed_for_model_input"":true,""quote_format"":""extracted_lines_with_header_pages"",""sign_convention"":""negative_is_loss_positive_is_gain""}"
"2019.financial.inventory_impairment_loss","financial","2019","duration","2019-01-01","2019-12-31","inventory_impairment_loss","存货跌价损失","-9791759.96","","元","CNY","1","元","-9791759.96","合并","","meichen_2019_original.pdf","annual_report_2019_original","215","215","[215]","2020-04-20","2021-04-30","true","disclosed","true","","73、资产减值损失


是否已执行新收入准则

□ 是 √ 否
                                                                                         单位：   元

              项目                           本期发生额                            上期发生额

一、坏账损失                                                                               -45,488,660.25

二、存货跌价损失                                              -9,791,759.96                   -6,862,566.11

三、可供出售金融资产减值损失                                                                        -5,548,011.22

五、长期股权投资减值损失                                          -7,392,257.43

十三、商誉减值损失                                            -19,262,298.29                   -2,567,748.14

合计                                                   -36,446,315.68                  -60,466,985.72



                                                                                              215","本期发生额；按原报告损失为负数保留。属于损益流量，不是减值准备期末余额。","{""period_basis"":""报告期全年发生额"",""allowed_for_model_input"":true,""quote_format"":""extracted_lines_with_header_pages"",""sign_convention"":""negative_is_loss_positive_is_gain""}"
"2019.financial.long_term_equity_investment_impairment_loss","financial","2019","duration","2019-01-01","2019-12-31","long_term_equity_investment_impairment_loss","长期股权投资减值损失","-7392257.43","","元","CNY","1","元","-7392257.43","合并","","meichen_2019_original.pdf","annual_report_2019_original","215","215","[215]","2020-04-20","2021-04-30","true","disclosed","true","","73、资产减值损失


是否已执行新收入准则

□ 是 √ 否
                                                                                         单位：   元

              项目                           本期发生额                            上期发生额

一、坏账损失                                                                               -45,488,660.25

二、存货跌价损失                                              -9,791,759.96                   -6,862,566.11

三、可供出售金融资产减值损失                                                                        -5,548,011.22

五、长期股权投资减值损失                                          -7,392,257.43

十三、商誉减值损失                                            -19,262,298.29                   -2,567,748.14

合计                                                   -36,446,315.68                  -60,466,985.72



                                                                                              215","本期发生额；按原报告损失为负数保留。属于损益流量，不是减值准备期末余额。","{""period_basis"":""报告期全年发生额"",""allowed_for_model_input"":true,""quote_format"":""extracted_lines_with_header_pages"",""sign_convention"":""negative_is_loss_positive_is_gain""}"
"2019.financial.goodwill_impairment_loss","financial","2019","duration","2019-01-01","2019-12-31","goodwill_impairment_loss","商誉减值损失","-19262298.29","","元","CNY","1","元","-19262298.29","合并","","meichen_2019_original.pdf","annual_report_2019_original","215","215","[215]","2020-04-20","2021-04-30","true","disclosed","true","","73、资产减值损失


是否已执行新收入准则

□ 是 √ 否
                                                                                         单位：   元

              项目                           本期发生额                            上期发生额

一、坏账损失                                                                               -45,488,660.25

二、存货跌价损失                                              -9,791,759.96                   -6,862,566.11

三、可供出售金融资产减值损失                                                                        -5,548,011.22

五、长期股权投资减值损失                                          -7,392,257.43

十三、商誉减值损失                                            -19,262,298.29                   -2,567,748.14

合计                                                   -36,446,315.68                  -60,466,985.72



                                                                                              215","本期发生额；按原报告损失为负数保留。属于损益流量，不是减值准备期末余额。","{""period_basis"":""报告期全年发生额"",""allowed_for_model_input"":true,""quote_format"":""extracted_lines_with_header_pages"",""sign_convention"":""negative_is_loss_positive_is_gain""}"
"2019.financial.construction_costs_incurred_cumulative","financial","2019","instant","","2019-12-31","construction_costs_incurred_cumulative","期末建造合同累计已发生成本","8121542857.55","","元","CNY","1","元","8121542857.55","合并","","meichen_2019_original.pdf","annual_report_2019_original","183","183","[183]","2020-04-20","2021-04-30","true","disclosed","true","","（4）期末建造合同形成的已完工未结算资产情况


                                                                                                       单位：    元

                         项目                                                       金额

累计已发生成本                                                                                          8,121,542,857.55

累计已确认毛利                                                                                          2,922,484,828.68

           已办理结算的金额                                                                              5,733,079,928.65

建造合同形成的已完工未结算资产                                                                                  5,310,947,757.58","期末累计金额，不是2019年当期营业成本、毛利或收入。","{""period_basis"":""报告期末余额"",""allowed_for_model_input"":true,""quote_format"":""extracted_lines_with_header_pages""}"
"2019.financial.construction_margin_recognized_cumulative","financial","2019","instant","","2019-12-31","construction_margin_recognized_cumulative","期末建造合同累计已确认毛利","2922484828.68","","元","CNY","1","元","2922484828.68","合并","","meichen_2019_original.pdf","annual_report_2019_original","183","183","[183]","2020-04-20","2021-04-30","true","disclosed","true","","（4）期末建造合同形成的已完工未结算资产情况


                                                                                                       单位：    元

                         项目                                                       金额

累计已发生成本                                                                                          8,121,542,857.55

累计已确认毛利                                                                                          2,922,484,828.68

           已办理结算的金额                                                                              5,733,079,928.65

建造合同形成的已完工未结算资产                                                                                  5,310,947,757.58","期末累计金额，不是2019年当期营业成本、毛利或收入。","{""period_basis"":""报告期末余额"",""allowed_for_model_input"":true,""quote_format"":""extracted_lines_with_header_pages""}"
"2019.financial.construction_billings_cumulative","financial","2019","instant","","2019-12-31","construction_billings_cumulative","期末建造合同已办理结算的金额","5733079928.65","","元","CNY","1","元","5733079928.65","合并","","meichen_2019_original.pdf","annual_report_2019_original","183","183","[183]","2020-04-20","2021-04-30","true","disclosed","true","","（4）期末建造合同形成的已完工未结算资产情况


                                                                                                       单位：    元

                         项目                                                       金额

累计已发生成本                                                                                          8,121,542,857.55

累计已确认毛利                                                                                          2,922,484,828.68

           已办理结算的金额                                                                              5,733,079,928.65

建造合同形成的已完工未结算资产                                                                                  5,310,947,757.58","期末累计金额，不是2019年当期营业成本、毛利或收入。","{""period_basis"":""报告期末余额"",""allowed_for_model_input"":true,""quote_format"":""extracted_lines_with_header_pages""}"
"2019.financial.fixed_assets_allowance","financial","2019","instant","","2019-12-31","fixed_assets_allowance","固定资产减值准备","13669313.21","","元","CNY","1","元","13669313.21","合并","","meichen_2019_original.pdf","annual_report_2019_original","191","191","[190,191]","2020-04-20","2021-04-30","true","disclosed","true","","21、固定资产


                                                                                                                                      单位：       元

                     项目                                            期末余额                                            期初余额

固定资产                                                                           678,644,781.02                                   347,569,234.32

合计                                                                             678,644,781.02                                   347,569,234.32


（1）固定资产情况


                                                                                                                                      单位：       元

       项目              房屋及建筑物                 机器设备                 电子设备                 工具器具                 运输工具                   合计
三、减值准备

  1.期初余额                                 15,302,843.24         137,122.70         124,046.02           6,147.77     15,570,159.73

  2.本期增加金
额

           （1）计提



  3.本期减少金                                 1,893,504.90           7,341.62                                            1,900,846.52
额

           （1）处置或                         1,893,504.90           7,341.62                                            1,900,846.52
报废



  4.期末余额                                 13,409,338.34         129,781.08         124,046.02           6,147.77     13,669,313.21","固定资产附注三、减值准备第4行期末余额合计；合并口径、元，表头及单位在第190页。为准备存量，不是当期减值损失。","{""header_pages"":[190],""period_basis"":""报告期末余额"",""allowed_for_model_input"":true,""quote_format"":""extracted_lines_with_header_pages""}"
"2019.financial.landscape_revenue","financial","2019","duration","2019-01-01","2019-12-31","landscape_revenue","园林行业营业收入","","","元","CNY","1","元","","合并","","meichen_2019_original.pdf","annual_report_2019_original","17","17","[17,18]","2020-04-20","2021-04-30","true","needs_confirmation","false","同份原始年报17页与18页园林行业收入不一致；保留两项观察，尚未选定计算值。","2、收入与成本

（1）营业收入构成


营业收入整体情况
                                                                                                                        单位：元

                                       2019 年                                     2018 年
                                                                                                                 同比增减
                             金额              占营业收入比重                    金额              占营业收入比重
分行业
一、主营业务收入
园林                       1,825,612,950.34               61.79%      2,178,022,761.89               62.40%               -16.18%
一、主营业务收入","原表两处金额不一致，当前未选定统一计算值；见financial_observations两条及conflicting_record_ids。","{""period_basis"":""报告期全年发生额"",""allowed_for_model_input"":true,""quote_format"":""extracted_lines_with_header_pages"",""conflict_group"":""2019_landscape_revenue"",""conflicting_record_ids"":[""2019.financial_observation.landscape_revenue_income_composition"",""2019.financial_observation.landscape_revenue_material_business_table""]}"
"2020.financial.revenue","financial","2020","duration","2020-01-01","2020-12-31","revenue","营业收入","3065927169.95","","元","CNY","1","元","3065927169.95","合并","","meichen_2020_original.pdf","annual_report_2020_original","121","121","[121]","2021-04-20","2021-04-30","true","disclosed","true","","3、合并利润表


                                                                                                      单位：元

               项目                                2020 年度                              2019 年度

 一、营业总收入                                                3,065,927,169.95                      2,954,623,175.52

     其中：营业收入                                            3,065,927,169.95                      2,954,623,175.52

           利息收入

           已赚保费

           手续费及佣金收入

 二、营业总成本                                                2,953,834,183.58                      2,871,504,121.97

     其中：营业成本                                            2,252,281,327.58                      2,143,890,498.29

           利息支出

           手续费及佣金支出

           退保金","","{""quote_fragments"":[{""page"":121,""pdf_page"":121,""text"":""3、合并利润表\n\n\n                                                                                                      单位：元\n\n               项目                                2020 年度                              2019 年度\n\n 一、营业总收入                                                3,065,927,169.95                      2,954,623,175.52\n\n     其中：营业收入                                            3,065,927,169.95                      2,954,623,175.52\n\n           利息收入\n\n           已赚保费\n\n           手续费及佣金收入\n\n 二、营业总成本                                                2,953,834,183.58                      2,871,504,121.97\n\n     其中：营业成本                                            2,252,281,327.58                      2,143,890,498.29\n\n           利息支出\n\n           手续费及佣金支出\n\n           退保金""}],""period_basis"":""报告期全年发生额"",""allowed_for_model_input"":true,""quote_format"":""page_attributed_fragments""}"
"2020.financial.operating_cost","financial","2020","duration","2020-01-01","2020-12-31","operating_cost","营业成本","2252281327.58","","元","CNY","1","元","2252281327.58","合并","","meichen_2020_original.pdf","annual_report_2020_original","121","121","[121]","2021-04-20","2021-04-30","true","disclosed","true","","3、合并利润表


                                                                                                      单位：元

               项目                                2020 年度                              2019 年度

 一、营业总收入                                                3,065,927,169.95                      2,954,623,175.52

     其中：营业收入                                            3,065,927,169.95                      2,954,623,175.52

           利息收入

           已赚保费

           手续费及佣金收入

 二、营业总成本                                                2,953,834,183.58                      2,871,504,121.97

     其中：营业成本                                            2,252,281,327.58                      2,143,890,498.29

           利息支出

           手续费及佣金支出

           退保金","取营业成本，不取营业总成本。","{""quote_fragments"":[{""page"":121,""pdf_page"":121,""text"":""3、合并利润表\n\n\n                                                                                                      单位：元\n\n               项目                                2020 年度                              2019 年度\n\n 一、营业总收入                                                3,065,927,169.95                      2,954,623,175.52\n\n     其中：营业收入                                            3,065,927,169.95                      2,954,623,175.52\n\n           利息收入\n\n           已赚保费\n\n           手续费及佣金收入\n\n 二、营业总成本                                                2,953,834,183.58                      2,871,504,121.97\n\n     其中：营业成本                                            2,252,281,327.58                      2,143,890,498.29\n\n           利息支出\n\n           手续费及佣金支出\n\n           退保金""}],""period_basis"":""报告期全年发生额"",""allowed_for_model_input"":true,""quote_format"":""page_attributed_fragments""}"
"2020.financial.attributable_net_profit","financial","2020","duration","2020-01-01","2020-12-31","attributable_net_profit","归属于母公司股东的净利润","51802175.89","","元","CNY","1","元","51802175.89","合并","parent_shareholders","meichen_2020_original.pdf","annual_report_2020_original","123","123","[121,123]","2021-04-20","2021-04-30","true","disclosed","true","","3、合并利润表


                                                                                                      单位：元

               项目                                2020 年度                              2019 年度

五、净利润（净亏损以“－”号填列）                              26,673,672.70                  80,912,644.86

  （一）按经营持续性分类

    1.持续经营净利润（净亏损以                              26,673,672.70                  80,912,644.86
 “－”号填列）

    2.终止经营净利润（净亏损以
 “－”号填列）

  （二）按所有权归属分类

    1.归属于母公司股东的净利润                              51,802,175.89                  80,748,587.23

    2.少数股东损益                                    -25,128,503.19                   164,057.63","合并报表中归属于母公司股东的净利润；不使用母公司单体净利润。","{""quote_fragments"":[{""page"":121,""pdf_page"":121,""text"":""3、合并利润表\n\n\n                                                                                                      单位：元\n\n               项目                                2020 年度                              2019 年度""},{""page"":123,""pdf_page"":123,""text"":""五、净利润（净亏损以“－”号填列）                              26,673,672.70                  80,912,644.86\n\n  （一）按经营持续性分类\n\n    1.持续经营净利润（净亏损以                              26,673,672.70                  80,912,644.86\n “－”号填列）\n\n    2.终止经营净利润（净亏损以\n “－”号填列）\n\n  （二）按所有权归属分类\n\n    1.归属于母公司股东的净利润                              51,802,175.89                  80,748,587.23\n\n    2.少数股东损益                                    -25,128,503.19                   164,057.63""}],""period_basis"":""报告期全年发生额"",""allowed_for_model_input"":true,""quote_format"":""page_attributed_fragments""}"
"2020.financial.operating_cash_flow","financial","2020","duration","2020-01-01","2020-12-31","operating_cash_flow","经营活动产生的现金流量净额","-227378350.25","","元","CNY","1","元","-227378350.25","合并","","meichen_2020_original.pdf","annual_report_2020_original","127","127","[126,127]","2021-04-20","2021-04-30","true","disclosed","true","","5、合并现金流量表


                                                                             单位：元

           项目                       2020年度                       2019年度

经营活动现金流出小计                                     2,674,613,252.39                 2,675,192,274.65

 经营活动产生的现金流量净额                                   -227,378,350.25                   62,751,926.04","","{""quote_fragments"":[{""page"":126,""pdf_page"":126,""text"":""5、合并现金流量表\n\n\n                                                                             单位：元\n\n           项目                       2020年度                       2019年度""},{""page"":127,""pdf_page"":127,""text"":""经营活动现金流出小计                                     2,674,613,252.39                 2,675,192,274.65\n\n 经营活动产生的现金流量净额                                   -227,378,350.25                   62,751,926.04""}],""period_basis"":""报告期全年发生额"",""allowed_for_model_input"":true,""quote_format"":""page_attributed_fragments""}"
"2020.financial.accounts_receivable","financial","2020","instant","","2020-12-31","accounts_receivable","应收账款账面价值","1185732936.99","","元","CNY","1","元","1185732936.99","合并","","meichen_2020_original.pdf","annual_report_2020_original","116","116","[115,116]","2021-04-20","2021-04-30","true","disclosed","true","","1、合并资产负债表


编制单位：山东美晨生态环境股份有限公司

                            2020年12月31日
                                                              单位：元

项目                           2020 年 12 月 31 日                      2019年  12月  31日

 流动资产：

     货币资金                                              1,023,650,322.36                     1,150,534,019.36

     结算备付金

     拆出资金

     交易性金融资产                                              1,714,049.92

     衍生金融资产

     应收票据                                                57,941,821.09                         11,655,550.56

     应收账款                                              1,185,732,936.99                     1,150,992,039.02

     应收款项融资                                             243,601,934.52                        134,529,791.33

     预付款项                                                29,118,265.38                         13,252,863.32

     应收保费

     应收分保账款

     应收分保合同准备金

     其他应收款                                              158,225,835.80                        261,595,678.89

       其中：应收利息                                            8,460,472.62                          1,639,684.91

             应收股利

     买入返售金融资产

     存货                                                 379,618,363.18                      5,645,688,847.04

     合同资产                                              5,646,628,149.81

     持有待售资产

     一年内到期的","流动资产中的净额；附注第171页期末账面价值相同。","{""quote_fragments"":[{""page"":115,""pdf_page"":115,""text"":""1、合并资产负债表\n\n\n编制单位：山东美晨生态环境股份有限公司\n\n                            2020年12月31日\n                                                              单位：元""},{""page"":116,""pdf_page"":116,""text"":""项目                           2020 年 12 月 31 日                      2019年  12月  31日\n\n 流动资产：\n\n     货币资金                                              1,023,650,322.36                     1,150,534,019.36\n\n     结算备付金\n\n     拆出资金\n\n     交易性金融资产                                              1,714,049.92\n\n     衍生金融资产\n\n     应收票据                                                57,941,821.09                         11,655,550.56\n\n     应收账款                                              1,185,732,936.99                     1,150,992,039.02\n\n     应收款项融资                                             243,601,934.52                        134,529,791.33\n\n     预付款项                                                29,118,265.38                         13,252,863.32\n\n     应收保费\n\n     应收分保账款\n\n     应收分保合同准备金\n\n     其他应收款                                              158,225,835.80                        261,595,678.89\n\n       其中：应收利息                                            8,460,472.62                          1,639,684.91\n\n             应收股利\n\n     买入返售金融资产\n\n     存货                                                 379,618,363.18                      5,645,688,847.04\n\n     合同资产                                              5,646,628,149.81\n\n     持有待售资产\n\n     一年内到期的""}],""measurement_basis"":""net"",""period_basis"":""报告期末余额"",""allowed_for_model_input"":true,""quote_format"":""page_attributed_fragments""}"
"2020.financial.total_assets","financial","2020","instant","","2020-12-31","total_assets","资产总计","11124972579.91","","元","CNY","1","元","11124972579.91","合并","","meichen_2020_original.pdf","annual_report_2020_original","117","117","[115,116,117]","2021-04-20","2021-04-30","true","disclosed","true","","1、合并资产负债表


编制单位：山东美晨生态环境股份有限公司

                            2020年12月31日
                                                              单位：元

项目                           2020 年 12 月 31 日                      2019年  12月  31日

非流动资产合计                                               2,135,857,504.20                      1,933,344,918.87

 资产总计                                                 11,124,972,579.91                     10,573,378,680.24","","{""quote_fragments"":[{""page"":115,""pdf_page"":115,""text"":""1、合并资产负债表\n\n\n编制单位：山东美晨生态环境股份有限公司\n\n                            2020年12月31日\n                                                              单位：元""},{""page"":116,""pdf_page"":116,""text"":""项目                           2020 年 12 月 31 日                      2019年  12月  31日""},{""page"":117,""pdf_page"":117,""text"":""非流动资产合计                                               2,135,857,504.20                      1,933,344,918.87\n\n 资产总计                                                 11,124,972,579.91                     10,573,378,680.24""}],""period_basis"":""报告期末余额"",""allowed_for_model_input"":true,""quote_format"":""page_attributed_fragments""}"
"2020.financial.accounts_receivable_gross","financial","2020","instant","","2020-12-31","accounts_receivable_gross","应收账款账面余额","1366424141.16","","元","CNY","1","元","1366424141.16","合并","","meichen_2020_original.pdf","annual_report_2020_original","171","171","[171]","2021-04-20","2021-04-30","true","disclosed","true","","5、应收账款

（1）应收账款分类披露


                                                                                               单位：元

                                  期末余额                                      期初余额

      类别             账面余额             坏账准备                     账面余额            坏账准备
                                                   账面价                                        账面价
                   金额      比例      金额      计提比       值      金额       比例      金额      计提比        值
                                             例                                         例

 按单项计提坏账          13,610,  1.00%   13,610, 100.00    0.00  18,274,   1.43%  12,941,  63.66%   5,333,03
 准备的应收账款           663.50          663.50      %            611.89           581.53              0.36

 其中：

 单项计提预期信          13,610,          13,610, 100.00          18,274,          12,941,           5,333,03
 用损失的应收账           663.50  1.00%   663.50      %     0.00   611.89   1.43%   581.53  70.82%      0.36
 款

 按组合计提坏账          1,352,8   99.00  167,08   12.35  1,185,7 1,259,8           135,57           1,124,26
 准备的应收账款          13,477.      %   0,540.6     %   32,936. 44,141.  98.57%  5,745.8  10.76%   8,395.90
                      66               7               99      75                5

 其中：

 按信用风险特征          1,352,8   99.00  167,08   12.35  1,185,7 1,259,8           135,57           1,124,26
 组合计提坏账准          13,477.      %   0,540.6     %   32,936. 44,141.  98.57%  5,745.8  10.76%   8,395.90
 备的应收账款               66               7               99      75                5

                  1,366,4  100.00  180,69   13.22  1,185,7 1,278,1  100.00   148,51           1,129,60
 合计               24,141.      %   1,204.1     %   32,936. 18,753.      %   7,327.3  11.62%   1,426.26
                      16               7               99      64                8","","{""quote_fragments"":[{""page"":171,""pdf_page"":171,""text"":""5、应收账款\n\n（1）应收账款分类披露\n\n\n                                                                                               单位：元\n\n                                  期末余额                                      期初余额\n\n      类别             账面余额             坏账准备                     账面余额            坏账准备\n                                                   账面价                                        账面价\n                   金额      比例      金额      计提比       值      金额       比例      金额      计提比        值\n                                             例                                         例\n\n 按单项计提坏账          13,610,  1.00%   13,610, 100.00    0.00  18,274,   1.43%  12,941,  63.66%   5,333,03\n 准备的应收账款           663.50          663.50      %            611.89           581.53              0.36\n\n 其中：\n\n 单项计提预期信          13,610,          13,610, 100.00          18,274,          12,941,           5,333,03\n 用损失的应收账           663.50  1.00%   663.50      %     0.00   611.89   1.43%   581.53  70.82%      0.36\n 款\n\n 按组合计提坏账          1,352,8   99.00  167,08   12.35  1,185,7 1,259,8           135,57           1,124,26\n 准备的应收账款          13,477.      %   0,540.6     %   32,936. 44,141.  98.57%  5,745.8  10.76%   8,395.90\n                      66               7               99      75                5\n\n 其中：\n\n 按信用风险特征          1,352,8   99.00  167,08   12.35  1,185,7 1,259,8           135,57           1,124,26\n 组合计提坏账准          13,477.      %   0,540.6     %   32,936. 44,141.  98.57%  5,745.8  10.76%   8,395.90\n 备的应收账款               66               7               99      75                5\n\n                  1,366,4  100.00  180,69   13.22  1,185,7 1,278,1  100.00   148,51           1,129,60\n 合计               24,141.      %   1,204.1     %   32,936. 18,753.      %   7,327.3  11.62%   1,426.26\n                      16               7               99      64                8""}],""measurement_basis"":""gross"",""period_basis"":""报告期末余额"",""allowed_for_model_input"":true,""quote_format"":""page_attributed_fragments""}"
"2020.financial.accounts_receivable_allowance","financial","2020","instant","","2020-12-31","accounts_receivable_allowance","应收账款坏账准备","180691204.17","","元","CNY","1","元","180691204.17","合并","","meichen_2020_original.pdf","annual_report_2020_original","171","171","[171]","2021-04-20","2021-04-30","true","disclosed","true","","5、应收账款

（1）应收账款分类披露


                                                                                               单位：元

                                  期末余额                                      期初余额

      类别             账面余额             坏账准备                     账面余额            坏账准备
                                                   账面价                                        账面价
                   金额      比例      金额      计提比       值      金额       比例      金额      计提比        值
                                             例                                         例

 按单项计提坏账          13,610,  1.00%   13,610, 100.00    0.00  18,274,   1.43%  12,941,  63.66%   5,333,03
 准备的应收账款           663.50          663.50      %            611.89           581.53              0.36

 其中：

 单项计提预期信          13,610,          13,610, 100.00          18,274,          12,941,           5,333,03
 用损失的应收账           663.50  1.00%   663.50      %     0.00   611.89   1.43%   581.53  70.82%      0.36
 款

 按组合计提坏账          1,352,8   99.00  167,08   12.35  1,185,7 1,259,8           135,57           1,124,26
 准备的应收账款          13,477.      %   0,540.6     %   32,936. 44,141.  98.57%  5,745.8  10.76%   8,395.90
                      66               7               99      75                5

 其中：

 按信用风险特征          1,352,8   99.00  167,08   12.35  1,185,7 1,259,8           135,57           1,124,26
 组合计提坏账准          13,477.      %   0,540.6     %   32,936. 44,141.  98.57%  5,745.8  10.76%   8,395.90
 备的应收账款               66               7               99      75                5

                  1,366,4  100.00  180,69   13.22  1,185,7 1,278,1  100.00   148,51           1,129,60
 合计               24,141.      %   1,204.1     %   32,936. 18,753.      %   7,327.3  11.62%   1,426.26
                      16               7               99      64                8","","{""quote_fragments"":[{""page"":171,""pdf_page"":171,""text"":""5、应收账款\n\n（1）应收账款分类披露\n\n\n                                                                                               单位：元\n\n                                  期末余额                                      期初余额\n\n      类别             账面余额             坏账准备                     账面余额            坏账准备\n                                                   账面价                                        账面价\n                   金额      比例      金额      计提比       值      金额       比例      金额      计提比        值\n                                             例                                         例\n\n 按单项计提坏账          13,610,  1.00%   13,610, 100.00    0.00  18,274,   1.43%  12,941,  63.66%   5,333,03\n 准备的应收账款           663.50          663.50      %            611.89           581.53              0.36\n\n 其中：\n\n 单项计提预期信          13,610,          13,610, 100.00          18,274,          12,941,           5,333,03\n 用损失的应收账           663.50  1.00%   663.50      %     0.00   611.89   1.43%   581.53  70.82%      0.36\n 款\n\n 按组合计提坏账          1,352,8   99.00  167,08   12.35  1,185,7 1,259,8           135,57           1,124,26\n 准备的应收账款          13,477.      %   0,540.6     %   32,936. 44,141.  98.57%  5,745.8  10.76%   8,395.90\n                      66               7               99      75                5\n\n 其中：\n\n 按信用风险特征          1,352,8   99.00  167,08   12.35  1,185,7 1,259,8           135,57           1,124,26\n 组合计提坏账准          13,477.      %   0,540.6     %   32,936. 44,141.  98.57%  5,745.8  10.76%   8,395.90\n 备的应收账款               66               7               99      75                5\n\n                  1,366,4  100.00  180,69   13.22  1,185,7 1,278,1  100.00   148,51           1,129,60\n 合计               24,141.      %   1,204.1     %   32,936. 18,753.      %   7,327.3  11.62%   1,426.26\n                      16               7               99      64                8""}],""measurement_basis"":""allowance"",""period_basis"":""报告期末余额"",""allowed_for_model_input"":true,""quote_format"":""page_attributed_fragments""}"
"2020.financial.accounts_receivable_individual_allowance","financial","2020","instant","","2020-12-31","accounts_receivable_individual_allowance","应收账款单项计提坏账准备","13610663.50","","元","CNY","1","元","13610663.50","合并","","meichen_2020_original.pdf","annual_report_2020_original","171","171","[171]","2021-04-20","2021-04-30","true","disclosed","true","","5、应收账款

（1）应收账款分类披露


                                                                                               单位：元

                                  期末余额                                      期初余额

      类别             账面余额             坏账准备                     账面余额            坏账准备
                                                   账面价                                        账面价
                   金额      比例      金额      计提比       值      金额       比例      金额      计提比        值
                                             例                                         例

 按单项计提坏账          13,610,  1.00%   13,610, 100.00    0.00  18,274,   1.43%  12,941,  63.66%   5,333,03
 准备的应收账款           663.50          663.50      %            611.89           581.53              0.36

 其中：

 单项计提预期信          13,610,          13,610, 100.00          18,274,          12,941,           5,333,03
 用损失的应收账           663.50  1.00%   663.50      %     0.00   611.89   1.43%   581.53  70.82%      0.36
 款

 按组合计提坏账          1,352,8   99.00  167,08   12.35  1,185,7 1,259,8           135,57           1,124,26
 准备的应收账款          13,477.      %   0,540.6     %   32,936. 44,141.  98.57%  5,745.8  10.76%   8,395.90
                      66               7               99      75                5

 其中：

 按信用风险特征          1,352,8   99.00  167,08   12.35  1,185,7 1,259,8           135,57           1,124,26
 组合计提坏账准          13,477.      %   0,540.6     %   32,936. 44,141.  98.57%  5,745.8  10.76%   8,395.90
 备的应收账款               66               7               99      75                5

                  1,366,4  100.00  180,69   13.22  1,185,7 1,278,1  100.00   148,51           1,129,60
 合计               24,141.      %   1,204.1     %   32,936. 18,753.      %   7,327.3  11.62%   1,426.26
                      16               7               99      64                8","","{""quote_fragments"":[{""page"":171,""pdf_page"":171,""text"":""5、应收账款\n\n（1）应收账款分类披露\n\n\n                                                                                               单位：元\n\n                                  期末余额                                      期初余额\n\n      类别             账面余额             坏账准备                     账面余额            坏账准备\n                                                   账面价                                        账面价\n                   金额      比例      金额      计提比       值      金额       比例      金额      计提比        值\n                                             例                                         例\n\n 按单项计提坏账          13,610,  1.00%   13,610, 100.00    0.00  18,274,   1.43%  12,941,  63.66%   5,333,03\n 准备的应收账款           663.50          663.50      %            611.89           581.53              0.36\n\n 其中：\n\n 单项计提预期信          13,610,          13,610, 100.00          18,274,          12,941,           5,333,03\n 用损失的应收账           663.50  1.00%   663.50      %     0.00   611.89   1.43%   581.53  70.82%      0.36\n 款\n\n 按组合计提坏账          1,352,8   99.00  167,08   12.35  1,185,7 1,259,8           135,57           1,124,26\n 准备的应收账款          13,477.      %   0,540.6     %   32,936. 44,141.  98.57%  5,745.8  10.76%   8,395.90\n                      66               7               99      75                5\n\n 其中：\n\n 按信用风险特征          1,352,8   99.00  167,08   12.35  1,185,7 1,259,8           135,57           1,124,26\n 组合计提坏账准          13,477.      %   0,540.6     %   32,936. 44,141.  98.57%  5,745.8  10.76%   8,395.90\n 备的应收账款               66               7               99      75                5\n\n                  1,366,4  100.00  180,69   13.22  1,185,7 1,278,1  100.00   148,51           1,129,60\n 合计               24,141.      %   1,204.1     %   32,936. 18,753.      %   7,327.3  11.62%   1,426.26\n                      16               7               99      64                8""}],""period_basis"":""报告期末余额"",""allowed_for_model_input"":true,""quote_format"":""page_attributed_fragments""}"
"2020.financial.accounts_receivable_portfolio_allowance","financial","2020","instant","","2020-12-31","accounts_receivable_portfolio_allowance","应收账款组合计提坏账准备","167080540.67","","元","CNY","1","元","167080540.67","合并","","meichen_2020_original.pdf","annual_report_2020_original","171","171","[171]","2021-04-20","2021-04-30","true","disclosed","true","","5、应收账款

（1）应收账款分类披露


                                                                                               单位：元

                                  期末余额                                      期初余额

      类别             账面余额             坏账准备                     账面余额            坏账准备
                                                   账面价                                        账面价
                   金额      比例      金额      计提比       值      金额       比例      金额      计提比        值
                                             例                                         例

 按单项计提坏账          13,610,  1.00%   13,610, 100.00    0.00  18,274,   1.43%  12,941,  63.66%   5,333,03
 准备的应收账款           663.50          663.50      %            611.89           581.53              0.36

 其中：

 单项计提预期信          13,610,          13,610, 100.00          18,274,          12,941,           5,333,03
 用损失的应收账           663.50  1.00%   663.50      %     0.00   611.89   1.43%   581.53  70.82%      0.36
 款

 按组合计提坏账          1,352,8   99.00  167,08   12.35  1,185,7 1,259,8           135,57           1,124,26
 准备的应收账款          13,477.      %   0,540.6     %   32,936. 44,141.  98.57%  5,745.8  10.76%   8,395.90
                      66               7               99      75                5

 其中：

 按信用风险特征          1,352,8   99.00  167,08   12.35  1,185,7 1,259,8           135,57           1,124,26
 组合计提坏账准          13,477.      %   0,540.6     %   32,936. 44,141.  98.57%  5,745.8  10.76%   8,395.90
 备的应收账款               66               7               99      75                5

                  1,366,4  100.00  180,69   13.22  1,185,7 1,278,1  100.00   148,51           1,129,60
 合计               24,141.      %   1,204.1     %   32,936. 18,753.      %   7,327.3  11.62%   1,426.26
                      16               7               99      64                8","","{""quote_fragments"":[{""page"":171,""pdf_page"":171,""text"":""5、应收账款\n\n（1）应收账款分类披露\n\n\n                                                                                               单位：元\n\n                                  期末余额                                      期初余额\n\n      类别             账面余额             坏账准备                     账面余额            坏账准备\n                                                   账面价                                        账面价\n                   金额      比例      金额      计提比       值      金额       比例      金额      计提比        值\n                                             例                                         例\n\n 按单项计提坏账          13,610,  1.00%   13,610, 100.00    0.00  18,274,   1.43%  12,941,  63.66%   5,333,03\n 准备的应收账款           663.50          663.50      %            611.89           581.53              0.36\n\n 其中：\n\n 单项计提预期信          13,610,          13,610, 100.00          18,274,          12,941,           5,333,03\n 用损失的应收账           663.50  1.00%   663.50      %     0.00   611.89   1.43%   581.53  70.82%      0.36\n 款\n\n 按组合计提坏账          1,352,8   99.00  167,08   12.35  1,185,7 1,259,8           135,57           1,124,26\n 准备的应收账款          13,477.      %   0,540.6     %   32,936. 44,141.  98.57%  5,745.8  10.76%   8,395.90\n                      66               7               99      75                5\n\n 其中：\n\n 按信用风险特征          1,352,8   99.00  167,08   12.35  1,185,7 1,259,8           135,57           1,124,26\n 组合计提坏账准          13,477.      %   0,540.6     %   32,936. 44,141.  98.57%  5,745.8  10.76%   8,395.90\n 备的应收账款               66               7               99      75                5\n\n                  1,366,4  100.00  180,69   13.22  1,185,7 1,278,1  100.00   148,51           1,129,60\n 合计               24,141.      %   1,204.1     %   32,936. 18,753.      %   7,327.3  11.62%   1,426.26\n                      16               7               99      64                8""}],""period_basis"":""报告期末余额"",""allowed_for_model_input"":true,""quote_format"":""page_attributed_fragments""}"
"2020.financial.accounts_receivable_allowance_provision","financial","2020","duration","2020-01-01","2020-12-31","accounts_receivable_allowance_provision","应收账款坏账准备本期计提","32179849.56","","元","CNY","1","元","32179849.56","合并","","meichen_2020_original.pdf","annual_report_2020_original","173","173","[173]","2021-04-20","2021-04-30","true","disclosed","true","","（2）本期计提、收回或转回的坏账准备情况


本期计提坏账准备情况：

                                                                               单位：元

                                           本期变动金额
    类别        期初余额                                                         期末余额
                            计提        收回或转回         核销           其他

坏账准备         148,517,327.3832,179,849.56              5,972.77           180,691,204.17

合计           148,517,327.3832,179,849.56              5,972.77           180,691,204.17","","{""quote_fragments"":[{""page"":173,""pdf_page"":173,""text"":""（2）本期计提、收回或转回的坏账准备情况\n\n\n本期计提坏账准备情况：\n\n                                                                               单位：元\n\n                                           本期变动金额\n    类别        期初余额                                                         期末余额\n                            计提        收回或转回         核销           其他\n\n坏账准备         148,517,327.3832,179,849.56              5,972.77           180,691,204.17\n\n合计           148,517,327.3832,179,849.56              5,972.77           180,691,204.17""}],""period_basis"":""报告期全年发生额"",""allowed_for_model_input"":true,""quote_format"":""page_attributed_fragments""}"
"2020.financial.accounts_receivable_allowance_writeoff","financial","2020","duration","2020-01-01","2020-12-31","accounts_receivable_allowance_writeoff","应收账款坏账准备本期核销","5972.77","","元","CNY","1","元","5972.77","合并","","meichen_2020_original.pdf","annual_report_2020_original","173","173","[173]","2021-04-20","2021-04-30","true","disclosed","true","","（2）本期计提、收回或转回的坏账准备情况


本期计提坏账准备情况：

                                                                               单位：元

                                           本期变动金额
    类别        期初余额                                                         期末余额
                            计提        收回或转回         核销           其他

坏账准备         148,517,327.3832,179,849.56              5,972.77           180,691,204.17

合计           148,517,327.3832,179,849.56              5,972.77           180,691,204.17","","{""quote_fragments"":[{""page"":173,""pdf_page"":173,""text"":""（2）本期计提、收回或转回的坏账准备情况\n\n\n本期计提坏账准备情况：\n\n                                                                               单位：元\n\n                                           本期变动金额\n    类别        期初余额                                                         期末余额\n                            计提        收回或转回         核销           其他\n\n坏账准备         148,517,327.3832,179,849.56              5,972.77           180,691,204.17\n\n合计           148,517,327.3832,179,849.56              5,972.77           180,691,204.17""}],""period_basis"":""报告期全年发生额"",""allowed_for_model_input"":true,""quote_format"":""page_attributed_fragments""}"
"2020.financial.contract_assets","financial","2020","instant","","2020-12-31","contract_assets","合同资产账面价值（流动）","5646628149.81","","元","CNY","1","元","5646628149.81","合并","","meichen_2020_original.pdf","annual_report_2020_original","180","180","[179,180]","2021-04-20","2021-04-30","true","disclosed","true","","10、合同资产


                                                                                                    单位：元

                                         期末余额                                      期初余额
          项目
                          账面余额           减值准备          账面价值         账面余额          减值准备          账面价值

 合同质保金                   31,790,397.1   6,033,027.21  25,757,369.9 18,541,475.7  2,878,152.09  15,663,323.64
                                   5                            4            3

PPP项目                2,306,732,64 115,336,632.42,191,396,011,753,556,1287,677,806.41,665,878,321.
                            8.37            2         5.95       7.94           0           54

 非 PPP项目              3,810,527,51 381,052,751.53,429,474,763,557,391,62355,739,162.3,201,652,466.
                            5.46            4         3.92       9.60          96           64

 合计                   6,149,050,56 502,422,411.15,646,628,145,329,489,23446,295,121.4,883,194,111.
                            0.98            7         9.81       3.27          45           82","附注合同资产合计与合并资产负债表流动资产中的合同资产净额一致；不能与2019年存货项目不加说明直接拼接。","{""quote_fragments"":[{""page"":179,""pdf_page"":179,""text"":""10、合同资产\n\n\n                                                                                                    单位：元\n\n                                         期末余额                                      期初余额\n          项目\n                          账面余额           减值准备          账面价值         账面余额          减值准备          账面价值\n\n 合同质保金                   31,790,397.1   6,033,027.21  25,757,369.9 18,541,475.7  2,878,152.09  15,663,323.64\n                                   5                            4            3""},{""page"":180,""pdf_page"":180,""text"":""PPP项目                2,306,732,64 115,336,632.42,191,396,011,753,556,1287,677,806.41,665,878,321.\n                            8.37            2         5.95       7.94           0           54\n\n 非 PPP项目              3,810,527,51 381,052,751.53,429,474,763,557,391,62355,739,162.3,201,652,466.\n                            5.46            4         3.92       9.60          96           64\n\n 合计                   6,149,050,56 502,422,411.15,646,628,145,329,489,23446,295,121.4,883,194,111.\n                            0.98            7         9.81       3.27          45           82""}],""classification"":""current"",""measurement_basis"":""net"",""period_basis"":""报告期末余额"",""allowed_for_model_input"":true,""quote_format"":""page_attributed_fragments""}"
"2020.financial.contract_assets_gross","financial","2020","instant","","2020-12-31","contract_assets_gross","合同资产账面余额（流动）","6149050560.98","","元","CNY","1","元","6149050560.98","合并","","meichen_2020_original.pdf","annual_report_2020_original","180","180","[179,180]","2021-04-20","2021-04-30","true","disclosed","true","","10、合同资产


                                                                                                    单位：元

                                         期末余额                                      期初余额
          项目
                          账面余额           减值准备          账面价值         账面余额          减值准备          账面价值

 合同质保金                   31,790,397.1   6,033,027.21  25,757,369.9 18,541,475.7  2,878,152.09  15,663,323.64
                                   5                            4            3

PPP项目                2,306,732,64 115,336,632.42,191,396,011,753,556,1287,677,806.41,665,878,321.
                            8.37            2         5.95       7.94           0           54

 非 PPP项目              3,810,527,51 381,052,751.53,429,474,763,557,391,62355,739,162.3,201,652,466.
                            5.46            4         3.92       9.60          96           64

 合计                   6,149,050,56 502,422,411.15,646,628,145,329,489,23446,295,121.4,883,194,111.
                            0.98            7         9.81       3.27          45           82","附注合同资产合计与合并资产负债表流动资产中的合同资产净额一致；不能与2019年存货项目不加说明直接拼接。","{""quote_fragments"":[{""page"":179,""pdf_page"":179,""text"":""10、合同资产\n\n\n                                                                                                    单位：元\n\n                                         期末余额                                      期初余额\n          项目\n                          账面余额           减值准备          账面价值         账面余额          减值准备          账面价值\n\n 合同质保金                   31,790,397.1   6,033,027.21  25,757,369.9 18,541,475.7  2,878,152.09  15,663,323.64\n                                   5                            4            3""},{""page"":180,""pdf_page"":180,""text"":""PPP项目                2,306,732,64 115,336,632.42,191,396,011,753,556,1287,677,806.41,665,878,321.\n                            8.37            2         5.95       7.94           0           54\n\n 非 PPP项目              3,810,527,51 381,052,751.53,429,474,763,557,391,62355,739,162.3,201,652,466.\n                            5.46            4         3.92       9.60          96           64\n\n 合计                   6,149,050,56 502,422,411.15,646,628,145,329,489,23446,295,121.4,883,194,111.\n                            0.98            7         9.81       3.27          45           82""}],""classification"":""current"",""measurement_basis"":""gross"",""period_basis"":""报告期末余额"",""allowed_for_model_input"":true,""quote_format"":""page_attributed_fragments""}"
"2020.financial.contract_assets_allowance","financial","2020","instant","","2020-12-31","contract_assets_allowance","合同资产减值准备（流动）","502422411.17","","元","CNY","1","元","502422411.17","合并","","meichen_2020_original.pdf","annual_report_2020_original","180","180","[179,180]","2021-04-20","2021-04-30","true","disclosed","true","","10、合同资产


                                                                                                    单位：元

                                         期末余额                                      期初余额
          项目
                          账面余额           减值准备          账面价值         账面余额          减值准备          账面价值

 合同质保金                   31,790,397.1   6,033,027.21  25,757,369.9 18,541,475.7  2,878,152.09  15,663,323.64
                                   5                            4            3

PPP项目                2,306,732,64 115,336,632.42,191,396,011,753,556,1287,677,806.41,665,878,321.
                            8.37            2         5.95       7.94           0           54

 非 PPP项目              3,810,527,51 381,052,751.53,429,474,763,557,391,62355,739,162.3,201,652,466.
                            5.46            4         3.92       9.60          96           64

 合计                   6,149,050,56 502,422,411.15,646,628,145,329,489,23446,295,121.4,883,194,111.
                            0.98            7         9.81       3.27          45           82","附注合同资产合计与合并资产负债表流动资产中的合同资产净额一致；不能与2019年存货项目不加说明直接拼接。","{""quote_fragments"":[{""page"":179,""pdf_page"":179,""text"":""10、合同资产\n\n\n                                                                                                    单位：元\n\n                                         期末余额                                      期初余额\n          项目\n                          账面余额           减值准备          账面价值         账面余额          减值准备          账面价值\n\n 合同质保金                   31,790,397.1   6,033,027.21  25,757,369.9 18,541,475.7  2,878,152.09  15,663,323.64\n                                   5                            4            3""},{""page"":180,""pdf_page"":180,""text"":""PPP项目                2,306,732,64 115,336,632.42,191,396,011,753,556,1287,677,806.41,665,878,321.\n                            8.37            2         5.95       7.94           0           54\n\n 非 PPP项目              3,810,527,51 381,052,751.53,429,474,763,557,391,62355,739,162.3,201,652,466.\n                            5.46            4         3.92       9.60          96           64\n\n 合计                   6,149,050,56 502,422,411.15,646,628,145,329,489,23446,295,121.4,883,194,111.\n                            0.98            7         9.81       3.27          45           82""}],""classification"":""current"",""measurement_basis"":""allowance"",""period_basis"":""报告期末余额"",""allowed_for_model_input"":true,""quote_format"":""page_attributed_fragments""}"
"2020.financial.contract_assets_retention_gross","financial","2020","instant","","2020-12-31","contract_assets_retention_gross","合同资产—合同质保金账面余额","31790397.15","","元","CNY","1","元","31790397.15","合并","","meichen_2020_original.pdf","annual_report_2020_original","179","179","[179,180]","2021-04-20","2021-04-30","true","disclosed","true","","10、合同资产


                                                                                                    单位：元

                                         期末余额                                      期初余额
          项目
                          账面余额           减值准备          账面价值         账面余额          减值准备          账面价值

 合同质保金                   31,790,397.1   6,033,027.21  25,757,369.9 18,541,475.7  2,878,152.09  15,663,323.64
                                   5                            4            3

PPP项目                2,306,732,64 115,336,632.42,191,396,011,753,556,1287,677,806.41,665,878,321.
                            8.37            2         5.95       7.94           0           54

 非 PPP项目              3,810,527,51 381,052,751.53,429,474,763,557,391,62355,739,162.3,201,652,466.
                            5.46            4         3.92       9.60          96           64

 合计                   6,149,050,56 502,422,411.15,646,628,145,329,489,23446,295,121.4,883,194,111.
                            0.98            7         9.81       3.27          45           82","合同资产明细，不与合计重复加总。","{""quote_fragments"":[{""page"":179,""pdf_page"":179,""text"":""10、合同资产\n\n\n                                                                                                    单位：元\n\n                                         期末余额                                      期初余额\n          项目\n                          账面余额           减值准备          账面价值         账面余额          减值准备          账面价值\n\n 合同质保金                   31,790,397.1   6,033,027.21  25,757,369.9 18,541,475.7  2,878,152.09  15,663,323.64\n                                   5                            4            3""},{""page"":180,""pdf_page"":180,""text"":""PPP项目                2,306,732,64 115,336,632.42,191,396,011,753,556,1287,677,806.41,665,878,321.\n                            8.37            2         5.95       7.94           0           54\n\n 非 PPP项目              3,810,527,51 381,052,751.53,429,474,763,557,391,62355,739,162.3,201,652,466.\n                            5.46            4         3.92       9.60          96           64\n\n 合计                   6,149,050,56 502,422,411.15,646,628,145,329,489,23446,295,121.4,883,194,111.\n                            0.98            7         9.81       3.27          45           82""}],""classification"":""current"",""measurement_basis"":""gross"",""period_basis"":""报告期末余额"",""allowed_for_model_input"":true,""quote_format"":""page_attributed_fragments""}"
"2020.financial.contract_assets_retention_allowance","financial","2020","instant","","2020-12-31","contract_assets_retention_allowance","合同资产—合同质保金减值准备","6033027.21","","元","CNY","1","元","6033027.21","合并","","meichen_2020_original.pdf","annual_report_2020_original","179","179","[179,180]","2021-04-20","2021-04-30","true","disclosed","true","","10、合同资产


                                                                                                    单位：元

                                         期末余额                                      期初余额
          项目
                          账面余额           减值准备          账面价值         账面余额          减值准备          账面价值

 合同质保金                   31,790,397.1   6,033,027.21  25,757,369.9 18,541,475.7  2,878,152.09  15,663,323.64
                                   5                            4            3

PPP项目                2,306,732,64 115,336,632.42,191,396,011,753,556,1287,677,806.41,665,878,321.
                            8.37            2         5.95       7.94           0           54

 非 PPP项目              3,810,527,51 381,052,751.53,429,474,763,557,391,62355,739,162.3,201,652,466.
                            5.46            4         3.92       9.60          96           64

 合计                   6,149,050,56 502,422,411.15,646,628,145,329,489,23446,295,121.4,883,194,111.
                            0.98            7         9.81       3.27          45           82","合同资产明细，不与合计重复加总。","{""quote_fragments"":[{""page"":179,""pdf_page"":179,""text"":""10、合同资产\n\n\n                                                                                                    单位：元\n\n                                         期末余额                                      期初余额\n          项目\n                          账面余额           减值准备          账面价值         账面余额          减值准备          账面价值\n\n 合同质保金                   31,790,397.1   6,033,027.21  25,757,369.9 18,541,475.7  2,878,152.09  15,663,323.64\n                                   5                            4            3""},{""page"":180,""pdf_page"":180,""text"":""PPP项目                2,306,732,64 115,336,632.42,191,396,011,753,556,1287,677,806.41,665,878,321.\n                            8.37            2         5.95       7.94           0           54\n\n 非 PPP项目              3,810,527,51 381,052,751.53,429,474,763,557,391,62355,739,162.3,201,652,466.\n                            5.46            4         3.92       9.60          96           64\n\n 合计                   6,149,050,56 502,422,411.15,646,628,145,329,489,23446,295,121.4,883,194,111.\n                            0.98            7         9.81       3.27          45           82""}],""classification"":""current"",""measurement_basis"":""allowance"",""period_basis"":""报告期末余额"",""allowed_for_model_input"":true,""quote_format"":""page_attributed_fragments""}"
"2020.financial.contract_assets_retention_net","financial","2020","instant","","2020-12-31","contract_assets_retention_net","合同资产—合同质保金账面价值","25757369.94","","元","CNY","1","元","25757369.94","合并","","meichen_2020_original.pdf","annual_report_2020_original","179","179","[179,180]","2021-04-20","2021-04-30","true","disclosed","true","","10、合同资产


                                                                                                    单位：元

                                         期末余额                                      期初余额
          项目
                          账面余额           减值准备          账面价值         账面余额          减值准备          账面价值

 合同质保金                   31,790,397.1   6,033,027.21  25,757,369.9 18,541,475.7  2,878,152.09  15,663,323.64
                                   5                            4            3

PPP项目                2,306,732,64 115,336,632.42,191,396,011,753,556,1287,677,806.41,665,878,321.
                            8.37            2         5.95       7.94           0           54

 非 PPP项目              3,810,527,51 381,052,751.53,429,474,763,557,391,62355,739,162.3,201,652,466.
                            5.46            4         3.92       9.60          96           64

 合计                   6,149,050,56 502,422,411.15,646,628,145,329,489,23446,295,121.4,883,194,111.
                            0.98            7         9.81       3.27          45           82","合同资产明细，不与合计重复加总。","{""quote_fragments"":[{""page"":179,""pdf_page"":179,""text"":""10、合同资产\n\n\n                                                                                                    单位：元\n\n                                         期末余额                                      期初余额\n          项目\n                          账面余额           减值准备          账面价值         账面余额          减值准备          账面价值\n\n 合同质保金                   31,790,397.1   6,033,027.21  25,757,369.9 18,541,475.7  2,878,152.09  15,663,323.64\n                                   5                            4            3""},{""page"":180,""pdf_page"":180,""text"":""PPP项目                2,306,732,64 115,336,632.42,191,396,011,753,556,1287,677,806.41,665,878,321.\n                            8.37            2         5.95       7.94           0           54\n\n 非 PPP项目              3,810,527,51 381,052,751.53,429,474,763,557,391,62355,739,162.3,201,652,466.\n                            5.46            4         3.92       9.60          96           64\n\n 合计                   6,149,050,56 502,422,411.15,646,628,145,329,489,23446,295,121.4,883,194,111.\n                            0.98            7         9.81       3.27          45           82""}],""classification"":""current"",""measurement_basis"":""net"",""period_basis"":""报告期末余额"",""allowed_for_model_input"":true,""quote_format"":""page_attributed_fragments""}"
"2020.financial.contract_assets_ppp_gross","financial","2020","instant","","2020-12-31","contract_assets_ppp_gross","合同资产—PPP项目账面余额","2306732648.37","","元","CNY","1","元","2306732648.37","合并","","meichen_2020_original.pdf","annual_report_2020_original","180","180","[179,180]","2021-04-20","2021-04-30","true","disclosed","true","","10、合同资产


                                                                                                    单位：元

                                         期末余额                                      期初余额
          项目
                          账面余额           减值准备          账面价值         账面余额          减值准备          账面价值

 合同质保金                   31,790,397.1   6,033,027.21  25,757,369.9 18,541,475.7  2,878,152.09  15,663,323.64
                                   5                            4            3

PPP项目                2,306,732,64 115,336,632.42,191,396,011,753,556,1287,677,806.41,665,878,321.
                            8.37            2         5.95       7.94           0           54

 非 PPP项目              3,810,527,51 381,052,751.53,429,474,763,557,391,62355,739,162.3,201,652,466.
                            5.46            4         3.92       9.60          96           64

 合计                   6,149,050,56 502,422,411.15,646,628,145,329,489,23446,295,121.4,883,194,111.
                            0.98            7         9.81       3.27          45           82","合同资产明细，不与合计重复加总。","{""quote_fragments"":[{""page"":179,""pdf_page"":179,""text"":""10、合同资产\n\n\n                                                                                                    单位：元\n\n                                         期末余额                                      期初余额\n          项目\n                          账面余额           减值准备          账面价值         账面余额          减值准备          账面价值\n\n 合同质保金                   31,790,397.1   6,033,027.21  25,757,369.9 18,541,475.7  2,878,152.09  15,663,323.64\n                                   5                            4            3""},{""page"":180,""pdf_page"":180,""text"":""PPP项目                2,306,732,64 115,336,632.42,191,396,011,753,556,1287,677,806.41,665,878,321.\n                            8.37            2         5.95       7.94           0           54\n\n 非 PPP项目              3,810,527,51 381,052,751.53,429,474,763,557,391,62355,739,162.3,201,652,466.\n                            5.46            4         3.92       9.60          96           64\n\n 合计                   6,149,050,56 502,422,411.15,646,628,145,329,489,23446,295,121.4,883,194,111.\n                            0.98            7         9.81       3.27          45           82""}],""classification"":""current"",""measurement_basis"":""gross"",""period_basis"":""报告期末余额"",""allowed_for_model_input"":true,""quote_format"":""page_attributed_fragments""}"
"2020.financial.contract_assets_ppp_allowance","financial","2020","instant","","2020-12-31","contract_assets_ppp_allowance","合同资产—PPP项目减值准备","115336632.42","","元","CNY","1","元","115336632.42","合并","","meichen_2020_original.pdf","annual_report_2020_original","180","180","[179,180]","2021-04-20","2021-04-30","true","disclosed","true","","10、合同资产


                                                                                                    单位：元

                                         期末余额                                      期初余额
          项目
                          账面余额           减值准备          账面价值         账面余额          减值准备          账面价值

 合同质保金                   31,790,397.1   6,033,027.21  25,757,369.9 18,541,475.7  2,878,152.09  15,663,323.64
                                   5                            4            3

PPP项目                2,306,732,64 115,336,632.42,191,396,011,753,556,1287,677,806.41,665,878,321.
                            8.37            2         5.95       7.94           0           54

 非 PPP项目              3,810,527,51 381,052,751.53,429,474,763,557,391,62355,739,162.3,201,652,466.
                            5.46            4         3.92       9.60          96           64

 合计                   6,149,050,56 502,422,411.15,646,628,145,329,489,23446,295,121.4,883,194,111.
                            0.98            7         9.81       3.27          45           82","合同资产明细，不与合计重复加总。","{""quote_fragments"":[{""page"":179,""pdf_page"":179,""text"":""10、合同资产\n\n\n                                                                                                    单位：元\n\n                                         期末余额                                      期初余额\n          项目\n                          账面余额           减值准备          账面价值         账面余额          减值准备          账面价值\n\n 合同质保金                   31,790,397.1   6,033,027.21  25,757,369.9 18,541,475.7  2,878,152.09  15,663,323.64\n                                   5                            4            3""},{""page"":180,""pdf_page"":180,""text"":""PPP项目                2,306,732,64 115,336,632.42,191,396,011,753,556,1287,677,806.41,665,878,321.\n                            8.37            2         5.95       7.94           0           54\n\n 非 PPP项目              3,810,527,51 381,052,751.53,429,474,763,557,391,62355,739,162.3,201,652,466.\n                            5.46            4         3.92       9.60          96           64\n\n 合计                   6,149,050,56 502,422,411.15,646,628,145,329,489,23446,295,121.4,883,194,111.\n                            0.98            7         9.81       3.27          45           82""}],""classification"":""current"",""measurement_basis"":""allowance"",""period_basis"":""报告期末余额"",""allowed_for_model_input"":true,""quote_format"":""page_attributed_fragments""}"
"2020.financial.contract_assets_ppp_net","financial","2020","instant","","2020-12-31","contract_assets_ppp_net","合同资产—PPP项目账面价值","2191396015.95","","元","CNY","1","元","2191396015.95","合并","","meichen_2020_original.pdf","annual_report_2020_original","180","180","[179,180]","2021-04-20","2021-04-30","true","disclosed","true","","10、合同资产


                                                                                                    单位：元

                                         期末余额                                      期初余额
          项目
                          账面余额           减值准备          账面价值         账面余额          减值准备          账面价值

 合同质保金                   31,790,397.1   6,033,027.21  25,757,369.9 18,541,475.7  2,878,152.09  15,663,323.64
                                   5                            4            3

PPP项目                2,306,732,64 115,336,632.42,191,396,011,753,556,1287,677,806.41,665,878,321.
                            8.37            2         5.95       7.94           0           54

 非 PPP项目              3,810,527,51 381,052,751.53,429,474,763,557,391,62355,739,162.3,201,652,466.
                            5.46            4         3.92       9.60          96           64

 合计                   6,149,050,56 502,422,411.15,646,628,145,329,489,23446,295,121.4,883,194,111.
                            0.98            7         9.81       3.27          45           82","合同资产明细，不与合计重复加总。","{""quote_fragments"":[{""page"":179,""pdf_page"":179,""text"":""10、合同资产\n\n\n                                                                                                    单位：元\n\n                                         期末余额                                      期初余额\n          项目\n                          账面余额           减值准备          账面价值         账面余额          减值准备          账面价值\n\n 合同质保金                   31,790,397.1   6,033,027.21  25,757,369.9 18,541,475.7  2,878,152.09  15,663,323.64\n                                   5                            4            3""},{""page"":180,""pdf_page"":180,""text"":""PPP项目                2,306,732,64 115,336,632.42,191,396,011,753,556,1287,677,806.41,665,878,321.\n                            8.37            2         5.95       7.94           0           54\n\n 非 PPP项目              3,810,527,51 381,052,751.53,429,474,763,557,391,62355,739,162.3,201,652,466.\n                            5.46            4         3.92       9.60          96           64\n\n 合计                   6,149,050,56 502,422,411.15,646,628,145,329,489,23446,295,121.4,883,194,111.\n                            0.98            7         9.81       3.27          45           82""}],""classification"":""current"",""measurement_basis"":""net"",""period_basis"":""报告期末余额"",""allowed_for_model_input"":true,""quote_format"":""page_attributed_fragments""}"
"2020.financial.contract_assets_non_ppp_gross","financial","2020","instant","","2020-12-31","contract_assets_non_ppp_gross","合同资产—非PPP项目账面余额","3810527515.46","","元","CNY","1","元","3810527515.46","合并","","meichen_2020_original.pdf","annual_report_2020_original","180","180","[179,180]","2021-04-20","2021-04-30","true","disclosed","true","","10、合同资产


                                                                                                    单位：元

                                         期末余额                                      期初余额
          项目
                          账面余额           减值准备          账面价值         账面余额          减值准备          账面价值

 合同质保金                   31,790,397.1   6,033,027.21  25,757,369.9 18,541,475.7  2,878,152.09  15,663,323.64
                                   5                            4            3

PPP项目                2,306,732,64 115,336,632.42,191,396,011,753,556,1287,677,806.41,665,878,321.
                            8.37            2         5.95       7.94           0           54

 非 PPP项目              3,810,527,51 381,052,751.53,429,474,763,557,391,62355,739,162.3,201,652,466.
                            5.46            4         3.92       9.60          96           64

 合计                   6,149,050,56 502,422,411.15,646,628,145,329,489,23446,295,121.4,883,194,111.
                            0.98            7         9.81       3.27          45           82","合同资产明细，不与合计重复加总。","{""quote_fragments"":[{""page"":179,""pdf_page"":179,""text"":""10、合同资产\n\n\n                                                                                                    单位：元\n\n                                         期末余额                                      期初余额\n          项目\n                          账面余额           减值准备          账面价值         账面余额          减值准备          账面价值\n\n 合同质保金                   31,790,397.1   6,033,027.21  25,757,369.9 18,541,475.7  2,878,152.09  15,663,323.64\n                                   5                            4            3""},{""page"":180,""pdf_page"":180,""text"":""PPP项目                2,306,732,64 115,336,632.42,191,396,011,753,556,1287,677,806.41,665,878,321.\n                            8.37            2         5.95       7.94           0           54\n\n 非 PPP项目              3,810,527,51 381,052,751.53,429,474,763,557,391,62355,739,162.3,201,652,466.\n                            5.46            4         3.92       9.60          96           64\n\n 合计                   6,149,050,56 502,422,411.15,646,628,145,329,489,23446,295,121.4,883,194,111.\n                            0.98            7         9.81       3.27          45           82""}],""classification"":""current"",""measurement_basis"":""gross"",""period_basis"":""报告期末余额"",""allowed_for_model_input"":true,""quote_format"":""page_attributed_fragments""}"
"2020.financial.contract_assets_non_ppp_allowance","financial","2020","instant","","2020-12-31","contract_assets_non_ppp_allowance","合同资产—非PPP项目减值准备","381052751.54","","元","CNY","1","元","381052751.54","合并","","meichen_2020_original.pdf","annual_report_2020_original","180","180","[179,180]","2021-04-20","2021-04-30","true","disclosed","true","","10、合同资产


                                                                                                    单位：元

                                         期末余额                                      期初余额
          项目
                          账面余额           减值准备          账面价值         账面余额          减值准备          账面价值

 合同质保金                   31,790,397.1   6,033,027.21  25,757,369.9 18,541,475.7  2,878,152.09  15,663,323.64
                                   5                            4            3

PPP项目                2,306,732,64 115,336,632.42,191,396,011,753,556,1287,677,806.41,665,878,321.
                            8.37            2         5.95       7.94           0           54

 非 PPP项目              3,810,527,51 381,052,751.53,429,474,763,557,391,62355,739,162.3,201,652,466.
                            5.46            4         3.92       9.60          96           64

 合计                   6,149,050,56 502,422,411.15,646,628,145,329,489,23446,295,121.4,883,194,111.
                            0.98            7         9.81       3.27          45           82","合同资产明细，不与合计重复加总。","{""quote_fragments"":[{""page"":179,""pdf_page"":179,""text"":""10、合同资产\n\n\n                                                                                                    单位：元\n\n                                         期末余额                                      期初余额\n          项目\n                          账面余额           减值准备          账面价值         账面余额          减值准备          账面价值\n\n 合同质保金                   31,790,397.1   6,033,027.21  25,757,369.9 18,541,475.7  2,878,152.09  15,663,323.64\n                                   5                            4            3""},{""page"":180,""pdf_page"":180,""text"":""PPP项目                2,306,732,64 115,336,632.42,191,396,011,753,556,1287,677,806.41,665,878,321.\n                            8.37            2         5.95       7.94           0           54\n\n 非 PPP项目              3,810,527,51 381,052,751.53,429,474,763,557,391,62355,739,162.3,201,652,466.\n                            5.46            4         3.92       9.60          96           64\n\n 合计                   6,149,050,56 502,422,411.15,646,628,145,329,489,23446,295,121.4,883,194,111.\n                            0.98            7         9.81       3.27          45           82""}],""classification"":""current"",""measurement_basis"":""allowance"",""period_basis"":""报告期末余额"",""allowed_for_model_input"":true,""quote_format"":""page_attributed_fragments""}"
"2020.financial.contract_assets_non_ppp_net","financial","2020","instant","","2020-12-31","contract_assets_non_ppp_net","合同资产—非PPP项目账面价值","3429474763.92","","元","CNY","1","元","3429474763.92","合并","","meichen_2020_original.pdf","annual_report_2020_original","180","180","[179,180]","2021-04-20","2021-04-30","true","disclosed","true","","10、合同资产


                                                                                                    单位：元

                                         期末余额                                      期初余额
          项目
                          账面余额           减值准备          账面价值         账面余额          减值准备          账面价值

 合同质保金                   31,790,397.1   6,033,027.21  25,757,369.9 18,541,475.7  2,878,152.09  15,663,323.64
                                   5                            4            3

PPP项目                2,306,732,64 115,336,632.42,191,396,011,753,556,1287,677,806.41,665,878,321.
                            8.37            2         5.95       7.94           0           54

 非 PPP项目              3,810,527,51 381,052,751.53,429,474,763,557,391,62355,739,162.3,201,652,466.
                            5.46            4         3.92       9.60          96           64

 合计                   6,149,050,56 502,422,411.15,646,628,145,329,489,23446,295,121.4,883,194,111.
                            0.98            7         9.81       3.27          45           82","合同资产明细，不与合计重复加总。","{""quote_fragments"":[{""page"":179,""pdf_page"":179,""text"":""10、合同资产\n\n\n                                                                                                    单位：元\n\n                                         期末余额                                      期初余额\n          项目\n                          账面余额           减值准备          账面价值         账面余额          减值准备          账面价值\n\n 合同质保金                   31,790,397.1   6,033,027.21  25,757,369.9 18,541,475.7  2,878,152.09  15,663,323.64\n                                   5                            4            3""},{""page"":180,""pdf_page"":180,""text"":""PPP项目                2,306,732,64 115,336,632.42,191,396,011,753,556,1287,677,806.41,665,878,321.\n                            8.37            2         5.95       7.94           0           54\n\n 非 PPP项目              3,810,527,51 381,052,751.53,429,474,763,557,391,62355,739,162.3,201,652,466.\n                            5.46            4         3.92       9.60          96           64\n\n 合计                   6,149,050,56 502,422,411.15,646,628,145,329,489,23446,295,121.4,883,194,111.\n                            0.98            7         9.81       3.27          45           82""}],""classification"":""current"",""measurement_basis"":""net"",""period_basis"":""报告期末余额"",""allowed_for_model_input"":true,""quote_format"":""page_attributed_fragments""}"
"2020.financial.contract_assets_allowance_provision_retention","financial","2020","duration","2020-01-01","2020-12-31","contract_assets_allowance_provision_retention","合同资产本期计提—合同质保金","3154875.12","","元","CNY","1","元","3154875.12","合并","","meichen_2020_original.pdf","annual_report_2020_original","180","180","[180]","2021-04-20","2021-04-30","true","disclosed","true","","本期合同资产计提减值准备情况

                                                                                        单位：元

       项目               本期计提                本期转回             本期转销/核销               原因

 合同质保金                     3,154,875.12

 PPP项目                    27,658,826.02

 非 PPP项目                  25,313,588.58

 合计                       56,127,289.72                                              --","","{""quote_fragments"":[{""page"":180,""pdf_page"":180,""text"":""本期合同资产计提减值准备情况\n\n                                                                                        单位：元\n\n       项目               本期计提                本期转回             本期转销/核销               原因\n\n 合同质保金                     3,154,875.12\n\n PPP项目                    27,658,826.02\n\n 非 PPP项目                  25,313,588.58\n\n 合计                       56,127,289.72                                              --""}],""period_basis"":""报告期全年发生额"",""allowed_for_model_input"":true,""quote_format"":""page_attributed_fragments""}"
"2020.financial.contract_assets_allowance_provision_ppp","financial","2020","duration","2020-01-01","2020-12-31","contract_assets_allowance_provision_ppp","合同资产本期计提—PPP项目","27658826.02","","元","CNY","1","元","27658826.02","合并","","meichen_2020_original.pdf","annual_report_2020_original","180","180","[180]","2021-04-20","2021-04-30","true","disclosed","true","","本期合同资产计提减值准备情况

                                                                                        单位：元

       项目               本期计提                本期转回             本期转销/核销               原因

 合同质保金                     3,154,875.12

 PPP项目                    27,658,826.02

 非 PPP项目                  25,313,588.58

 合计                       56,127,289.72                                              --","","{""quote_fragments"":[{""page"":180,""pdf_page"":180,""text"":""本期合同资产计提减值准备情况\n\n                                                                                        单位：元\n\n       项目               本期计提                本期转回             本期转销/核销               原因\n\n 合同质保金                     3,154,875.12\n\n PPP项目                    27,658,826.02\n\n 非 PPP项目                  25,313,588.58\n\n 合计                       56,127,289.72                                              --""}],""period_basis"":""报告期全年发生额"",""allowed_for_model_input"":true,""quote_format"":""page_attributed_fragments""}"
"2020.financial.contract_assets_allowance_provision_non_ppp","financial","2020","duration","2020-01-01","2020-12-31","contract_assets_allowance_provision_non_ppp","合同资产本期计提—非PPP项目","25313588.58","","元","CNY","1","元","25313588.58","合并","","meichen_2020_original.pdf","annual_report_2020_original","180","180","[180]","2021-04-20","2021-04-30","true","disclosed","true","","本期合同资产计提减值准备情况

                                                                                        单位：元

       项目               本期计提                本期转回             本期转销/核销               原因

 合同质保金                     3,154,875.12

 PPP项目                    27,658,826.02

 非 PPP项目                  25,313,588.58

 合计                       56,127,289.72                                              --","","{""quote_fragments"":[{""page"":180,""pdf_page"":180,""text"":""本期合同资产计提减值准备情况\n\n                                                                                        单位：元\n\n       项目               本期计提                本期转回             本期转销/核销               原因\n\n 合同质保金                     3,154,875.12\n\n PPP项目                    27,658,826.02\n\n 非 PPP项目                  25,313,588.58\n\n 合计                       56,127,289.72                                              --""}],""period_basis"":""报告期全年发生额"",""allowed_for_model_input"":true,""quote_format"":""page_attributed_fragments""}"
"2020.financial.contract_assets_allowance_provision_total","financial","2020","duration","2020-01-01","2020-12-31","contract_assets_allowance_provision_total","合同资产本期计提—合计","56127289.72","","元","CNY","1","元","56127289.72","合并","","meichen_2020_original.pdf","annual_report_2020_original","180","180","[180]","2021-04-20","2021-04-30","true","reconciliation_difference","false","","本期合同资产计提减值准备情况

                                                                                        单位：元

       项目               本期计提                本期转回             本期转销/核销               原因

 合同质保金                     3,154,875.12

 PPP项目                    27,658,826.02

 非 PPP项目                  25,313,588.58

 合计                       56,127,289.72                                              --","原报告本表合计56,127,289.72元；第214页合同资产减值损失为-56,127,289.73元。两项原样保留，未改写。","{""quote_fragments"":[{""page"":180,""pdf_page"":180,""text"":""本期合同资产计提减值准备情况\n\n                                                                                        单位：元\n\n       项目               本期计提                本期转回             本期转销/核销               原因\n\n 合同质保金                     3,154,875.12\n\n PPP项目                    27,658,826.02\n\n 非 PPP项目                  25,313,588.58\n\n 合计                       56,127,289.72                                              --""}],""period_basis"":""报告期全年发生额"",""allowed_for_model_input"":true,""quote_format"":""page_attributed_fragments"",""conflict_group"":""2020_contract_provision_loss""}"
"2020.financial.noncurrent_contract_assets","financial","2020","instant","","2020-12-31","noncurrent_contract_assets","非流动合同资产账面价值","","","元","CNY","1","元","","合并","","meichen_2020_original.pdf","annual_report_2020_original","198","198","[198]","2021-04-20","2021-04-30","true","not_disclosed","false","该附注只列预付土地款、预付工程及设备款、其他；未单独披露非流动合同资产，不将缺失数值替换为0。","32、其他非流动资产


                                                                                          单位：元

                                            期末余额                             期初余额
              项目
                                  账面余额      减值准备       账面价值       账面余额       减值准备       账面价值

 预付土地款                           23,647,932            23,647,932 26,662,032           26,662,032
                                       .47                   .47        .47                  .47

 预付工程及设备款                        970,493.00            970,493.00 8,002,342.            8,002,342.
                                                                        32                    32

 其他                               3,000,000.           3,000,000. 3,000,000.            3,000,000.
                                        00                   00         00                    00

 合计                              27,618,425            27,618,425 37,664,374           37,664,374
                                       .47                   .47        .79                  .79

其他说明：","该附注只列预付土地款、预付工程及设备款、其他；未单独披露非流动合同资产，不将缺失数值替换为0。","{""quote_fragments"":[{""page"":198,""pdf_page"":198,""text"":""32、其他非流动资产\n\n\n                                                                                          单位：元\n\n                                            期末余额                             期初余额\n              项目\n                                  账面余额      减值准备       账面价值       账面余额       减值准备       账面价值\n\n 预付土地款                           23,647,932            23,647,932 26,662,032           26,662,032\n                                       .47                   .47        .47                  .47\n\n 预付工程及设备款                        970,493.00            970,493.00 8,002,342.            8,002,342.\n                                                                        32                    32\n\n 其他                               3,000,000.           3,000,000. 3,000,000.            3,000,000.\n                                        00                   00         00                    00\n\n 合计                              27,618,425            27,618,425 37,664,374           37,664,374\n                                       .47                   .47        .79                  .79\n\n其他说明：""}],""classification"":""noncurrent"",""measurement_basis"":""net"",""status"":""not_separately_disclosed"",""period_basis"":""报告期末余额"",""allowed_for_model_input"":true,""quote_format"":""page_attributed_fragments""}"
"2020.financial.noncurrent_contract_assets_gross","financial","2020","instant","","2020-12-31","noncurrent_contract_assets_gross","非流动合同资产账面余额","","","元","CNY","1","元","","合并","","meichen_2020_original.pdf","annual_report_2020_original","198","198","[198]","2021-04-20","2021-04-30","true","not_disclosed","false","该附注只列预付土地款、预付工程及设备款、其他；未单独披露非流动合同资产，不将缺失数值替换为0。","32、其他非流动资产


                                                                                          单位：元

                                            期末余额                             期初余额
              项目
                                  账面余额      减值准备       账面价值       账面余额       减值准备       账面价值

 预付土地款                           23,647,932            23,647,932 26,662,032           26,662,032
                                       .47                   .47        .47                  .47

 预付工程及设备款                        970,493.00            970,493.00 8,002,342.            8,002,342.
                                                                        32                    32

 其他                               3,000,000.           3,000,000. 3,000,000.            3,000,000.
                                        00                   00         00                    00

 合计                              27,618,425            27,618,425 37,664,374           37,664,374
                                       .47                   .47        .79                  .79

其他说明：","该附注只列预付土地款、预付工程及设备款、其他；未单独披露非流动合同资产，不将缺失数值替换为0。","{""quote_fragments"":[{""page"":198,""pdf_page"":198,""text"":""32、其他非流动资产\n\n\n                                                                                          单位：元\n\n                                            期末余额                             期初余额\n              项目\n                                  账面余额      减值准备       账面价值       账面余额       减值准备       账面价值\n\n 预付土地款                           23,647,932            23,647,932 26,662,032           26,662,032\n                                       .47                   .47        .47                  .47\n\n 预付工程及设备款                        970,493.00            970,493.00 8,002,342.            8,002,342.\n                                                                        32                    32\n\n 其他                               3,000,000.           3,000,000. 3,000,000.            3,000,000.\n                                        00                   00         00                    00\n\n 合计                              27,618,425            27,618,425 37,664,374           37,664,374\n                                       .47                   .47        .79                  .79\n\n其他说明：""}],""classification"":""noncurrent"",""measurement_basis"":""gross"",""status"":""not_separately_disclosed"",""period_basis"":""报告期末余额"",""allowed_for_model_input"":true,""quote_format"":""page_attributed_fragments""}"
"2020.financial.noncurrent_contract_assets_allowance","financial","2020","instant","","2020-12-31","noncurrent_contract_assets_allowance","非流动合同资产减值准备","","","元","CNY","1","元","","合并","","meichen_2020_original.pdf","annual_report_2020_original","198","198","[198]","2021-04-20","2021-04-30","true","not_disclosed","false","该附注只列预付土地款、预付工程及设备款、其他；未单独披露非流动合同资产，不将缺失数值替换为0。","32、其他非流动资产


                                                                                          单位：元

                                            期末余额                             期初余额
              项目
                                  账面余额      减值准备       账面价值       账面余额       减值准备       账面价值

 预付土地款                           23,647,932            23,647,932 26,662,032           26,662,032
                                       .47                   .47        .47                  .47

 预付工程及设备款                        970,493.00            970,493.00 8,002,342.            8,002,342.
                                                                        32                    32

 其他                               3,000,000.           3,000,000. 3,000,000.            3,000,000.
                                        00                   00         00                    00

 合计                              27,618,425            27,618,425 37,664,374           37,664,374
                                       .47                   .47        .79                  .79

其他说明：","该附注只列预付土地款、预付工程及设备款、其他；未单独披露非流动合同资产，不将缺失数值替换为0。","{""quote_fragments"":[{""page"":198,""pdf_page"":198,""text"":""32、其他非流动资产\n\n\n                                                                                          单位：元\n\n                                            期末余额                             期初余额\n              项目\n                                  账面余额      减值准备       账面价值       账面余额       减值准备       账面价值\n\n 预付土地款                           23,647,932            23,647,932 26,662,032           26,662,032\n                                       .47                   .47        .47                  .47\n\n 预付工程及设备款                        970,493.00            970,493.00 8,002,342.            8,002,342.\n                                                                        32                    32\n\n 其他                               3,000,000.           3,000,000. 3,000,000.            3,000,000.\n                                        00                   00         00                    00\n\n 合计                              27,618,425            27,618,425 37,664,374           37,664,374\n                                       .47                   .47        .79                  .79\n\n其他说明：""}],""classification"":""noncurrent"",""measurement_basis"":""allowance"",""status"":""not_separately_disclosed"",""period_basis"":""报告期末余额"",""allowed_for_model_input"":true,""quote_format"":""page_attributed_fragments""}"
"2020.financial.notes_receivable_allowance","financial","2020","instant","","2020-12-31","notes_receivable_allowance","应收票据坏账准备","3049569.53","","元","CNY","1","元","3049569.53","合并","","meichen_2020_original.pdf","annual_report_2020_original","170","170","[169,170]","2021-04-20","2021-04-30","true","disclosed","true","","按组合计提坏账准备：3,049,569.53

                                                                                           单位：元

          名称                                             期末余额

账面余额              坏账准备              计提比例

按信用风险特征组合计提坏               60,991,390.62     3,049,569.53          5.00%
账准备的商业承兑汇票

合计                         60,991,390.62     3,049,569.53     --","","{""quote_fragments"":[{""page"":169,""pdf_page"":169,""text"":""按组合计提坏账准备：3,049,569.53\n\n                                                                                           单位：元\n\n          名称                                             期末余额""},{""page"":170,""pdf_page"":170,""text"":""账面余额              坏账准备              计提比例\n\n按信用风险特征组合计提坏               60,991,390.62     3,049,569.53          5.00%\n账准备的商业承兑汇票\n\n合计                         60,991,390.62     3,049,569.53     --""}],""period_basis"":""报告期末余额"",""allowed_for_model_input"":true,""quote_format"":""page_attributed_fragments""}"
"2020.financial.other_receivables_allowance","financial","2020","instant","","2020-12-31","other_receivables_allowance","其他应收款坏账准备","30131596.92","","元","CNY","1","元","30131596.92","合并","","meichen_2020_original.pdf","annual_report_2020_original","177","177","[176,177]","2021-04-20","2021-04-30","true","disclosed","true","","2）坏账准备计提情况


                                                                           单位：元

第一阶段              第二阶段                第三阶段

     坏账准备          未来  12 个月预期     整个存续期预期信用损           整个存续期预期信用损               合计

                       信用损失          失(未发生信用减值)          失(已发生信用减值)

 2020年 1月 1日余额                             34,196,741.32                         34,196,741.32

 2020年 1月 1日余额          ——                ——                   ——                ——
 在本期

 本期计提                                      -4,065,144.40                         -4,065,144.40

 2020年 12月 31日余                            30,131,596.92                         30,131,596.92
 额","合并财务报表附注“8、其他应收款”；不使用母公司附注第249页金额。","{""quote_fragments"":[{""page"":176,""pdf_page"":176,""text"":""2）坏账准备计提情况\n\n\n                                                                           单位：元""},{""page"":177,""pdf_page"":177,""text"":""第一阶段              第二阶段                第三阶段\n\n     坏账准备          未来  12 个月预期     整个存续期预期信用损           整个存续期预期信用损               合计\n\n                       信用损失          失(未发生信用减值)          失(已发生信用减值)\n\n 2020年 1月 1日余额                             34,196,741.32                         34,196,741.32\n\n 2020年 1月 1日余额          ——                ——                   ——                ——\n 在本期\n\n 本期计提                                      -4,065,144.40                         -4,065,144.40\n\n 2020年 12月 31日余                            30,131,596.92                         30,131,596.92\n 额""}],""period_basis"":""报告期末余额"",""allowed_for_model_input"":true,""quote_format"":""page_attributed_fragments""}"
"2020.financial.other_receivables_allowance_provision","financial","2020","duration","2020-01-01","2020-12-31","other_receivables_allowance_provision","其他应收款坏账准备本期计提","-4065144.40","","元","CNY","1","元","-4065144.40","合并","","meichen_2020_original.pdf","annual_report_2020_original","177","177","[176,177]","2021-04-20","2021-04-30","true","disclosed","true","","2）坏账准备计提情况


                                                                           单位：元

第一阶段              第二阶段                第三阶段

     坏账准备          未来  12 个月预期     整个存续期预期信用损           整个存续期预期信用损               合计

                       信用损失          失(未发生信用减值)          失(已发生信用减值)

 2020年 1月 1日余额                             34,196,741.32                         34,196,741.32

 2020年 1月 1日余额          ——                ——                   ——                ——
 在本期

 本期计提                                      -4,065,144.40                         -4,065,144.40

 2020年 12月 31日余                            30,131,596.92                         30,131,596.92
 额","本期计提栏为负数，按原文保存。","{""quote_fragments"":[{""page"":176,""pdf_page"":176,""text"":""2）坏账准备计提情况\n\n\n                                                                           单位：元""},{""page"":177,""pdf_page"":177,""text"":""第一阶段              第二阶段                第三阶段\n\n     坏账准备          未来  12 个月预期     整个存续期预期信用损           整个存续期预期信用损               合计\n\n                       信用损失          失(未发生信用减值)          失(已发生信用减值)\n\n 2020年 1月 1日余额                             34,196,741.32                         34,196,741.32\n\n 2020年 1月 1日余额          ——                ——                   ——                ——\n 在本期\n\n 本期计提                                      -4,065,144.40                         -4,065,144.40\n\n 2020年 12月 31日余                            30,131,596.92                         30,131,596.92\n 额""}],""period_basis"":""报告期全年发生额"",""allowed_for_model_input"":true,""quote_format"":""page_attributed_fragments""}"
"2020.financial.inventory_allowance","financial","2020","instant","","2020-12-31","inventory_allowance","存货跌价准备或合同履约成本减值准备","6952270.91","","元","CNY","1","元","6952270.91","合并","","meichen_2020_original.pdf","annual_report_2020_original","179","179","[179]","2021-04-20","2021-04-30","true","disclosed","true","","（1）存货分类


                                                                                                    单位：元

                                  期末余额                                           期初余额

     项目                         存货跌价准备                                         存货跌价准备
                   账面余额         或合同履约成            账面价值           账面余额          或合同履约成           账面价值
                                 本减值准备                                          本减值准备

 原材料              44,248,848.97                 44,248,848.97   42,960,120.99                  42,960,120.99

 在产品              12,353,288.01                 12,353,288.01   10,636,395.05                  10,636,395.05

 库存商品            130,353,835.45   6,952,270.91 123,401,564.54  116,208,562.44  10,435,160.39  105,773,402.05

 消耗性生物资          112,703,950.74                 112,703,950.74 119,268,702.80                 119,268,702.80
 产

 开发成本             52,664,619.34                 52,664,619.34   26,834,691.08                  26,834,691.08

 委托加工物资            1,174,046.41                   1,174,046.41   1,132,828.67                   1,132,828.67

 设计成本             32,828,824.47                 32,828,824.47   23,845,482.01                  23,845,482.01

 其他                 243,220.70                     243,220.70      326,806.11                     326,806.11

 合计              386,570,634.09   6,952,270.91 379,618,363.18  341,213,589.15  10,435,160.39  330,778,428.76


（2）存货跌价准备和合同履约成本减值准备


                                                                                                    单位：元

                                        本期增加金额                         本期减少金额
     项目            期初余额                                                                         期末余额
                                    计提              其他          转回或转销              其他

 库存商品             10,435,160.39   2,771,526.94                   6,254,416.42                   6,952,270.91

 合计               10,435,160.39   2,771,526.94                   6,254,416.42                   6,952,270.91","","{""quote_fragments"":[{""page"":179,""pdf_page"":179,""text"":""（1）存货分类\n\n\n                                                                                                    单位：元\n\n                                  期末余额                                           期初余额\n\n     项目                         存货跌价准备                                         存货跌价准备\n                   账面余额         或合同履约成            账面价值           账面余额          或合同履约成           账面价值\n                                 本减值准备                                          本减值准备\n\n 原材料              44,248,848.97                 44,248,848.97   42,960,120.99                  42,960,120.99\n\n 在产品              12,353,288.01                 12,353,288.01   10,636,395.05                  10,636,395.05\n\n 库存商品            130,353,835.45   6,952,270.91 123,401,564.54  116,208,562.44  10,435,160.39  105,773,402.05\n\n 消耗性生物资          112,703,950.74                 112,703,950.74 119,268,702.80                 119,268,702.80\n 产\n\n 开发成本             52,664,619.34                 52,664,619.34   26,834,691.08                  26,834,691.08\n\n 委托加工物资            1,174,046.41                   1,174,046.41   1,132,828.67                   1,132,828.67\n\n 设计成本             32,828,824.47                 32,828,824.47   23,845,482.01                  23,845,482.01\n\n 其他                 243,220.70                     243,220.70      326,806.11                     326,806.11\n\n 合计              386,570,634.09   6,952,270.91 379,618,363.18  341,213,589.15  10,435,160.39  330,778,428.76\n\n\n（2）存货跌价准备和合同履约成本减值准备\n\n\n                                                                                                    单位：元\n\n                                        本期增加金额                         本期减少金额\n     项目            期初余额                                                                         期末余额\n                                    计提              其他          转回或转销              其他\n\n 库存商品             10,435,160.39   2,771,526.94                   6,254,416.42                   6,952,270.91\n\n 合计               10,435,160.39   2,771,526.94                   6,254,416.42                   6,952,270.91""}],""period_basis"":""报告期末余额"",""allowed_for_model_input"":true,""quote_format"":""page_attributed_fragments""}"
"2020.financial.inventory_allowance_provision","financial","2020","duration","2020-01-01","2020-12-31","inventory_allowance_provision","存货跌价准备本期计提","2771526.94","","元","CNY","1","元","2771526.94","合并","","meichen_2020_original.pdf","annual_report_2020_original","179","179","[179]","2021-04-20","2021-04-30","true","disclosed","true","","（1）存货分类


                                                                                                    单位：元

                                  期末余额                                           期初余额

     项目                         存货跌价准备                                         存货跌价准备
                   账面余额         或合同履约成            账面价值           账面余额          或合同履约成           账面价值
                                 本减值准备                                          本减值准备

 原材料              44,248,848.97                 44,248,848.97   42,960,120.99                  42,960,120.99

 在产品              12,353,288.01                 12,353,288.01   10,636,395.05                  10,636,395.05

 库存商品            130,353,835.45   6,952,270.91 123,401,564.54  116,208,562.44  10,435,160.39  105,773,402.05

 消耗性生物资          112,703,950.74                 112,703,950.74 119,268,702.80                 119,268,702.80
 产

 开发成本             52,664,619.34                 52,664,619.34   26,834,691.08                  26,834,691.08

 委托加工物资            1,174,046.41                   1,174,046.41   1,132,828.67                   1,132,828.67

 设计成本             32,828,824.47                 32,828,824.47   23,845,482.01                  23,845,482.01

 其他                 243,220.70                     243,220.70      326,806.11                     326,806.11

 合计              386,570,634.09   6,952,270.91 379,618,363.18  341,213,589.15  10,435,160.39  330,778,428.76


（2）存货跌价准备和合同履约成本减值准备


                                                                                                    单位：元

                                        本期增加金额                         本期减少金额
     项目            期初余额                                                                         期末余额
                                    计提              其他          转回或转销              其他

 库存商品             10,435,160.39   2,771,526.94                   6,254,416.42                   6,952,270.91

 合计               10,435,160.39   2,771,526.94                   6,254,416.42                   6,952,270.91","这是附注准备变动表的计提流量；与损益表存货跌价损失分别保存。","{""quote_fragments"":[{""page"":179,""pdf_page"":179,""text"":""（1）存货分类\n\n\n                                                                                                    单位：元\n\n                                  期末余额                                           期初余额\n\n     项目                         存货跌价准备                                         存货跌价准备\n                   账面余额         或合同履约成            账面价值           账面余额          或合同履约成           账面价值\n                                 本减值准备                                          本减值准备\n\n 原材料              44,248,848.97                 44,248,848.97   42,960,120.99                  42,960,120.99\n\n 在产品              12,353,288.01                 12,353,288.01   10,636,395.05                  10,636,395.05\n\n 库存商品            130,353,835.45   6,952,270.91 123,401,564.54  116,208,562.44  10,435,160.39  105,773,402.05\n\n 消耗性生物资          112,703,950.74                 112,703,950.74 119,268,702.80                 119,268,702.80\n 产\n\n 开发成本             52,664,619.34                 52,664,619.34   26,834,691.08                  26,834,691.08\n\n 委托加工物资            1,174,046.41                   1,174,046.41   1,132,828.67                   1,132,828.67\n\n 设计成本             32,828,824.47                 32,828,824.47   23,845,482.01                  23,845,482.01\n\n 其他                 243,220.70                     243,220.70      326,806.11                     326,806.11\n\n 合计              386,570,634.09   6,952,270.91 379,618,363.18  341,213,589.15  10,435,160.39  330,778,428.76\n\n\n（2）存货跌价准备和合同履约成本减值准备\n\n\n                                                                                                    单位：元\n\n                                        本期增加金额                         本期减少金额\n     项目            期初余额                                                                         期末余额\n                                    计提              其他          转回或转销              其他\n\n 库存商品             10,435,160.39   2,771,526.94                   6,254,416.42                   6,952,270.91\n\n 合计               10,435,160.39   2,771,526.94                   6,254,416.42                   6,952,270.91""}],""period_basis"":""报告期全年发生额"",""allowed_for_model_input"":true,""quote_format"":""page_attributed_fragments""}"
"2020.financial.inventory_allowance_reversal_or_writeoff","financial","2020","duration","2020-01-01","2020-12-31","inventory_allowance_reversal_or_writeoff","存货跌价准备本期转回或转销","6254416.42","","元","CNY","1","元","6254416.42","合并","","meichen_2020_original.pdf","annual_report_2020_original","179","179","[179]","2021-04-20","2021-04-30","true","disclosed","true","","（1）存货分类


                                                                                                    单位：元

                                  期末余额                                           期初余额

     项目                         存货跌价准备                                         存货跌价准备
                   账面余额         或合同履约成            账面价值           账面余额          或合同履约成           账面价值
                                 本减值准备                                          本减值准备

 原材料              44,248,848.97                 44,248,848.97   42,960,120.99                  42,960,120.99

 在产品              12,353,288.01                 12,353,288.01   10,636,395.05                  10,636,395.05

 库存商品            130,353,835.45   6,952,270.91 123,401,564.54  116,208,562.44  10,435,160.39  105,773,402.05

 消耗性生物资          112,703,950.74                 112,703,950.74 119,268,702.80                 119,268,702.80
 产

 开发成本             52,664,619.34                 52,664,619.34   26,834,691.08                  26,834,691.08

 委托加工物资            1,174,046.41                   1,174,046.41   1,132,828.67                   1,132,828.67

 设计成本             32,828,824.47                 32,828,824.47   23,845,482.01                  23,845,482.01

 其他                 243,220.70                     243,220.70      326,806.11                     326,806.11

 合计              386,570,634.09   6,952,270.91 379,618,363.18  341,213,589.15  10,435,160.39  330,778,428.76


（2）存货跌价准备和合同履约成本减值准备


                                                                                                    单位：元

                                        本期增加金额                         本期减少金额
     项目            期初余额                                                                         期末余额
                                    计提              其他          转回或转销              其他

 库存商品             10,435,160.39   2,771,526.94                   6,254,416.42                   6,952,270.91

 合计               10,435,160.39   2,771,526.94                   6,254,416.42                   6,952,270.91","","{""quote_fragments"":[{""page"":179,""pdf_page"":179,""text"":""（1）存货分类\n\n\n                                                                                                    单位：元\n\n                                  期末余额                                           期初余额\n\n     项目                         存货跌价准备                                         存货跌价准备\n                   账面余额         或合同履约成            账面价值           账面余额          或合同履约成           账面价值\n                                 本减值准备                                          本减值准备\n\n 原材料              44,248,848.97                 44,248,848.97   42,960,120.99                  42,960,120.99\n\n 在产品              12,353,288.01                 12,353,288.01   10,636,395.05                  10,636,395.05\n\n 库存商品            130,353,835.45   6,952,270.91 123,401,564.54  116,208,562.44  10,435,160.39  105,773,402.05\n\n 消耗性生物资          112,703,950.74                 112,703,950.74 119,268,702.80                 119,268,702.80\n 产\n\n 开发成本             52,664,619.34                 52,664,619.34   26,834,691.08                  26,834,691.08\n\n 委托加工物资            1,174,046.41                   1,174,046.41   1,132,828.67                   1,132,828.67\n\n 设计成本             32,828,824.47                 32,828,824.47   23,845,482.01                  23,845,482.01\n\n 其他                 243,220.70                     243,220.70      326,806.11                     326,806.11\n\n 合计              386,570,634.09   6,952,270.91 379,618,363.18  341,213,589.15  10,435,160.39  330,778,428.76\n\n\n（2）存货跌价准备和合同履约成本减值准备\n\n\n                                                                                                    单位：元\n\n                                        本期增加金额                         本期减少金额\n     项目            期初余额                                                                         期末余额\n                                    计提              其他          转回或转销              其他\n\n 库存商品             10,435,160.39   2,771,526.94                   6,254,416.42                   6,952,270.91\n\n 合计               10,435,160.39   2,771,526.94                   6,254,416.42                   6,952,270.91""}],""period_basis"":""报告期全年发生额"",""allowed_for_model_input"":true,""quote_format"":""page_attributed_fragments""}"
"2020.financial.long_term_equity_investment_allowance","financial","2020","instant","","2020-12-31","long_term_equity_investment_allowance","长期股权投资减值准备期末余额","7392257.43","","元","CNY","1","元","7392257.43","合并","","meichen_2020_original.pdf","annual_report_2020_original","184","184","[183,184]","2021-04-20","2021-04-30","true","disclosed","true","","17、长期股权投资


                                                                              单位：元

                                     本期增减变动
        期初余                                                            期末余    减值准
 被投资    额(账                  权益法    其他综           宣告发                   额(账
 单位     面价     追加投    减少投    下确认           其他权    放现金    计提减            面价    备期末
                资      资     的投资    合收益    益变动    股利或    值准备     其他            余额
         值)                          调整                                 值)
                              损益                   利润

合计        455.89   000.00            847.87                      00.00                    9,608.0    57.43
                                                                                                2","取最后一列减值准备期末余额，不取期末账面价值。","{""quote_fragments"":[{""page"":183,""pdf_page"":183,""text"":""17、长期股权投资\n\n\n                                                                              单位：元\n\n                                     本期增减变动\n        期初余                                                            期末余    减值准\n 被投资    额(账                  权益法    其他综           宣告发                   额(账\n 单位     面价     追加投    减少投    下确认           其他权    放现金    计提减            面价    备期末\n                资      资     的投资    合收益    益变动    股利或    值准备     其他            余额\n         值)                          调整                                 值)\n                              损益                   利润""},{""page"":184,""pdf_page"":184,""text"":""合计        455.89   000.00            847.87                      00.00                    9,608.0    57.43\n                                                                                                2""}],""period_basis"":""报告期末余额"",""allowed_for_model_input"":true,""quote_format"":""page_attributed_fragments""}"
"2020.financial.fixed_assets_allowance","financial","2020","instant","","2020-12-31","fixed_assets_allowance","固定资产减值准备","4528329.03","","元","CNY","1","元","4528329.03","合并","","meichen_2020_original.pdf","annual_report_2020_original","189","189","[187,188,189]","2021-04-20","2021-04-30","true","disclosed","true","","（1）固定资产情况


                                                                                                单位：元

     项目          房屋建筑物           机器设备          电子设备           工具器具           运输工具             合计

三、减值准备

   1.期初余额                              13,409,338.34         129,781.08        124,046.02           6,147.77     13,669,313.21

   2.本期增加
 金额

      （1）计提



   3.本期减少                               8,885,336.14         129,781.08        119,719.19           6,147.77      9,140,984.18

金额

    （1）处置                    8,885,336.14  129,781.08   119,719.19     6,147.77  9,140,984.18
 或报废



  4.期末余额                     4,524,002.20                 4,326.83               4,528,329.03","","{""quote_fragments"":[{""page"":187,""pdf_page"":187,""text"":""（1）固定资产情况\n\n\n                                                                                                单位：元\n\n     项目          房屋建筑物           机器设备          电子设备           工具器具           运输工具             合计""},{""page"":188,""pdf_page"":188,""text"":""三、减值准备\n\n   1.期初余额                              13,409,338.34         129,781.08        124,046.02           6,147.77     13,669,313.21\n\n   2.本期增加\n 金额\n\n      （1）计提\n\n\n\n   3.本期减少                               8,885,336.14         129,781.08        119,719.19           6,147.77      9,140,984.18""},{""page"":189,""pdf_page"":189,""text"":""金额\n\n    （1）处置                    8,885,336.14  129,781.08   119,719.19     6,147.77  9,140,984.18\n 或报废\n\n\n\n  4.期末余额                     4,524,002.20                 4,326.83               4,528,329.03""}],""period_basis"":""报告期末余额"",""allowed_for_model_input"":true,""quote_format"":""page_attributed_fragments""}"
"2020.financial.goodwill_allowance","financial","2020","instant","","2020-12-31","goodwill_allowance","商誉减值准备","34924517.92","","元","CNY","1","元","34924517.92","合并","","meichen_2020_original.pdf","annual_report_2020_original","195","195","[194,195]","2021-04-20","2021-04-30","true","disclosed","true","","（2）商誉减值准备


                                                                                          单位：元

 被投资单位名                              本期增加                        本期减少
 称或形成商誉          期初余额                                                                 期末余额
    的事项                         计提                          处置

 杭州赛石园林         12,038,521.2713,094,471.49                                           25,132,992.76
 集团有限公司

 法雅生态环境         7,223,777.02                                                         7,223,777.02
 集团有限公司

合计       21,830,046.4313,094,471.49                              34,924,517.92","","{""quote_fragments"":[{""page"":194,""pdf_page"":194,""text"":""（2）商誉减值准备\n\n\n                                                                                          单位：元\n\n 被投资单位名                              本期增加                        本期减少\n 称或形成商誉          期初余额                                                                 期末余额\n    的事项                         计提                          处置\n\n 杭州赛石园林         12,038,521.2713,094,471.49                                           25,132,992.76\n 集团有限公司\n\n 法雅生态环境         7,223,777.02                                                         7,223,777.02\n 集团有限公司""},{""page"":195,""pdf_page"":195,""text"":""合计       21,830,046.4313,094,471.49                              34,924,517.92""}],""period_basis"":""报告期末余额"",""allowed_for_model_input"":true,""quote_format"":""page_attributed_fragments""}"
"2020.financial.goodwill_allowance_provision","financial","2020","duration","2020-01-01","2020-12-31","goodwill_allowance_provision","商誉减值准备本期计提","13094471.49","","元","CNY","1","元","13094471.49","合并","","meichen_2020_original.pdf","annual_report_2020_original","195","195","[194,195]","2021-04-20","2021-04-30","true","disclosed","true","","（2）商誉减值准备


                                                                                          单位：元

 被投资单位名                              本期增加                        本期减少
 称或形成商誉          期初余额                                                                 期末余额
    的事项                         计提                          处置

 杭州赛石园林         12,038,521.2713,094,471.49                                           25,132,992.76
 集团有限公司

 法雅生态环境         7,223,777.02                                                         7,223,777.02
 集团有限公司

合计       21,830,046.4313,094,471.49                              34,924,517.92","","{""quote_fragments"":[{""page"":194,""pdf_page"":194,""text"":""（2）商誉减值准备\n\n\n                                                                                          单位：元\n\n 被投资单位名                              本期增加                        本期减少\n 称或形成商誉          期初余额                                                                 期末余额\n    的事项                         计提                          处置\n\n 杭州赛石园林         12,038,521.2713,094,471.49                                           25,132,992.76\n 集团有限公司\n\n 法雅生态环境         7,223,777.02                                                         7,223,777.02\n 集团有限公司""},{""page"":195,""pdf_page"":195,""text"":""合计       21,830,046.4313,094,471.49                              34,924,517.92""}],""period_basis"":""报告期全年发生额"",""allowed_for_model_input"":true,""quote_format"":""page_attributed_fragments""}"
"2020.financial.credit_impairment_loss","financial","2020","duration","2020-01-01","2020-12-31","credit_impairment_loss","信用减值损失","-30550824.66","","元","CNY","1","元","-30550824.66","合并","","meichen_2020_original.pdf","annual_report_2020_original","214","214","[214]","2021-04-20","2021-04-30","true","disclosed","true","","72、信用减值损失


                                                                                        单位：元

             项目                           本期发生额                           上期发生额

 其他应收款坏账损失                                          4,065,144.40                    -264,690.17

 应收账款坏账损失                                          -32,179,849.56                 -32,570,009.82

 应收票据坏账损失                                           -2,436,119.50                   -613,450.03

 合计                                                -30,550,824.66                 -33,448,150.02","当期损益流量；原报告损失以负号表示，不能作为期末减值准备余额。","{""quote_fragments"":[{""page"":214,""pdf_page"":214,""text"":""72、信用减值损失\n\n\n                                                                                        单位：元\n\n             项目                           本期发生额                           上期发生额\n\n 其他应收款坏账损失                                          4,065,144.40                    -264,690.17\n\n 应收账款坏账损失                                          -32,179,849.56                 -32,570,009.82\n\n 应收票据坏账损失                                           -2,436,119.50                   -613,450.03\n\n 合计                                                -30,550,824.66                 -33,448,150.02""}],""period_basis"":""报告期全年发生额"",""allowed_for_model_input"":true,""quote_format"":""page_attributed_fragments"",""sign_convention"":""negative_is_loss_positive_is_gain""}"
"2020.financial.accounts_receivable_bad_debt_loss","financial","2020","duration","2020-01-01","2020-12-31","accounts_receivable_bad_debt_loss","应收账款坏账损失","-32179849.56","","元","CNY","1","元","-32179849.56","合并","","meichen_2020_original.pdf","annual_report_2020_original","214","214","[214]","2021-04-20","2021-04-30","true","disclosed","true","","72、信用减值损失


                                                                                        单位：元

             项目                           本期发生额                           上期发生额

 其他应收款坏账损失                                          4,065,144.40                    -264,690.17

 应收账款坏账损失                                          -32,179,849.56                 -32,570,009.82

 应收票据坏账损失                                           -2,436,119.50                   -613,450.03

 合计                                                -30,550,824.66                 -33,448,150.02","当期损益流量；原报告损失以负号表示，不能作为期末减值准备余额。","{""quote_fragments"":[{""page"":214,""pdf_page"":214,""text"":""72、信用减值损失\n\n\n                                                                                        单位：元\n\n             项目                           本期发生额                           上期发生额\n\n 其他应收款坏账损失                                          4,065,144.40                    -264,690.17\n\n 应收账款坏账损失                                          -32,179,849.56                 -32,570,009.82\n\n 应收票据坏账损失                                           -2,436,119.50                   -613,450.03\n\n 合计                                                -30,550,824.66                 -33,448,150.02""}],""period_basis"":""报告期全年发生额"",""allowed_for_model_input"":true,""quote_format"":""page_attributed_fragments"",""sign_convention"":""negative_is_loss_positive_is_gain""}"
"2020.financial.other_receivables_bad_debt_loss","financial","2020","duration","2020-01-01","2020-12-31","other_receivables_bad_debt_loss","其他应收款坏账损失","4065144.40","","元","CNY","1","元","4065144.40","合并","","meichen_2020_original.pdf","annual_report_2020_original","214","214","[214]","2021-04-20","2021-04-30","true","disclosed","true","","72、信用减值损失


                                                                                        单位：元

             项目                           本期发生额                           上期发生额

 其他应收款坏账损失                                          4,065,144.40                    -264,690.17

 应收账款坏账损失                                          -32,179,849.56                 -32,570,009.82

 应收票据坏账损失                                           -2,436,119.50                   -613,450.03

 合计                                                -30,550,824.66                 -33,448,150.02","当期损益流量；原报告损失以负号表示，不能作为期末减值准备余额。","{""quote_fragments"":[{""page"":214,""pdf_page"":214,""text"":""72、信用减值损失\n\n\n                                                                                        单位：元\n\n             项目                           本期发生额                           上期发生额\n\n 其他应收款坏账损失                                          4,065,144.40                    -264,690.17\n\n 应收账款坏账损失                                          -32,179,849.56                 -32,570,009.82\n\n 应收票据坏账损失                                           -2,436,119.50                   -613,450.03\n\n 合计                                                -30,550,824.66                 -33,448,150.02""}],""period_basis"":""报告期全年发生额"",""allowed_for_model_input"":true,""quote_format"":""page_attributed_fragments"",""sign_convention"":""negative_is_loss_positive_is_gain""}"
"2020.financial.notes_receivable_bad_debt_loss","financial","2020","duration","2020-01-01","2020-12-31","notes_receivable_bad_debt_loss","应收票据坏账损失","-2436119.50","","元","CNY","1","元","-2436119.50","合并","","meichen_2020_original.pdf","annual_report_2020_original","214","214","[214]","2021-04-20","2021-04-30","true","disclosed","true","","72、信用减值损失


                                                                                        单位：元

             项目                           本期发生额                           上期发生额

 其他应收款坏账损失                                          4,065,144.40                    -264,690.17

 应收账款坏账损失                                          -32,179,849.56                 -32,570,009.82

 应收票据坏账损失                                           -2,436,119.50                   -613,450.03

 合计                                                -30,550,824.66                 -33,448,150.02","当期损益流量；原报告损失以负号表示，不能作为期末减值准备余额。","{""quote_fragments"":[{""page"":214,""pdf_page"":214,""text"":""72、信用减值损失\n\n\n                                                                                        单位：元\n\n             项目                           本期发生额                           上期发生额\n\n 其他应收款坏账损失                                          4,065,144.40                    -264,690.17\n\n 应收账款坏账损失                                          -32,179,849.56                 -32,570,009.82\n\n 应收票据坏账损失                                           -2,436,119.50                   -613,450.03\n\n 合计                                                -30,550,824.66                 -33,448,150.02""}],""period_basis"":""报告期全年发生额"",""allowed_for_model_input"":true,""quote_format"":""page_attributed_fragments"",""sign_convention"":""negative_is_loss_positive_is_gain""}"
"2020.financial.asset_impairment_loss","financial","2020","duration","2020-01-01","2020-12-31","asset_impairment_loss","资产减值损失","-72040366.65","","元","CNY","1","元","-72040366.65","合并","","meichen_2020_original.pdf","annual_report_2020_original","214","214","[214]","2021-04-20","2021-04-30","true","disclosed","true","","73、资产减值损失


                                                                                        单位：元

             项目                           本期发生额                           上期发生额

 二、存货跌价损失及合同履约成本减值                                  -2,818,605.43                  -9,791,759.96
 损失

 三、长期股权投资减值损失                                                                      -7,392,257.43

 十一、商誉减值损失                                         -13,094,471.49                 -19,262,298.29

 十二、合同资产减值损失                                       -56,127,289.73

 合计                                                -72,040,366.65                 -36,446,315.68","当期损益流量；原报告损失以负号表示，不能作为期末减值准备余额。","{""quote_fragments"":[{""page"":214,""pdf_page"":214,""text"":""73、资产减值损失\n\n\n                                                                                        单位：元\n\n             项目                           本期发生额                           上期发生额\n\n 二、存货跌价损失及合同履约成本减值                                  -2,818,605.43                  -9,791,759.96\n 损失\n\n 三、长期股权投资减值损失                                                                      -7,392,257.43\n\n 十一、商誉减值损失                                         -13,094,471.49                 -19,262,298.29\n\n 十二、合同资产减值损失                                       -56,127,289.73\n\n 合计                                                -72,040,366.65                 -36,446,315.68""}],""period_basis"":""报告期全年发生额"",""allowed_for_model_input"":true,""quote_format"":""page_attributed_fragments"",""sign_convention"":""negative_is_loss_positive_is_gain""}"
"2020.financial.inventory_impairment_loss","financial","2020","duration","2020-01-01","2020-12-31","inventory_impairment_loss","存货跌价损失及合同履约成本减值损失","-2818605.43","","元","CNY","1","元","-2818605.43","合并","","meichen_2020_original.pdf","annual_report_2020_original","214","214","[214]","2021-04-20","2021-04-30","true","disclosed","true","","73、资产减值损失


                                                                                        单位：元

             项目                           本期发生额                           上期发生额

 二、存货跌价损失及合同履约成本减值                                  -2,818,605.43                  -9,791,759.96
 损失

 三、长期股权投资减值损失                                                                      -7,392,257.43

 十一、商誉减值损失                                         -13,094,471.49                 -19,262,298.29

 十二、合同资产减值损失                                       -56,127,289.73

 合计                                                -72,040,366.65                 -36,446,315.68","当期损益流量；原报告损失以负号表示，不能作为期末减值准备余额。","{""quote_fragments"":[{""page"":214,""pdf_page"":214,""text"":""73、资产减值损失\n\n\n                                                                                        单位：元\n\n             项目                           本期发生额                           上期发生额\n\n 二、存货跌价损失及合同履约成本减值                                  -2,818,605.43                  -9,791,759.96\n 损失\n\n 三、长期股权投资减值损失                                                                      -7,392,257.43\n\n 十一、商誉减值损失                                         -13,094,471.49                 -19,262,298.29\n\n 十二、合同资产减值损失                                       -56,127,289.73\n\n 合计                                                -72,040,366.65                 -36,446,315.68""}],""period_basis"":""报告期全年发生额"",""allowed_for_model_input"":true,""quote_format"":""page_attributed_fragments"",""sign_convention"":""negative_is_loss_positive_is_gain""}"
"2020.financial.goodwill_impairment_loss","financial","2020","duration","2020-01-01","2020-12-31","goodwill_impairment_loss","商誉减值损失","-13094471.49","","元","CNY","1","元","-13094471.49","合并","","meichen_2020_original.pdf","annual_report_2020_original","214","214","[214]","2021-04-20","2021-04-30","true","disclosed","true","","73、资产减值损失


                                                                                        单位：元

             项目                           本期发生额                           上期发生额

 二、存货跌价损失及合同履约成本减值                                  -2,818,605.43                  -9,791,759.96
 损失

 三、长期股权投资减值损失                                                                      -7,392,257.43

 十一、商誉减值损失                                         -13,094,471.49                 -19,262,298.29

 十二、合同资产减值损失                                       -56,127,289.73

 合计                                                -72,040,366.65                 -36,446,315.68","当期损益流量；原报告损失以负号表示，不能作为期末减值准备余额。","{""quote_fragments"":[{""page"":214,""pdf_page"":214,""text"":""73、资产减值损失\n\n\n                                                                                        单位：元\n\n             项目                           本期发生额                           上期发生额\n\n 二、存货跌价损失及合同履约成本减值                                  -2,818,605.43                  -9,791,759.96\n 损失\n\n 三、长期股权投资减值损失                                                                      -7,392,257.43\n\n 十一、商誉减值损失                                         -13,094,471.49                 -19,262,298.29\n\n 十二、合同资产减值损失                                       -56,127,289.73\n\n 合计                                                -72,040,366.65                 -36,446,315.68""}],""period_basis"":""报告期全年发生额"",""allowed_for_model_input"":true,""quote_format"":""page_attributed_fragments"",""sign_convention"":""negative_is_loss_positive_is_gain""}"
"2020.financial.contract_assets_impairment_loss","financial","2020","duration","2020-01-01","2020-12-31","contract_assets_impairment_loss","合同资产减值损失","-56127289.73","","元","CNY","1","元","-56127289.73","合并","","meichen_2020_original.pdf","annual_report_2020_original","214","214","[214]","2021-04-20","2021-04-30","true","reconciliation_difference","false","","73、资产减值损失


                                                                                        单位：元

             项目                           本期发生额                           上期发生额

 二、存货跌价损失及合同履约成本减值                                  -2,818,605.43                  -9,791,759.96
 损失

 三、长期股权投资减值损失                                                                      -7,392,257.43

 十一、商誉减值损失                                         -13,094,471.49                 -19,262,298.29

 十二、合同资产减值损失                                       -56,127,289.73

 合计                                                -72,040,366.65                 -36,446,315.68","当期损益流量；原报告损失以负号表示，不能作为期末减值准备余额。","{""quote_fragments"":[{""page"":214,""pdf_page"":214,""text"":""73、资产减值损失\n\n\n                                                                                        单位：元\n\n             项目                           本期发生额                           上期发生额\n\n 二、存货跌价损失及合同履约成本减值                                  -2,818,605.43                  -9,791,759.96\n 损失\n\n 三、长期股权投资减值损失                                                                      -7,392,257.43\n\n 十一、商誉减值损失                                         -13,094,471.49                 -19,262,298.29\n\n 十二、合同资产减值损失                                       -56,127,289.73\n\n 合计                                                -72,040,366.65                 -36,446,315.68""}],""period_basis"":""报告期全年发生额"",""allowed_for_model_input"":true,""quote_format"":""page_attributed_fragments"",""sign_convention"":""negative_is_loss_positive_is_gain"",""conflict_group"":""2020_contract_provision_loss""}"
"2020.financial.landscape_revenue","financial","2020","duration","2020-01-01","2020-12-31","landscape_revenue","园林行业营业收入","1757587842.46","","元","CNY","1","元","1757587842.46","合并","","meichen_2020_original.pdf","annual_report_2020_original","18","18","[18]","2021-04-20","2021-04-30","true","disclosed","true","","（1）营业收入构成


营业收入整体情况

                                                                         单位：元

                       2020年                      2019年
                                                                     同比增减
                  金额       占营业收入比重          金额       占营业收入比重

营业收入合计        3,065,927,169.95    100%   2,954,623,175.52    100%        3.77%

分行业

一、主营业务收入

汽车配件          1,279,012,682.12   41.72%  1,101,423,532.01   37.28%       16.12%

园林            1,757,587,842.46   57.33%  1,825,612,950.34   61.79%       -3.73%

二、其他业务收入

销售材料             4,242,093.93     0.14%    4,367,156.05     0.15%        -2.86%

其他              25,084,551.44     0.82%    23,219,537.12    0.79%        8.03%","按行业分拆的园林收入，包含园林施工、苗木销售、设计及服务；不同于单独的园林施工产品收入。","{""quote_fragments"":[{""page"":18,""pdf_page"":18,""text"":""（1）营业收入构成\n\n\n营业收入整体情况\n\n                                                                         单位：元\n\n                       2020年                      2019年\n                                                                     同比增减\n                  金额       占营业收入比重          金额       占营业收入比重\n\n营业收入合计        3,065,927,169.95    100%   2,954,623,175.52    100%        3.77%\n\n分行业\n\n一、主营业务收入\n\n汽车配件          1,279,012,682.12   41.72%  1,101,423,532.01   37.28%       16.12%\n\n园林            1,757,587,842.46   57.33%  1,825,612,950.34   61.79%       -3.73%\n\n二、其他业务收入\n\n销售材料             4,242,093.93     0.14%    4,367,156.05     0.15%        -2.86%\n\n其他              25,084,551.44     0.82%    23,219,537.12    0.79%        8.03%""}],""segment"":""园林"",""period_basis"":""报告期全年发生额"",""allowed_for_model_input"":true,""quote_format"":""page_attributed_fragments""}"
"2020.financial.landscape_construction_revenue","financial","2020","duration","2020-01-01","2020-12-31","landscape_construction_revenue","园林施工产品营业收入","1695254488.30","","元","CNY","1","元","1695254488.30","合并","","meichen_2020_original.pdf","annual_report_2020_original","19","19","[18,19]","2021-04-20","2021-04-30","true","disclosed","true","","单位：元

                       2020年                      2019年
                                                                     同比增减
                  金额       占营业收入比重          金额       占营业收入比重

塑料制品                    59,615,273.05             1.94%        66,697,401.52              2.26%             -10.62%

 园林施工                 1,695,254,488.30            55.29%     1,753,587,625.21             59.35%              -3.33%

 苗木销售                     3,097,223.74             0.10%         4,347,218.00              0.15%             -28.75%

 设计及服务                   59,236,130.42             1.93%        67,678,107.13              2.29%             -12.47%

 其他                      29,326,645.37             0.96%        27,586,693.17              0.93%               6.31%","分产品口径。","{""quote_fragments"":[{""page"":18,""pdf_page"":18,""text"":""单位：元\n\n                       2020年                      2019年\n                                                                     同比增减\n                  金额       占营业收入比重          金额       占营业收入比重""},{""page"":19,""pdf_page"":19,""text"":""塑料制品                    59,615,273.05             1.94%        66,697,401.52              2.26%             -10.62%\n\n 园林施工                 1,695,254,488.30            55.29%     1,753,587,625.21             59.35%              -3.33%\n\n 苗木销售                     3,097,223.74             0.10%         4,347,218.00              0.15%             -28.75%\n\n 设计及服务                   59,236,130.42             1.93%        67,678,107.13              2.29%             -12.47%\n\n 其他                      29,326,645.37             0.96%        27,586,693.17              0.93%               6.31%""}],""segment"":""园林施工"",""period_basis"":""报告期全年发生额"",""allowed_for_model_input"":true,""quote_format"":""page_attributed_fragments""}"
"2020.financial.seedling_sales_revenue","financial","2020","duration","2020-01-01","2020-12-31","seedling_sales_revenue","苗木销售收入","3097223.74","","元","CNY","1","元","3097223.74","合并","","meichen_2020_original.pdf","annual_report_2020_original","19","19","[18,19]","2021-04-20","2021-04-30","true","disclosed","true","","单位：元

                       2020年                      2019年
                                                                     同比增减
                  金额       占营业收入比重          金额       占营业收入比重

塑料制品                    59,615,273.05             1.94%        66,697,401.52              2.26%             -10.62%

 园林施工                 1,695,254,488.30            55.29%     1,753,587,625.21             59.35%              -3.33%

 苗木销售                     3,097,223.74             0.10%         4,347,218.00              0.15%             -28.75%

 设计及服务                   59,236,130.42             1.93%        67,678,107.13              2.29%             -12.47%

 其他                      29,326,645.37             0.96%        27,586,693.17              0.93%               6.31%","园林行业收入的产品分项。","{""quote_fragments"":[{""page"":18,""pdf_page"":18,""text"":""单位：元\n\n                       2020年                      2019年\n                                                                     同比增减\n                  金额       占营业收入比重          金额       占营业收入比重""},{""page"":19,""pdf_page"":19,""text"":""塑料制品                    59,615,273.05             1.94%        66,697,401.52              2.26%             -10.62%\n\n 园林施工                 1,695,254,488.30            55.29%     1,753,587,625.21             59.35%              -3.33%\n\n 苗木销售                     3,097,223.74             0.10%         4,347,218.00              0.15%             -28.75%\n\n 设计及服务                   59,236,130.42             1.93%        67,678,107.13              2.29%             -12.47%\n\n 其他                      29,326,645.37             0.96%        27,586,693.17              0.93%               6.31%""}],""segment"":""苗木销售"",""period_basis"":""报告期全年发生额"",""allowed_for_model_input"":true,""quote_format"":""page_attributed_fragments""}"
"2020.financial.design_and_services_revenue","financial","2020","duration","2020-01-01","2020-12-31","design_and_services_revenue","设计及服务收入","59236130.42","","元","CNY","1","元","59236130.42","合并","","meichen_2020_original.pdf","annual_report_2020_original","19","19","[18,19]","2021-04-20","2021-04-30","true","disclosed","true","","单位：元

                       2020年                      2019年
                                                                     同比增减
                  金额       占营业收入比重          金额       占营业收入比重

塑料制品                    59,615,273.05             1.94%        66,697,401.52              2.26%             -10.62%

 园林施工                 1,695,254,488.30            55.29%     1,753,587,625.21             59.35%              -3.33%

 苗木销售                     3,097,223.74             0.10%         4,347,218.00              0.15%             -28.75%

 设计及服务                   59,236,130.42             1.93%        67,678,107.13              2.29%             -12.47%

 其他                      29,326,645.37             0.96%        27,586,693.17              0.93%               6.31%","园林行业收入的产品分项。","{""quote_fragments"":[{""page"":18,""pdf_page"":18,""text"":""单位：元\n\n                       2020年                      2019年\n                                                                     同比增减\n                  金额       占营业收入比重          金额       占营业收入比重""},{""page"":19,""pdf_page"":19,""text"":""塑料制品                    59,615,273.05             1.94%        66,697,401.52              2.26%             -10.62%\n\n 园林施工                 1,695,254,488.30            55.29%     1,753,587,625.21             59.35%              -3.33%\n\n 苗木销售                     3,097,223.74             0.10%         4,347,218.00              0.15%             -28.75%\n\n 设计及服务                   59,236,130.42             1.93%        67,678,107.13              2.29%             -12.47%\n\n 其他                      29,326,645.37             0.96%        27,586,693.17              0.93%               6.31%""}],""segment"":""设计及服务"",""period_basis"":""报告期全年发生额"",""allowed_for_model_input"":true,""quote_format"":""page_attributed_fragments""}"
"2019.financial_observation.landscape_revenue_income_composition","financial_observation","2019","duration","2019-01-01","2019-12-31","landscape_revenue_income_composition","园林行业营业收入","1825612950.34","","元","CNY","1","元","1825612950.34","合并","","meichen_2019_original.pdf","annual_report_2019_original","17","17","[17]","2020-04-20","2021-04-30","true","source_conflict","false","","2、收入与成本

（1）营业收入构成


营业收入整体情况
                                                                                                                        单位：元

                                       2019 年                                     2018 年
                                                                                                                 同比增减
                             金额              占营业收入比重                    金额              占营业收入比重
分行业
一、主营业务收入
园林                       1,825,612,950.34               61.79%      2,178,022,761.89               62.40%               -16.18%
一、主营业务收入","取营业收入构成表2019年园林行业金额。第18页另一张行业表披露1825612950.00元，保留差异，未覆盖本值。","{""period_basis"":""报告期全年发生额"",""allowed_for_model_input"":true,""quote_format"":""extracted_lines_with_header_pages"",""conflict_group"":""2019_landscape_revenue""}"
"2019.financial_observation.landscape_revenue_material_business_table","financial_observation","2019","duration","2019-01-01","2019-12-31","landscape_revenue_material_business_table","园林行业收入（占收入或利润10%以上业务表）","1825612950.00","","元","CNY","1","元","1825612950.00","合并","","meichen_2019_original.pdf","annual_report_2019_original","18","18","[18]","2020-04-20","2021-04-30","true","source_conflict","false","","（2）占公司营业收入或营业利润                   10%以上的行业、产品或地区情况


√ 适用   □ 不适用
                                                                                                   单位：元

                  营业收入            营业成本            毛利率        营业收入比上年        营业成本比上年        毛利率比上年同
                                                                同期增减           同期增减            期增减

分行业

汽车配件            1,101,423,532.00 787,304,413.92       28.52%        -13.49%          -8.72%         -3.73%

园林              1,825,612,950.00 1,327,256,626.87     27.30%        -16.18%         -11.29%         -4.00%","独立保留原始表格披露。此值与第17页营业收入构成表相差0.34元，不作为同一指标替代值。","{""period_basis"":""报告期全年发生额"",""allowed_for_model_input"":true,""quote_format"":""extracted_lines_with_header_pages"",""conflict_group"":""2019_landscape_revenue""}"
"2018.customer.customer_1_amount","customer","2018","duration","2018-01-01","2018-12-31","customer_1_amount","第1大客户销售额","289234999.21","","元","CNY","1","元","289234999.21","合并","","meichen_2018_original.pdf","annual_report_2018_original","21","21","[21]","2019-04-26","2021-04-30","true","disclosed","true","","前五名客户合计销售金额（元）                                                              951,094,332.67

 前五名客户合计销售金额占年度销售总额比例                                                              27.25%

 前五名客户销售额中关联方销售额占年度销售总额                                                             0.00%
 比例

公司前  5大客户资料

  序号               客户名称                     销售额（元）                 占年度销售总额比例

 1      第一名                                     289,234,999.21                      8.29%

 2      第二名                                     264,560,592.49                      7.58%

 3      第三名                                     175,109,214.56                      5.02%

 4      第四名                                     126,487,677.73                      3.62%

 5      第五名                                      95,701,848.68                      2.74%

 合计                   --                        951,094,332.67                     27.25%

主要客户其他情况说明
□ 适用  √  不适用","原始年报以名次匿名披露；不推断交易对手真实名称。","{""year"":""2018"",""key"":""customer_1_amount"",""status"":""extracted_original"",""rank"":1,""disclosed_name"":""第一名"",""real_name_disclosed"":false,""related_party"":null,""related_party_reason"":""仅披露前五名中关联方合计占比，未逐户披露。"",""scope_basis"":""经营情况讨论与分析中公司主要客户/供应商披露；该表未单独标注母公司口径。合并口径按所在经营分析章节识别，非表头明示。"",""scope_explicit_in_table"":false,""period_basis"":""报告期全年发生额"",""allowed_for_model_input"":true,""quote_format"":""extracted_page_excerpt""}"
"2018.customer.customer_1_percent","customer","2018","duration","2018-01-01","2018-12-31","customer_1_percent","第1大客户占年度销售总额比例","8.29","","%","","0.01","ratio","0.0829","合并","","meichen_2018_original.pdf","annual_report_2018_original","21","21","[21]","2019-04-26","2021-04-30","true","disclosed","true","","前五名客户合计销售金额（元）                                                              951,094,332.67

 前五名客户合计销售金额占年度销售总额比例                                                              27.25%

 前五名客户销售额中关联方销售额占年度销售总额                                                             0.00%
 比例

公司前  5大客户资料

  序号               客户名称                     销售额（元）                 占年度销售总额比例

 1      第一名                                     289,234,999.21                      8.29%

 2      第二名                                     264,560,592.49                      7.58%

 3      第三名                                     175,109,214.56                      5.02%

 4      第四名                                     126,487,677.73                      3.62%

 5      第五名                                      95,701,848.68                      2.74%

 合计                   --                        951,094,332.67                     27.25%

主要客户其他情况说明
□ 适用  √  不适用","原始年报以名次匿名披露；不推断交易对手真实名称。","{""year"":""2018"",""key"":""customer_1_percent"",""status"":""extracted_original"",""rank"":1,""disclosed_name"":""第一名"",""real_name_disclosed"":false,""related_party"":null,""related_party_reason"":""仅披露前五名中关联方合计占比，未逐户披露。"",""scope_basis"":""经营情况讨论与分析中公司主要客户/供应商披露；该表未单独标注母公司口径。合并口径按所在经营分析章节识别，非表头明示。"",""scope_explicit_in_table"":false,""period_basis"":""报告期全年发生额"",""allowed_for_model_input"":true,""quote_format"":""extracted_page_excerpt""}"
"2018.customer.customer_2_amount","customer","2018","duration","2018-01-01","2018-12-31","customer_2_amount","第2大客户销售额","264560592.49","","元","CNY","1","元","264560592.49","合并","","meichen_2018_original.pdf","annual_report_2018_original","21","21","[21]","2019-04-26","2021-04-30","true","disclosed","true","","前五名客户合计销售金额（元）                                                              951,094,332.67

 前五名客户合计销售金额占年度销售总额比例                                                              27.25%

 前五名客户销售额中关联方销售额占年度销售总额                                                             0.00%
 比例

公司前  5大客户资料

  序号               客户名称                     销售额（元）                 占年度销售总额比例

 1      第一名                                     289,234,999.21                      8.29%

 2      第二名                                     264,560,592.49                      7.58%

 3      第三名                                     175,109,214.56                      5.02%

 4      第四名                                     126,487,677.73                      3.62%

 5      第五名                                      95,701,848.68                      2.74%

 合计                   --                        951,094,332.67                     27.25%

主要客户其他情况说明
□ 适用  √  不适用","原始年报以名次匿名披露；不推断交易对手真实名称。","{""year"":""2018"",""key"":""customer_2_amount"",""status"":""extracted_original"",""rank"":2,""disclosed_name"":""第二名"",""real_name_disclosed"":false,""related_party"":null,""related_party_reason"":""仅披露前五名中关联方合计占比，未逐户披露。"",""scope_basis"":""经营情况讨论与分析中公司主要客户/供应商披露；该表未单独标注母公司口径。合并口径按所在经营分析章节识别，非表头明示。"",""scope_explicit_in_table"":false,""period_basis"":""报告期全年发生额"",""allowed_for_model_input"":true,""quote_format"":""extracted_page_excerpt""}"
"2018.customer.customer_2_percent","customer","2018","duration","2018-01-01","2018-12-31","customer_2_percent","第2大客户占年度销售总额比例","7.58","","%","","0.01","ratio","0.0758","合并","","meichen_2018_original.pdf","annual_report_2018_original","21","21","[21]","2019-04-26","2021-04-30","true","disclosed","true","","前五名客户合计销售金额（元）                                                              951,094,332.67

 前五名客户合计销售金额占年度销售总额比例                                                              27.25%

 前五名客户销售额中关联方销售额占年度销售总额                                                             0.00%
 比例

公司前  5大客户资料

  序号               客户名称                     销售额（元）                 占年度销售总额比例

 1      第一名                                     289,234,999.21                      8.29%

 2      第二名                                     264,560,592.49                      7.58%

 3      第三名                                     175,109,214.56                      5.02%

 4      第四名                                     126,487,677.73                      3.62%

 5      第五名                                      95,701,848.68                      2.74%

 合计                   --                        951,094,332.67                     27.25%

主要客户其他情况说明
□ 适用  √  不适用","原始年报以名次匿名披露；不推断交易对手真实名称。","{""year"":""2018"",""key"":""customer_2_percent"",""status"":""extracted_original"",""rank"":2,""disclosed_name"":""第二名"",""real_name_disclosed"":false,""related_party"":null,""related_party_reason"":""仅披露前五名中关联方合计占比，未逐户披露。"",""scope_basis"":""经营情况讨论与分析中公司主要客户/供应商披露；该表未单独标注母公司口径。合并口径按所在经营分析章节识别，非表头明示。"",""scope_explicit_in_table"":false,""period_basis"":""报告期全年发生额"",""allowed_for_model_input"":true,""quote_format"":""extracted_page_excerpt""}"
"2018.customer.customer_3_amount","customer","2018","duration","2018-01-01","2018-12-31","customer_3_amount","第3大客户销售额","175109214.56","","元","CNY","1","元","175109214.56","合并","","meichen_2018_original.pdf","annual_report_2018_original","21","21","[21]","2019-04-26","2021-04-30","true","disclosed","true","","前五名客户合计销售金额（元）                                                              951,094,332.67

 前五名客户合计销售金额占年度销售总额比例                                                              27.25%

 前五名客户销售额中关联方销售额占年度销售总额                                                             0.00%
 比例

公司前  5大客户资料

  序号               客户名称                     销售额（元）                 占年度销售总额比例

 1      第一名                                     289,234,999.21                      8.29%

 2      第二名                                     264,560,592.49                      7.58%

 3      第三名                                     175,109,214.56                      5.02%

 4      第四名                                     126,487,677.73                      3.62%

 5      第五名                                      95,701,848.68                      2.74%

 合计                   --                        951,094,332.67                     27.25%

主要客户其他情况说明
□ 适用  √  不适用","原始年报以名次匿名披露；不推断交易对手真实名称。","{""year"":""2018"",""key"":""customer_3_amount"",""status"":""extracted_original"",""rank"":3,""disclosed_name"":""第三名"",""real_name_disclosed"":false,""related_party"":null,""related_party_reason"":""仅披露前五名中关联方合计占比，未逐户披露。"",""scope_basis"":""经营情况讨论与分析中公司主要客户/供应商披露；该表未单独标注母公司口径。合并口径按所在经营分析章节识别，非表头明示。"",""scope_explicit_in_table"":false,""period_basis"":""报告期全年发生额"",""allowed_for_model_input"":true,""quote_format"":""extracted_page_excerpt""}"
"2018.customer.customer_3_percent","customer","2018","duration","2018-01-01","2018-12-31","customer_3_percent","第3大客户占年度销售总额比例","5.02","","%","","0.01","ratio","0.0502","合并","","meichen_2018_original.pdf","annual_report_2018_original","21","21","[21]","2019-04-26","2021-04-30","true","disclosed","true","","前五名客户合计销售金额（元）                                                              951,094,332.67

 前五名客户合计销售金额占年度销售总额比例                                                              27.25%

 前五名客户销售额中关联方销售额占年度销售总额                                                             0.00%
 比例

公司前  5大客户资料

  序号               客户名称                     销售额（元）                 占年度销售总额比例

 1      第一名                                     289,234,999.21                      8.29%

 2      第二名                                     264,560,592.49                      7.58%

 3      第三名                                     175,109,214.56                      5.02%

 4      第四名                                     126,487,677.73                      3.62%

 5      第五名                                      95,701,848.68                      2.74%

 合计                   --                        951,094,332.67                     27.25%

主要客户其他情况说明
□ 适用  √  不适用","原始年报以名次匿名披露；不推断交易对手真实名称。","{""year"":""2018"",""key"":""customer_3_percent"",""status"":""extracted_original"",""rank"":3,""disclosed_name"":""第三名"",""real_name_disclosed"":false,""related_party"":null,""related_party_reason"":""仅披露前五名中关联方合计占比，未逐户披露。"",""scope_basis"":""经营情况讨论与分析中公司主要客户/供应商披露；该表未单独标注母公司口径。合并口径按所在经营分析章节识别，非表头明示。"",""scope_explicit_in_table"":false,""period_basis"":""报告期全年发生额"",""allowed_for_model_input"":true,""quote_format"":""extracted_page_excerpt""}"
"2018.customer.customer_4_amount","customer","2018","duration","2018-01-01","2018-12-31","customer_4_amount","第4大客户销售额","126487677.73","","元","CNY","1","元","126487677.73","合并","","meichen_2018_original.pdf","annual_report_2018_original","21","21","[21]","2019-04-26","2021-04-30","true","disclosed","true","","前五名客户合计销售金额（元）                                                              951,094,332.67

 前五名客户合计销售金额占年度销售总额比例                                                              27.25%

 前五名客户销售额中关联方销售额占年度销售总额                                                             0.00%
 比例

公司前  5大客户资料

  序号               客户名称                     销售额（元）                 占年度销售总额比例

 1      第一名                                     289,234,999.21                      8.29%

 2      第二名                                     264,560,592.49                      7.58%

 3      第三名                                     175,109,214.56                      5.02%

 4      第四名                                     126,487,677.73                      3.62%

 5      第五名                                      95,701,848.68                      2.74%

 合计                   --                        951,094,332.67                     27.25%

主要客户其他情况说明
□ 适用  √  不适用","原始年报以名次匿名披露；不推断交易对手真实名称。","{""year"":""2018"",""key"":""customer_4_amount"",""status"":""extracted_original"",""rank"":4,""disclosed_name"":""第四名"",""real_name_disclosed"":false,""related_party"":null,""related_party_reason"":""仅披露前五名中关联方合计占比，未逐户披露。"",""scope_basis"":""经营情况讨论与分析中公司主要客户/供应商披露；该表未单独标注母公司口径。合并口径按所在经营分析章节识别，非表头明示。"",""scope_explicit_in_table"":false,""period_basis"":""报告期全年发生额"",""allowed_for_model_input"":true,""quote_format"":""extracted_page_excerpt""}"
"2018.customer.customer_4_percent","customer","2018","duration","2018-01-01","2018-12-31","customer_4_percent","第4大客户占年度销售总额比例","3.62","","%","","0.01","ratio","0.0362","合并","","meichen_2018_original.pdf","annual_report_2018_original","21","21","[21]","2019-04-26","2021-04-30","true","disclosed","true","","前五名客户合计销售金额（元）                                                              951,094,332.67

 前五名客户合计销售金额占年度销售总额比例                                                              27.25%

 前五名客户销售额中关联方销售额占年度销售总额                                                             0.00%
 比例

公司前  5大客户资料

  序号               客户名称                     销售额（元）                 占年度销售总额比例

 1      第一名                                     289,234,999.21                      8.29%

 2      第二名                                     264,560,592.49                      7.58%

 3      第三名                                     175,109,214.56                      5.02%

 4      第四名                                     126,487,677.73                      3.62%

 5      第五名                                      95,701,848.68                      2.74%

 合计                   --                        951,094,332.67                     27.25%

主要客户其他情况说明
□ 适用  √  不适用","原始年报以名次匿名披露；不推断交易对手真实名称。","{""year"":""2018"",""key"":""customer_4_percent"",""status"":""extracted_original"",""rank"":4,""disclosed_name"":""第四名"",""real_name_disclosed"":false,""related_party"":null,""related_party_reason"":""仅披露前五名中关联方合计占比，未逐户披露。"",""scope_basis"":""经营情况讨论与分析中公司主要客户/供应商披露；该表未单独标注母公司口径。合并口径按所在经营分析章节识别，非表头明示。"",""scope_explicit_in_table"":false,""period_basis"":""报告期全年发生额"",""allowed_for_model_input"":true,""quote_format"":""extracted_page_excerpt""}"
"2018.customer.customer_5_amount","customer","2018","duration","2018-01-01","2018-12-31","customer_5_amount","第5大客户销售额","95701848.68","","元","CNY","1","元","95701848.68","合并","","meichen_2018_original.pdf","annual_report_2018_original","21","21","[21]","2019-04-26","2021-04-30","true","disclosed","true","","前五名客户合计销售金额（元）                                                              951,094,332.67

 前五名客户合计销售金额占年度销售总额比例                                                              27.25%

 前五名客户销售额中关联方销售额占年度销售总额                                                             0.00%
 比例

公司前  5大客户资料

  序号               客户名称                     销售额（元）                 占年度销售总额比例

 1      第一名                                     289,234,999.21                      8.29%

 2      第二名                                     264,560,592.49                      7.58%

 3      第三名                                     175,109,214.56                      5.02%

 4      第四名                                     126,487,677.73                      3.62%

 5      第五名                                      95,701,848.68                      2.74%

 合计                   --                        951,094,332.67                     27.25%

主要客户其他情况说明
□ 适用  √  不适用","原始年报以名次匿名披露；不推断交易对手真实名称。","{""year"":""2018"",""key"":""customer_5_amount"",""status"":""extracted_original"",""rank"":5,""disclosed_name"":""第五名"",""real_name_disclosed"":false,""related_party"":null,""related_party_reason"":""仅披露前五名中关联方合计占比，未逐户披露。"",""scope_basis"":""经营情况讨论与分析中公司主要客户/供应商披露；该表未单独标注母公司口径。合并口径按所在经营分析章节识别，非表头明示。"",""scope_explicit_in_table"":false,""period_basis"":""报告期全年发生额"",""allowed_for_model_input"":true,""quote_format"":""extracted_page_excerpt""}"
"2018.customer.customer_5_percent","customer","2018","duration","2018-01-01","2018-12-31","customer_5_percent","第5大客户占年度销售总额比例","2.74","","%","","0.01","ratio","0.0274","合并","","meichen_2018_original.pdf","annual_report_2018_original","21","21","[21]","2019-04-26","2021-04-30","true","disclosed","true","","前五名客户合计销售金额（元）                                                              951,094,332.67

 前五名客户合计销售金额占年度销售总额比例                                                              27.25%

 前五名客户销售额中关联方销售额占年度销售总额                                                             0.00%
 比例

公司前  5大客户资料

  序号               客户名称                     销售额（元）                 占年度销售总额比例

 1      第一名                                     289,234,999.21                      8.29%

 2      第二名                                     264,560,592.49                      7.58%

 3      第三名                                     175,109,214.56                      5.02%

 4      第四名                                     126,487,677.73                      3.62%

 5      第五名                                      95,701,848.68                      2.74%

 合计                   --                        951,094,332.67                     27.25%

主要客户其他情况说明
□ 适用  √  不适用","原始年报以名次匿名披露；不推断交易对手真实名称。","{""year"":""2018"",""key"":""customer_5_percent"",""status"":""extracted_original"",""rank"":5,""disclosed_name"":""第五名"",""real_name_disclosed"":false,""related_party"":null,""related_party_reason"":""仅披露前五名中关联方合计占比，未逐户披露。"",""scope_basis"":""经营情况讨论与分析中公司主要客户/供应商披露；该表未单独标注母公司口径。合并口径按所在经营分析章节识别，非表头明示。"",""scope_explicit_in_table"":false,""period_basis"":""报告期全年发生额"",""allowed_for_model_input"":true,""quote_format"":""extracted_page_excerpt""}"
"2018.customer.customer_top5_amount","customer","2018","duration","2018-01-01","2018-12-31","customer_top5_amount","前五名客户合计销售金额","951094332.67","","元","CNY","1","元","951094332.67","合并","","meichen_2018_original.pdf","annual_report_2018_original","21","21","[21]","2019-04-26","2021-04-30","true","disclosed","true","","前五名客户合计销售金额（元）                                                              951,094,332.67

 前五名客户合计销售金额占年度销售总额比例                                                              27.25%

 前五名客户销售额中关联方销售额占年度销售总额                                                             0.00%
 比例

公司前  5大客户资料

  序号               客户名称                     销售额（元）                 占年度销售总额比例

 1      第一名                                     289,234,999.21                      8.29%

 2      第二名                                     264,560,592.49                      7.58%

 3      第三名                                     175,109,214.56                      5.02%

 4      第四名                                     126,487,677.73                      3.62%

 5      第五名                                      95,701,848.68                      2.74%

 合计                   --                        951,094,332.67                     27.25%

主要客户其他情况说明
□ 适用  √  不适用","","{""year"":""2018"",""key"":""customer_top5_amount"",""status"":""extracted_original"",""scope_basis"":""经营情况讨论与分析中公司主要客户/供应商披露；该表未单独标注母公司口径。合并口径按所在经营分析章节识别，非表头明示。"",""scope_explicit_in_table"":false,""period_basis"":""报告期全年发生额"",""allowed_for_model_input"":true,""quote_format"":""extracted_page_excerpt""}"
"2018.customer.customer_top5_percent_summary","customer","2018","duration","2018-01-01","2018-12-31","customer_top5_percent_summary","前五名客户合计占年度总额比例（汇总披露）","27.25","","%","","0.01","ratio","0.2725","合并","","meichen_2018_original.pdf","annual_report_2018_original","21","21","[21]","2019-04-26","2021-04-30","true","disclosed","true","","前五名客户合计销售金额（元）                                                              951,094,332.67

 前五名客户合计销售金额占年度销售总额比例                                                              27.25%

 前五名客户销售额中关联方销售额占年度销售总额                                                             0.00%
 比例

公司前  5大客户资料

  序号               客户名称                     销售额（元）                 占年度销售总额比例

 1      第一名                                     289,234,999.21                      8.29%

 2      第二名                                     264,560,592.49                      7.58%

 3      第三名                                     175,109,214.56                      5.02%

 4      第四名                                     126,487,677.73                      3.62%

 5      第五名                                      95,701,848.68                      2.74%

 合计                   --                        951,094,332.67                     27.25%

主要客户其他情况说明
□ 适用  √  不适用","","{""year"":""2018"",""key"":""customer_top5_percent_summary"",""status"":""extracted_original"",""scope_basis"":""经营情况讨论与分析中公司主要客户/供应商披露；该表未单独标注母公司口径。合并口径按所在经营分析章节识别，非表头明示。"",""scope_explicit_in_table"":false,""period_basis"":""报告期全年发生额"",""allowed_for_model_input"":true,""quote_format"":""extracted_page_excerpt""}"
"2018.customer.customer_top5_related_percent","customer","2018","duration","2018-01-01","2018-12-31","customer_top5_related_percent","前五名客户中关联方交易额占年度总额比例","0.00","","%","","0.01","ratio","0.0000","合并","","meichen_2018_original.pdf","annual_report_2018_original","21","21","[21]","2019-04-26","2021-04-30","true","disclosed","true","","前五名客户合计销售金额（元）                                                              951,094,332.67

 前五名客户合计销售金额占年度销售总额比例                                                              27.25%

 前五名客户销售额中关联方销售额占年度销售总额                                                             0.00%
 比例

公司前  5大客户资料

  序号               客户名称                     销售额（元）                 占年度销售总额比例

 1      第一名                                     289,234,999.21                      8.29%

 2      第二名                                     264,560,592.49                      7.58%

 3      第三名                                     175,109,214.56                      5.02%

 4      第四名                                     126,487,677.73                      3.62%

 5      第五名                                      95,701,848.68                      2.74%

 合计                   --                        951,094,332.67                     27.25%

主要客户其他情况说明
□ 适用  √  不适用","","{""year"":""2018"",""key"":""customer_top5_related_percent"",""status"":""extracted_original"",""scope_basis"":""经营情况讨论与分析中公司主要客户/供应商披露；该表未单独标注母公司口径。合并口径按所在经营分析章节识别，非表头明示。"",""scope_explicit_in_table"":false,""period_basis"":""报告期全年发生额"",""allowed_for_model_input"":true,""quote_format"":""extracted_page_excerpt""}"
"2018.customer.customer_identities","customer","2018","duration","2018-01-01","2018-12-31","customer_identities","前五名客户名称披露方式","","以第一名至第五名匿名披露，未披露真实名称。","","","","","","合并","","meichen_2018_original.pdf","annual_report_2018_original","21","21","[21]","2019-04-26","2021-04-30","true","disclosed","false","","前五名客户合计销售金额（元）                                                              951,094,332.67

 前五名客户合计销售金额占年度销售总额比例                                                              27.25%

 前五名客户销售额中关联方销售额占年度销售总额                                                             0.00%
 比例

公司前  5大客户资料

  序号               客户名称                     销售额（元）                 占年度销售总额比例

 1      第一名                                     289,234,999.21                      8.29%

 2      第二名                                     264,560,592.49                      7.58%

 3      第三名                                     175,109,214.56                      5.02%

 4      第四名                                     126,487,677.73                      3.62%

 5      第五名                                      95,701,848.68                      2.74%

 合计                   --                        951,094,332.67                     27.25%

主要客户其他情况说明
□ 适用  √  不适用","","{""year"":""2018"",""key"":""customer_identities"",""status"":""extracted_original"",""scope_basis"":""经营情况讨论与分析中公司主要客户/供应商披露；该表未单独标注母公司口径。合并口径按所在经营分析章节识别，非表头明示。"",""scope_explicit_in_table"":false,""period_basis"":""报告期全年发生额"",""allowed_for_model_input"":true,""quote_format"":""extracted_page_excerpt""}"
"2018.supplier.supplier_1_amount","supplier","2018","duration","2018-01-01","2018-12-31","supplier_1_amount","第1大供应商采购额","172579556.60","","元","CNY","1","元","172579556.60","合并","","meichen_2018_original.pdf","annual_report_2018_original","21","21","[21,22]","2019-04-26","2021-04-30","true","disclosed","true","","公司主要供应商情况

 前五名供应商合计采购金额（元）                                                             388,410,589.80

 前五名供应商合计采购金额占年度采购总额比例                                                             17.24%

 前五名供应商采购额中关联方采购额占年度采购总                                                             0.00%
 额比例

公司前  5名供应商资料

  序号               供应商名称                    采购额（元）                 占年度采购总额比例

 1       第一名                                    172,579,556.60                      7.66%

 2       第二名                                     66,107,016.65                      2.93%

 3       第三名                                     57,545,454.54                      2.55%



21

山东美晨生态环境股份有限公司       2018年年度报告全文


4       第四名                                48,801,668.66                  2.17%

5       第五名                                43,376,893.34                  1.93%

合计                  --                     388,410,589.79                 17.24%

主要供应商其他情况说明

□ 适用  √ 不适用","原始年报以名次匿名披露；不推断交易对手真实名称。","{""year"":""2018"",""key"":""supplier_1_amount"",""status"":""extracted_original"",""rank"":1,""disclosed_name"":""第一名"",""real_name_disclosed"":false,""related_party"":null,""related_party_reason"":""仅披露前五名中关联方合计占比，未逐户披露。"",""scope_basis"":""经营情况讨论与分析中公司主要客户/供应商披露；该表未单独标注母公司口径。合并口径按所在经营分析章节识别，非表头明示。"",""scope_explicit_in_table"":false,""period_basis"":""报告期全年发生额"",""allowed_for_model_input"":true,""quote_format"":""extracted_page_excerpt""}"
"2018.supplier.supplier_1_percent","supplier","2018","duration","2018-01-01","2018-12-31","supplier_1_percent","第1大供应商占年度采购总额比例","7.66","","%","","0.01","ratio","0.0766","合并","","meichen_2018_original.pdf","annual_report_2018_original","21","21","[21,22]","2019-04-26","2021-04-30","true","disclosed","true","","公司主要供应商情况

 前五名供应商合计采购金额（元）                                                             388,410,589.80

 前五名供应商合计采购金额占年度采购总额比例                                                             17.24%

 前五名供应商采购额中关联方采购额占年度采购总                                                             0.00%
 额比例

公司前  5名供应商资料

  序号               供应商名称                    采购额（元）                 占年度采购总额比例

 1       第一名                                    172,579,556.60                      7.66%

 2       第二名                                     66,107,016.65                      2.93%

 3       第三名                                     57,545,454.54                      2.55%



21

山东美晨生态环境股份有限公司       2018年年度报告全文


4       第四名                                48,801,668.66                  2.17%

5       第五名                                43,376,893.34                  1.93%

合计                  --                     388,410,589.79                 17.24%

主要供应商其他情况说明

□ 适用  √ 不适用","原始年报以名次匿名披露；不推断交易对手真实名称。","{""year"":""2018"",""key"":""supplier_1_percent"",""status"":""extracted_original"",""rank"":1,""disclosed_name"":""第一名"",""real_name_disclosed"":false,""related_party"":null,""related_party_reason"":""仅披露前五名中关联方合计占比，未逐户披露。"",""scope_basis"":""经营情况讨论与分析中公司主要客户/供应商披露；该表未单独标注母公司口径。合并口径按所在经营分析章节识别，非表头明示。"",""scope_explicit_in_table"":false,""period_basis"":""报告期全年发生额"",""allowed_for_model_input"":true,""quote_format"":""extracted_page_excerpt""}"
"2018.supplier.supplier_2_amount","supplier","2018","duration","2018-01-01","2018-12-31","supplier_2_amount","第2大供应商采购额","66107016.65","","元","CNY","1","元","66107016.65","合并","","meichen_2018_original.pdf","annual_report_2018_original","21","21","[21,22]","2019-04-26","2021-04-30","true","disclosed","true","","公司主要供应商情况

 前五名供应商合计采购金额（元）                                                             388,410,589.80

 前五名供应商合计采购金额占年度采购总额比例                                                             17.24%

 前五名供应商采购额中关联方采购额占年度采购总                                                             0.00%
 额比例

公司前  5名供应商资料

  序号               供应商名称                    采购额（元）                 占年度采购总额比例

 1       第一名                                    172,579,556.60                      7.66%

 2       第二名                                     66,107,016.65                      2.93%

 3       第三名                                     57,545,454.54                      2.55%



21

山东美晨生态环境股份有限公司       2018年年度报告全文


4       第四名                                48,801,668.66                  2.17%

5       第五名                                43,376,893.34                  1.93%

合计                  --                     388,410,589.79                 17.24%

主要供应商其他情况说明

□ 适用  √ 不适用","原始年报以名次匿名披露；不推断交易对手真实名称。","{""year"":""2018"",""key"":""supplier_2_amount"",""status"":""extracted_original"",""rank"":2,""disclosed_name"":""第二名"",""real_name_disclosed"":false,""related_party"":null,""related_party_reason"":""仅披露前五名中关联方合计占比，未逐户披露。"",""scope_basis"":""经营情况讨论与分析中公司主要客户/供应商披露；该表未单独标注母公司口径。合并口径按所在经营分析章节识别，非表头明示。"",""scope_explicit_in_table"":false,""period_basis"":""报告期全年发生额"",""allowed_for_model_input"":true,""quote_format"":""extracted_page_excerpt""}"
"2018.supplier.supplier_2_percent","supplier","2018","duration","2018-01-01","2018-12-31","supplier_2_percent","第2大供应商占年度采购总额比例","2.93","","%","","0.01","ratio","0.0293","合并","","meichen_2018_original.pdf","annual_report_2018_original","21","21","[21,22]","2019-04-26","2021-04-30","true","disclosed","true","","公司主要供应商情况

 前五名供应商合计采购金额（元）                                                             388,410,589.80

 前五名供应商合计采购金额占年度采购总额比例                                                             17.24%

 前五名供应商采购额中关联方采购额占年度采购总                                                             0.00%
 额比例

公司前  5名供应商资料

  序号               供应商名称                    采购额（元）                 占年度采购总额比例

 1       第一名                                    172,579,556.60                      7.66%

 2       第二名                                     66,107,016.65                      2.93%

 3       第三名                                     57,545,454.54                      2.55%



21

山东美晨生态环境股份有限公司       2018年年度报告全文


4       第四名                                48,801,668.66                  2.17%

5       第五名                                43,376,893.34                  1.93%

合计                  --                     388,410,589.79                 17.24%

主要供应商其他情况说明

□ 适用  √ 不适用","原始年报以名次匿名披露；不推断交易对手真实名称。","{""year"":""2018"",""key"":""supplier_2_percent"",""status"":""extracted_original"",""rank"":2,""disclosed_name"":""第二名"",""real_name_disclosed"":false,""related_party"":null,""related_party_reason"":""仅披露前五名中关联方合计占比，未逐户披露。"",""scope_basis"":""经营情况讨论与分析中公司主要客户/供应商披露；该表未单独标注母公司口径。合并口径按所在经营分析章节识别，非表头明示。"",""scope_explicit_in_table"":false,""period_basis"":""报告期全年发生额"",""allowed_for_model_input"":true,""quote_format"":""extracted_page_excerpt""}"
"2018.supplier.supplier_3_amount","supplier","2018","duration","2018-01-01","2018-12-31","supplier_3_amount","第3大供应商采购额","57545454.54","","元","CNY","1","元","57545454.54","合并","","meichen_2018_original.pdf","annual_report_2018_original","21","21","[21,22]","2019-04-26","2021-04-30","true","disclosed","true","","公司主要供应商情况

 前五名供应商合计采购金额（元）                                                             388,410,589.80

 前五名供应商合计采购金额占年度采购总额比例                                                             17.24%

 前五名供应商采购额中关联方采购额占年度采购总                                                             0.00%
 额比例

公司前  5名供应商资料

  序号               供应商名称                    采购额（元）                 占年度采购总额比例

 1       第一名                                    172,579,556.60                      7.66%

 2       第二名                                     66,107,016.65                      2.93%

 3       第三名                                     57,545,454.54                      2.55%



21

山东美晨生态环境股份有限公司       2018年年度报告全文


4       第四名                                48,801,668.66                  2.17%

5       第五名                                43,376,893.34                  1.93%

合计                  --                     388,410,589.79                 17.24%

主要供应商其他情况说明

□ 适用  √ 不适用","原始年报以名次匿名披露；不推断交易对手真实名称。","{""year"":""2018"",""key"":""supplier_3_amount"",""status"":""extracted_original"",""rank"":3,""disclosed_name"":""第三名"",""real_name_disclosed"":false,""related_party"":null,""related_party_reason"":""仅披露前五名中关联方合计占比，未逐户披露。"",""scope_basis"":""经营情况讨论与分析中公司主要客户/供应商披露；该表未单独标注母公司口径。合并口径按所在经营分析章节识别，非表头明示。"",""scope_explicit_in_table"":false,""period_basis"":""报告期全年发生额"",""allowed_for_model_input"":true,""quote_format"":""extracted_page_excerpt""}"
"2018.supplier.supplier_3_percent","supplier","2018","duration","2018-01-01","2018-12-31","supplier_3_percent","第3大供应商占年度采购总额比例","2.55","","%","","0.01","ratio","0.0255","合并","","meichen_2018_original.pdf","annual_report_2018_original","21","21","[21,22]","2019-04-26","2021-04-30","true","disclosed","true","","公司主要供应商情况

 前五名供应商合计采购金额（元）                                                             388,410,589.80

 前五名供应商合计采购金额占年度采购总额比例                                                             17.24%

 前五名供应商采购额中关联方采购额占年度采购总                                                             0.00%
 额比例

公司前  5名供应商资料

  序号               供应商名称                    采购额（元）                 占年度采购总额比例

 1       第一名                                    172,579,556.60                      7.66%

 2       第二名                                     66,107,016.65                      2.93%

 3       第三名                                     57,545,454.54                      2.55%



21

山东美晨生态环境股份有限公司       2018年年度报告全文


4       第四名                                48,801,668.66                  2.17%

5       第五名                                43,376,893.34                  1.93%

合计                  --                     388,410,589.79                 17.24%

主要供应商其他情况说明

□ 适用  √ 不适用","原始年报以名次匿名披露；不推断交易对手真实名称。","{""year"":""2018"",""key"":""supplier_3_percent"",""status"":""extracted_original"",""rank"":3,""disclosed_name"":""第三名"",""real_name_disclosed"":false,""related_party"":null,""related_party_reason"":""仅披露前五名中关联方合计占比，未逐户披露。"",""scope_basis"":""经营情况讨论与分析中公司主要客户/供应商披露；该表未单独标注母公司口径。合并口径按所在经营分析章节识别，非表头明示。"",""scope_explicit_in_table"":false,""period_basis"":""报告期全年发生额"",""allowed_for_model_input"":true,""quote_format"":""extracted_page_excerpt""}"
"2018.supplier.supplier_4_amount","supplier","2018","duration","2018-01-01","2018-12-31","supplier_4_amount","第4大供应商采购额","48801668.66","","元","CNY","1","元","48801668.66","合并","","meichen_2018_original.pdf","annual_report_2018_original","22","22","[21,22]","2019-04-26","2021-04-30","true","disclosed","true","","公司主要供应商情况

 前五名供应商合计采购金额（元）                                                             388,410,589.80

 前五名供应商合计采购金额占年度采购总额比例                                                             17.24%

 前五名供应商采购额中关联方采购额占年度采购总                                                             0.00%
 额比例

公司前  5名供应商资料

  序号               供应商名称                    采购额（元）                 占年度采购总额比例

 1       第一名                                    172,579,556.60                      7.66%

 2       第二名                                     66,107,016.65                      2.93%

 3       第三名                                     57,545,454.54                      2.55%



21

山东美晨生态环境股份有限公司       2018年年度报告全文


4       第四名                                48,801,668.66                  2.17%

5       第五名                                43,376,893.34                  1.93%

合计                  --                     388,410,589.79                 17.24%

主要供应商其他情况说明

□ 适用  √ 不适用","原始年报以名次匿名披露；不推断交易对手真实名称。","{""year"":""2018"",""key"":""supplier_4_amount"",""status"":""extracted_original"",""rank"":4,""disclosed_name"":""第四名"",""real_name_disclosed"":false,""related_party"":null,""related_party_reason"":""仅披露前五名中关联方合计占比，未逐户披露。"",""scope_basis"":""经营情况讨论与分析中公司主要客户/供应商披露；该表未单独标注母公司口径。合并口径按所在经营分析章节识别，非表头明示。"",""scope_explicit_in_table"":false,""period_basis"":""报告期全年发生额"",""allowed_for_model_input"":true,""quote_format"":""extracted_page_excerpt""}"
"2018.supplier.supplier_4_percent","supplier","2018","duration","2018-01-01","2018-12-31","supplier_4_percent","第4大供应商占年度采购总额比例","2.17","","%","","0.01","ratio","0.0217","合并","","meichen_2018_original.pdf","annual_report_2018_original","22","22","[21,22]","2019-04-26","2021-04-30","true","disclosed","true","","公司主要供应商情况

 前五名供应商合计采购金额（元）                                                             388,410,589.80

 前五名供应商合计采购金额占年度采购总额比例                                                             17.24%

 前五名供应商采购额中关联方采购额占年度采购总                                                             0.00%
 额比例

公司前  5名供应商资料

  序号               供应商名称                    采购额（元）                 占年度采购总额比例

 1       第一名                                    172,579,556.60                      7.66%

 2       第二名                                     66,107,016.65                      2.93%

 3       第三名                                     57,545,454.54                      2.55%



21

山东美晨生态环境股份有限公司       2018年年度报告全文


4       第四名                                48,801,668.66                  2.17%

5       第五名                                43,376,893.34                  1.93%

合计                  --                     388,410,589.79                 17.24%

主要供应商其他情况说明

□ 适用  √ 不适用","原始年报以名次匿名披露；不推断交易对手真实名称。","{""year"":""2018"",""key"":""supplier_4_percent"",""status"":""extracted_original"",""rank"":4,""disclosed_name"":""第四名"",""real_name_disclosed"":false,""related_party"":null,""related_party_reason"":""仅披露前五名中关联方合计占比，未逐户披露。"",""scope_basis"":""经营情况讨论与分析中公司主要客户/供应商披露；该表未单独标注母公司口径。合并口径按所在经营分析章节识别，非表头明示。"",""scope_explicit_in_table"":false,""period_basis"":""报告期全年发生额"",""allowed_for_model_input"":true,""quote_format"":""extracted_page_excerpt""}"
"2018.supplier.supplier_5_amount","supplier","2018","duration","2018-01-01","2018-12-31","supplier_5_amount","第5大供应商采购额","43376893.34","","元","CNY","1","元","43376893.34","合并","","meichen_2018_original.pdf","annual_report_2018_original","22","22","[21,22]","2019-04-26","2021-04-30","true","disclosed","true","","公司主要供应商情况

 前五名供应商合计采购金额（元）                                                             388,410,589.80

 前五名供应商合计采购金额占年度采购总额比例                                                             17.24%

 前五名供应商采购额中关联方采购额占年度采购总                                                             0.00%
 额比例

公司前  5名供应商资料

  序号               供应商名称                    采购额（元）                 占年度采购总额比例

 1       第一名                                    172,579,556.60                      7.66%

 2       第二名                                     66,107,016.65                      2.93%

 3       第三名                                     57,545,454.54                      2.55%



21

山东美晨生态环境股份有限公司       2018年年度报告全文


4       第四名                                48,801,668.66                  2.17%

5       第五名                                43,376,893.34                  1.93%

合计                  --                     388,410,589.79                 17.24%

主要供应商其他情况说明

□ 适用  √ 不适用","原始年报以名次匿名披露；不推断交易对手真实名称。","{""year"":""2018"",""key"":""supplier_5_amount"",""status"":""extracted_original"",""rank"":5,""disclosed_name"":""第五名"",""real_name_disclosed"":false,""related_party"":null,""related_party_reason"":""仅披露前五名中关联方合计占比，未逐户披露。"",""scope_basis"":""经营情况讨论与分析中公司主要客户/供应商披露；该表未单独标注母公司口径。合并口径按所在经营分析章节识别，非表头明示。"",""scope_explicit_in_table"":false,""period_basis"":""报告期全年发生额"",""allowed_for_model_input"":true,""quote_format"":""extracted_page_excerpt""}"
"2018.supplier.supplier_5_percent","supplier","2018","duration","2018-01-01","2018-12-31","supplier_5_percent","第5大供应商占年度采购总额比例","1.93","","%","","0.01","ratio","0.0193","合并","","meichen_2018_original.pdf","annual_report_2018_original","22","22","[21,22]","2019-04-26","2021-04-30","true","disclosed","true","","公司主要供应商情况

 前五名供应商合计采购金额（元）                                                             388,410,589.80

 前五名供应商合计采购金额占年度采购总额比例                                                             17.24%

 前五名供应商采购额中关联方采购额占年度采购总                                                             0.00%
 额比例

公司前  5名供应商资料

  序号               供应商名称                    采购额（元）                 占年度采购总额比例

 1       第一名                                    172,579,556.60                      7.66%

 2       第二名                                     66,107,016.65                      2.93%

 3       第三名                                     57,545,454.54                      2.55%



21

山东美晨生态环境股份有限公司       2018年年度报告全文


4       第四名                                48,801,668.66                  2.17%

5       第五名                                43,376,893.34                  1.93%

合计                  --                     388,410,589.79                 17.24%

主要供应商其他情况说明

□ 适用  √ 不适用","原始年报以名次匿名披露；不推断交易对手真实名称。","{""year"":""2018"",""key"":""supplier_5_percent"",""status"":""extracted_original"",""rank"":5,""disclosed_name"":""第五名"",""real_name_disclosed"":false,""related_party"":null,""related_party_reason"":""仅披露前五名中关联方合计占比，未逐户披露。"",""scope_basis"":""经营情况讨论与分析中公司主要客户/供应商披露；该表未单独标注母公司口径。合并口径按所在经营分析章节识别，非表头明示。"",""scope_explicit_in_table"":false,""period_basis"":""报告期全年发生额"",""allowed_for_model_input"":true,""quote_format"":""extracted_page_excerpt""}"
"2018.supplier.supplier_top5_amount","supplier","2018","duration","2018-01-01","2018-12-31","supplier_top5_amount","前五名供应商合计采购金额","388410589.80","","元","CNY","1","元","388410589.80","合并","","meichen_2018_original.pdf","annual_report_2018_original","21","21","[21,22]","2019-04-26","2021-04-30","true","source_conflict","false","","公司主要供应商情况

 前五名供应商合计采购金额（元）                                                             388,410,589.80

 前五名供应商合计采购金额占年度采购总额比例                                                             17.24%

 前五名供应商采购额中关联方采购额占年度采购总                                                             0.00%
 额比例

公司前  5名供应商资料

  序号               供应商名称                    采购额（元）                 占年度采购总额比例

 1       第一名                                    172,579,556.60                      7.66%

 2       第二名                                     66,107,016.65                      2.93%

 3       第三名                                     57,545,454.54                      2.55%



21

山东美晨生态环境股份有限公司       2018年年度报告全文


4       第四名                                48,801,668.66                  2.17%

5       第五名                                43,376,893.34                  1.93%

合计                  --                     388,410,589.79                 17.24%

主要供应商其他情况说明

□ 适用  √ 不适用","","{""year"":""2018"",""key"":""supplier_top5_amount"",""status"":""extracted_original"",""scope_basis"":""经营情况讨论与分析中公司主要客户/供应商披露；该表未单独标注母公司口径。合并口径按所在经营分析章节识别，非表头明示。"",""scope_explicit_in_table"":false,""period_basis"":""报告期全年发生额"",""allowed_for_model_input"":true,""quote_format"":""extracted_page_excerpt"",""conflict_group"":""2018_supplier_amount""}"
"2018.supplier.supplier_top5_percent_summary","supplier","2018","duration","2018-01-01","2018-12-31","supplier_top5_percent_summary","前五名供应商合计占年度总额比例（汇总披露）","17.24","","%","","0.01","ratio","0.1724","合并","","meichen_2018_original.pdf","annual_report_2018_original","21","21","[21,22]","2019-04-26","2021-04-30","true","disclosed","true","","公司主要供应商情况

 前五名供应商合计采购金额（元）                                                             388,410,589.80

 前五名供应商合计采购金额占年度采购总额比例                                                             17.24%

 前五名供应商采购额中关联方采购额占年度采购总                                                             0.00%
 额比例

公司前  5名供应商资料

  序号               供应商名称                    采购额（元）                 占年度采购总额比例

 1       第一名                                    172,579,556.60                      7.66%

 2       第二名                                     66,107,016.65                      2.93%

 3       第三名                                     57,545,454.54                      2.55%



21

山东美晨生态环境股份有限公司       2018年年度报告全文


4       第四名                                48,801,668.66                  2.17%

5       第五名                                43,376,893.34                  1.93%

合计                  --                     388,410,589.79                 17.24%

主要供应商其他情况说明

□ 适用  √ 不适用","","{""year"":""2018"",""key"":""supplier_top5_percent_summary"",""status"":""extracted_original"",""scope_basis"":""经营情况讨论与分析中公司主要客户/供应商披露；该表未单独标注母公司口径。合并口径按所在经营分析章节识别，非表头明示。"",""scope_explicit_in_table"":false,""period_basis"":""报告期全年发生额"",""allowed_for_model_input"":true,""quote_format"":""extracted_page_excerpt""}"
"2018.supplier.supplier_top5_related_percent","supplier","2018","duration","2018-01-01","2018-12-31","supplier_top5_related_percent","前五名供应商中关联方交易额占年度总额比例","0.00","","%","","0.01","ratio","0.0000","合并","","meichen_2018_original.pdf","annual_report_2018_original","21","21","[21,22]","2019-04-26","2021-04-30","true","disclosed","true","","公司主要供应商情况

 前五名供应商合计采购金额（元）                                                             388,410,589.80

 前五名供应商合计采购金额占年度采购总额比例                                                             17.24%

 前五名供应商采购额中关联方采购额占年度采购总                                                             0.00%
 额比例

公司前  5名供应商资料

  序号               供应商名称                    采购额（元）                 占年度采购总额比例

 1       第一名                                    172,579,556.60                      7.66%

 2       第二名                                     66,107,016.65                      2.93%

 3       第三名                                     57,545,454.54                      2.55%



21

山东美晨生态环境股份有限公司       2018年年度报告全文


4       第四名                                48,801,668.66                  2.17%

5       第五名                                43,376,893.34                  1.93%

合计                  --                     388,410,589.79                 17.24%

主要供应商其他情况说明

□ 适用  √ 不适用","","{""year"":""2018"",""key"":""supplier_top5_related_percent"",""status"":""extracted_original"",""scope_basis"":""经营情况讨论与分析中公司主要客户/供应商披露；该表未单独标注母公司口径。合并口径按所在经营分析章节识别，非表头明示。"",""scope_explicit_in_table"":false,""period_basis"":""报告期全年发生额"",""allowed_for_model_input"":true,""quote_format"":""extracted_page_excerpt""}"
"2018.supplier.supplier_identities","supplier","2018","duration","2018-01-01","2018-12-31","supplier_identities","前五名供应商名称披露方式","","以第一名至第五名匿名披露，未披露真实名称。","","","","","","合并","","meichen_2018_original.pdf","annual_report_2018_original","21","21","[21,22]","2019-04-26","2021-04-30","true","disclosed","false","","公司主要供应商情况

 前五名供应商合计采购金额（元）                                                             388,410,589.80

 前五名供应商合计采购金额占年度采购总额比例                                                             17.24%

 前五名供应商采购额中关联方采购额占年度采购总                                                             0.00%
 额比例

公司前  5名供应商资料

  序号               供应商名称                    采购额（元）                 占年度采购总额比例

 1       第一名                                    172,579,556.60                      7.66%

 2       第二名                                     66,107,016.65                      2.93%

 3       第三名                                     57,545,454.54                      2.55%



21

山东美晨生态环境股份有限公司       2018年年度报告全文


4       第四名                                48,801,668.66                  2.17%

5       第五名                                43,376,893.34                  1.93%

合计                  --                     388,410,589.79                 17.24%

主要供应商其他情况说明

□ 适用  √ 不适用","","{""year"":""2018"",""key"":""supplier_identities"",""status"":""extracted_original"",""scope_basis"":""经营情况讨论与分析中公司主要客户/供应商披露；该表未单独标注母公司口径。合并口径按所在经营分析章节识别，非表头明示。"",""scope_explicit_in_table"":false,""period_basis"":""报告期全年发生额"",""allowed_for_model_input"":true,""quote_format"":""extracted_page_excerpt""}"
"2018.supplier.supplier_top5_amount_detail","supplier","2018","duration","2018-01-01","2018-12-31","supplier_top5_amount_detail","前五名供应商采购金额明细合计","388410589.79","","元","CNY","1","元","388410589.79","合并","","meichen_2018_original.pdf","annual_report_2018_original","22","22","[21,22]","2019-04-26","2021-04-30","true","source_conflict","false","","公司主要供应商情况

 前五名供应商合计采购金额（元）                                                             388,410,589.80

 前五名供应商合计采购金额占年度采购总额比例                                                             17.24%

 前五名供应商采购额中关联方采购额占年度采购总                                                             0.00%
 额比例

公司前  5名供应商资料

  序号               供应商名称                    采购额（元）                 占年度采购总额比例

 1       第一名                                    172,579,556.60                      7.66%

 2       第二名                                     66,107,016.65                      2.93%

 3       第三名                                     57,545,454.54                      2.55%



21

山东美晨生态环境股份有限公司       2018年年度报告全文


4       第四名                                48,801,668.66                  2.17%

5       第五名                                43,376,893.34                  1.93%

合计                  --                     388,410,589.79                 17.24%

主要供应商其他情况说明

□ 适用  √ 不适用","","{""year"":""2018"",""key"":""supplier_top5_amount_detail"",""status"":""extracted_original"",""scope_basis"":""经营情况讨论与分析中公司主要客户/供应商披露；该表未单独标注母公司口径。合并口径按所在经营分析章节识别，非表头明示。"",""scope_explicit_in_table"":false,""period_basis"":""报告期全年发生额"",""allowed_for_model_input"":true,""quote_format"":""extracted_page_excerpt"",""conflict_group"":""2018_supplier_amount""}"
"2018.supplier.supplier_top5_percent_detail","supplier","2018","duration","2018-01-01","2018-12-31","supplier_top5_percent_detail","前五名供应商占年度采购总额比例（明细合计）","17.24","","%","","0.01","ratio","0.1724","合并","","meichen_2018_original.pdf","annual_report_2018_original","22","22","[21,22]","2019-04-26","2021-04-30","true","disclosed","true","","公司主要供应商情况

 前五名供应商合计采购金额（元）                                                             388,410,589.80

 前五名供应商合计采购金额占年度采购总额比例                                                             17.24%

 前五名供应商采购额中关联方采购额占年度采购总                                                             0.00%
 额比例

公司前  5名供应商资料

  序号               供应商名称                    采购额（元）                 占年度采购总额比例

 1       第一名                                    172,579,556.60                      7.66%

 2       第二名                                     66,107,016.65                      2.93%

 3       第三名                                     57,545,454.54                      2.55%



21

山东美晨生态环境股份有限公司       2018年年度报告全文


4       第四名                                48,801,668.66                  2.17%

5       第五名                                43,376,893.34                  1.93%

合计                  --                     388,410,589.79                 17.24%

主要供应商其他情况说明

□ 适用  √ 不适用","","{""year"":""2018"",""key"":""supplier_top5_percent_detail"",""status"":""extracted_original"",""scope_basis"":""经营情况讨论与分析中公司主要客户/供应商披露；该表未单独标注母公司口径。合并口径按所在经营分析章节识别，非表头明示。"",""scope_explicit_in_table"":false,""period_basis"":""报告期全年发生额"",""allowed_for_model_input"":true,""quote_format"":""extracted_page_excerpt""}"
"2019.customer.customer_1_amount","customer","2019","duration","2019-01-01","2019-12-31","customer_1_amount","第1大客户销售额","213364858.87","","元","CNY","1","元","213364858.87","合并","","meichen_2019_original.pdf","annual_report_2019_original","19","19","[19]","2020-04-20","2021-04-30","true","disclosed","true","","前五名客户合计销售金额（元）                                                                 727,704,190.39

前五名客户合计销售金额占年度销售总额比例                                                                24.63%

前五名客户销售额中关联方销售额占年度销售总额比                                                              0.00%
例

公司前  5大客户资料

  序号               客户名称                     销售额（元）                 占年度销售总额比例

1      第一名                                       213,364,858.87                      7.22%

2      第二名                                       142,366,708.92                      4.82%

3      第三名                                       136,351,380.59                      4.61%

4      第四名                                       127,628,347.03                      4.32%

5      第五名                                       107,992,894.98                      3.66%

合计                    --                         727,704,190.39                     24.63%

主要客户其他情况说明
□ 适用  √ 不适用","原始年报以名次匿名披露；不推断交易对手真实名称。","{""year"":""2019"",""key"":""customer_1_amount"",""status"":""extracted_original"",""rank"":1,""disclosed_name"":""第一名"",""real_name_disclosed"":false,""related_party"":null,""related_party_reason"":""仅披露前五名中关联方合计占比，未逐户披露。"",""scope_basis"":""经营情况讨论与分析中公司主要客户/供应商披露；该表未单独标注母公司口径。合并口径按所在经营分析章节识别，非表头明示。"",""scope_explicit_in_table"":false,""period_basis"":""报告期全年发生额"",""allowed_for_model_input"":true,""quote_format"":""extracted_page_excerpt""}"
"2019.customer.customer_1_percent","customer","2019","duration","2019-01-01","2019-12-31","customer_1_percent","第1大客户占年度销售总额比例","7.22","","%","","0.01","ratio","0.0722","合并","","meichen_2019_original.pdf","annual_report_2019_original","19","19","[19]","2020-04-20","2021-04-30","true","disclosed","true","","前五名客户合计销售金额（元）                                                                 727,704,190.39

前五名客户合计销售金额占年度销售总额比例                                                                24.63%

前五名客户销售额中关联方销售额占年度销售总额比                                                              0.00%
例

公司前  5大客户资料

  序号               客户名称                     销售额（元）                 占年度销售总额比例

1      第一名                                       213,364,858.87                      7.22%

2      第二名                                       142,366,708.92                      4.82%

3      第三名                                       136,351,380.59                      4.61%

4      第四名                                       127,628,347.03                      4.32%

5      第五名                                       107,992,894.98                      3.66%

合计                    --                         727,704,190.39                     24.63%

主要客户其他情况说明
□ 适用  √ 不适用","原始年报以名次匿名披露；不推断交易对手真实名称。","{""year"":""2019"",""key"":""customer_1_percent"",""status"":""extracted_original"",""rank"":1,""disclosed_name"":""第一名"",""real_name_disclosed"":false,""related_party"":null,""related_party_reason"":""仅披露前五名中关联方合计占比，未逐户披露。"",""scope_basis"":""经营情况讨论与分析中公司主要客户/供应商披露；该表未单独标注母公司口径。合并口径按所在经营分析章节识别，非表头明示。"",""scope_explicit_in_table"":false,""period_basis"":""报告期全年发生额"",""allowed_for_model_input"":true,""quote_format"":""extracted_page_excerpt""}"
"2019.customer.customer_2_amount","customer","2019","duration","2019-01-01","2019-12-31","customer_2_amount","第2大客户销售额","142366708.92","","元","CNY","1","元","142366708.92","合并","","meichen_2019_original.pdf","annual_report_2019_original","19","19","[19]","2020-04-20","2021-04-30","true","disclosed","true","","前五名客户合计销售金额（元）                                                                 727,704,190.39

前五名客户合计销售金额占年度销售总额比例                                                                24.63%

前五名客户销售额中关联方销售额占年度销售总额比                                                              0.00%
例

公司前  5大客户资料

  序号               客户名称                     销售额（元）                 占年度销售总额比例

1      第一名                                       213,364,858.87                      7.22%

2      第二名                                       142,366,708.92                      4.82%

3      第三名                                       136,351,380.59                      4.61%

4      第四名                                       127,628,347.03                      4.32%

5      第五名                                       107,992,894.98                      3.66%

合计                    --                         727,704,190.39                     24.63%

主要客户其他情况说明
□ 适用  √ 不适用","原始年报以名次匿名披露；不推断交易对手真实名称。","{""year"":""2019"",""key"":""customer_2_amount"",""status"":""extracted_original"",""rank"":2,""disclosed_name"":""第二名"",""real_name_disclosed"":false,""related_party"":null,""related_party_reason"":""仅披露前五名中关联方合计占比，未逐户披露。"",""scope_basis"":""经营情况讨论与分析中公司主要客户/供应商披露；该表未单独标注母公司口径。合并口径按所在经营分析章节识别，非表头明示。"",""scope_explicit_in_table"":false,""period_basis"":""报告期全年发生额"",""allowed_for_model_input"":true,""quote_format"":""extracted_page_excerpt""}"
"2019.customer.customer_2_percent","customer","2019","duration","2019-01-01","2019-12-31","customer_2_percent","第2大客户占年度销售总额比例","4.82","","%","","0.01","ratio","0.0482","合并","","meichen_2019_original.pdf","annual_report_2019_original","19","19","[19]","2020-04-20","2021-04-30","true","disclosed","true","","前五名客户合计销售金额（元）                                                                 727,704,190.39

前五名客户合计销售金额占年度销售总额比例                                                                24.63%

前五名客户销售额中关联方销售额占年度销售总额比                                                              0.00%
例

公司前  5大客户资料

  序号               客户名称                     销售额（元）                 占年度销售总额比例

1      第一名                                       213,364,858.87                      7.22%

2      第二名                                       142,366,708.92                      4.82%

3      第三名                                       136,351,380.59                      4.61%

4      第四名                                       127,628,347.03                      4.32%

5      第五名                                       107,992,894.98                      3.66%

合计                    --                         727,704,190.39                     24.63%

主要客户其他情况说明
□ 适用  √ 不适用","原始年报以名次匿名披露；不推断交易对手真实名称。","{""year"":""2019"",""key"":""customer_2_percent"",""status"":""extracted_original"",""rank"":2,""disclosed_name"":""第二名"",""real_name_disclosed"":false,""related_party"":null,""related_party_reason"":""仅披露前五名中关联方合计占比，未逐户披露。"",""scope_basis"":""经营情况讨论与分析中公司主要客户/供应商披露；该表未单独标注母公司口径。合并口径按所在经营分析章节识别，非表头明示。"",""scope_explicit_in_table"":false,""period_basis"":""报告期全年发生额"",""allowed_for_model_input"":true,""quote_format"":""extracted_page_excerpt""}"
"2019.customer.customer_3_amount","customer","2019","duration","2019-01-01","2019-12-31","customer_3_amount","第3大客户销售额","136351380.59","","元","CNY","1","元","136351380.59","合并","","meichen_2019_original.pdf","annual_report_2019_original","19","19","[19]","2020-04-20","2021-04-30","true","disclosed","true","","前五名客户合计销售金额（元）                                                                 727,704,190.39

前五名客户合计销售金额占年度销售总额比例                                                                24.63%

前五名客户销售额中关联方销售额占年度销售总额比                                                              0.00%
例

公司前  5大客户资料

  序号               客户名称                     销售额（元）                 占年度销售总额比例

1      第一名                                       213,364,858.87                      7.22%

2      第二名                                       142,366,708.92                      4.82%

3      第三名                                       136,351,380.59                      4.61%

4      第四名                                       127,628,347.03                      4.32%

5      第五名                                       107,992,894.98                      3.66%

合计                    --                         727,704,190.39                     24.63%

主要客户其他情况说明
□ 适用  √ 不适用","原始年报以名次匿名披露；不推断交易对手真实名称。","{""year"":""2019"",""key"":""customer_3_amount"",""status"":""extracted_original"",""rank"":3,""disclosed_name"":""第三名"",""real_name_disclosed"":false,""related_party"":null,""related_party_reason"":""仅披露前五名中关联方合计占比，未逐户披露。"",""scope_basis"":""经营情况讨论与分析中公司主要客户/供应商披露；该表未单独标注母公司口径。合并口径按所在经营分析章节识别，非表头明示。"",""scope_explicit_in_table"":false,""period_basis"":""报告期全年发生额"",""allowed_for_model_input"":true,""quote_format"":""extracted_page_excerpt""}"
"2019.customer.customer_3_percent","customer","2019","duration","2019-01-01","2019-12-31","customer_3_percent","第3大客户占年度销售总额比例","4.61","","%","","0.01","ratio","0.0461","合并","","meichen_2019_original.pdf","annual_report_2019_original","19","19","[19]","2020-04-20","2021-04-30","true","disclosed","true","","前五名客户合计销售金额（元）                                                                 727,704,190.39

前五名客户合计销售金额占年度销售总额比例                                                                24.63%

前五名客户销售额中关联方销售额占年度销售总额比                                                              0.00%
例

公司前  5大客户资料

  序号               客户名称                     销售额（元）                 占年度销售总额比例

1      第一名                                       213,364,858.87                      7.22%

2      第二名                                       142,366,708.92                      4.82%

3      第三名                                       136,351,380.59                      4.61%

4      第四名                                       127,628,347.03                      4.32%

5      第五名                                       107,992,894.98                      3.66%

合计                    --                         727,704,190.39                     24.63%

主要客户其他情况说明
□ 适用  √ 不适用","原始年报以名次匿名披露；不推断交易对手真实名称。","{""year"":""2019"",""key"":""customer_3_percent"",""status"":""extracted_original"",""rank"":3,""disclosed_name"":""第三名"",""real_name_disclosed"":false,""related_party"":null,""related_party_reason"":""仅披露前五名中关联方合计占比，未逐户披露。"",""scope_basis"":""经营情况讨论与分析中公司主要客户/供应商披露；该表未单独标注母公司口径。合并口径按所在经营分析章节识别，非表头明示。"",""scope_explicit_in_table"":false,""period_basis"":""报告期全年发生额"",""allowed_for_model_input"":true,""quote_format"":""extracted_page_excerpt""}"
"2019.customer.customer_4_amount","customer","2019","duration","2019-01-01","2019-12-31","customer_4_amount","第4大客户销售额","127628347.03","","元","CNY","1","元","127628347.03","合并","","meichen_2019_original.pdf","annual_report_2019_original","19","19","[19]","2020-04-20","2021-04-30","true","disclosed","true","","前五名客户合计销售金额（元）                                                                 727,704,190.39

前五名客户合计销售金额占年度销售总额比例                                                                24.63%

前五名客户销售额中关联方销售额占年度销售总额比                                                              0.00%
例

公司前  5大客户资料

  序号               客户名称                     销售额（元）                 占年度销售总额比例

1      第一名                                       213,364,858.87                      7.22%

2      第二名                                       142,366,708.92                      4.82%

3      第三名                                       136,351,380.59                      4.61%

4      第四名                                       127,628,347.03                      4.32%

5      第五名                                       107,992,894.98                      3.66%

合计                    --                         727,704,190.39                     24.63%

主要客户其他情况说明
□ 适用  √ 不适用","原始年报以名次匿名披露；不推断交易对手真实名称。","{""year"":""2019"",""key"":""customer_4_amount"",""status"":""extracted_original"",""rank"":4,""disclosed_name"":""第四名"",""real_name_disclosed"":false,""related_party"":null,""related_party_reason"":""仅披露前五名中关联方合计占比，未逐户披露。"",""scope_basis"":""经营情况讨论与分析中公司主要客户/供应商披露；该表未单独标注母公司口径。合并口径按所在经营分析章节识别，非表头明示。"",""scope_explicit_in_table"":false,""period_basis"":""报告期全年发生额"",""allowed_for_model_input"":true,""quote_format"":""extracted_page_excerpt""}"
"2019.customer.customer_4_percent","customer","2019","duration","2019-01-01","2019-12-31","customer_4_percent","第4大客户占年度销售总额比例","4.32","","%","","0.01","ratio","0.0432","合并","","meichen_2019_original.pdf","annual_report_2019_original","19","19","[19]","2020-04-20","2021-04-30","true","disclosed","true","","前五名客户合计销售金额（元）                                                                 727,704,190.39

前五名客户合计销售金额占年度销售总额比例                                                                24.63%

前五名客户销售额中关联方销售额占年度销售总额比                                                              0.00%
例

公司前  5大客户资料

  序号               客户名称                     销售额（元）                 占年度销售总额比例

1      第一名                                       213,364,858.87                      7.22%

2      第二名                                       142,366,708.92                      4.82%

3      第三名                                       136,351,380.59                      4.61%

4      第四名                                       127,628,347.03                      4.32%

5      第五名                                       107,992,894.98                      3.66%

合计                    --                         727,704,190.39                     24.63%

主要客户其他情况说明
□ 适用  √ 不适用","原始年报以名次匿名披露；不推断交易对手真实名称。","{""year"":""2019"",""key"":""customer_4_percent"",""status"":""extracted_original"",""rank"":4,""disclosed_name"":""第四名"",""real_name_disclosed"":false,""related_party"":null,""related_party_reason"":""仅披露前五名中关联方合计占比，未逐户披露。"",""scope_basis"":""经营情况讨论与分析中公司主要客户/供应商披露；该表未单独标注母公司口径。合并口径按所在经营分析章节识别，非表头明示。"",""scope_explicit_in_table"":false,""period_basis"":""报告期全年发生额"",""allowed_for_model_input"":true,""quote_format"":""extracted_page_excerpt""}"
"2019.customer.customer_5_amount","customer","2019","duration","2019-01-01","2019-12-31","customer_5_amount","第5大客户销售额","107992894.98","","元","CNY","1","元","107992894.98","合并","","meichen_2019_original.pdf","annual_report_2019_original","19","19","[19]","2020-04-20","2021-04-30","true","disclosed","true","","前五名客户合计销售金额（元）                                                                 727,704,190.39

前五名客户合计销售金额占年度销售总额比例                                                                24.63%

前五名客户销售额中关联方销售额占年度销售总额比                                                              0.00%
例

公司前  5大客户资料

  序号               客户名称                     销售额（元）                 占年度销售总额比例

1      第一名                                       213,364,858.87                      7.22%

2      第二名                                       142,366,708.92                      4.82%

3      第三名                                       136,351,380.59                      4.61%

4      第四名                                       127,628,347.03                      4.32%

5      第五名                                       107,992,894.98                      3.66%

合计                    --                         727,704,190.39                     24.63%

主要客户其他情况说明
□ 适用  √ 不适用","原始年报以名次匿名披露；不推断交易对手真实名称。","{""year"":""2019"",""key"":""customer_5_amount"",""status"":""extracted_original"",""rank"":5,""disclosed_name"":""第五名"",""real_name_disclosed"":false,""related_party"":null,""related_party_reason"":""仅披露前五名中关联方合计占比，未逐户披露。"",""scope_basis"":""经营情况讨论与分析中公司主要客户/供应商披露；该表未单独标注母公司口径。合并口径按所在经营分析章节识别，非表头明示。"",""scope_explicit_in_table"":false,""period_basis"":""报告期全年发生额"",""allowed_for_model_input"":true,""quote_format"":""extracted_page_excerpt""}"
"2019.customer.customer_5_percent","customer","2019","duration","2019-01-01","2019-12-31","customer_5_percent","第5大客户占年度销售总额比例","3.66","","%","","0.01","ratio","0.0366","合并","","meichen_2019_original.pdf","annual_report_2019_original","19","19","[19]","2020-04-20","2021-04-30","true","disclosed","true","","前五名客户合计销售金额（元）                                                                 727,704,190.39

前五名客户合计销售金额占年度销售总额比例                                                                24.63%

前五名客户销售额中关联方销售额占年度销售总额比                                                              0.00%
例

公司前  5大客户资料

  序号               客户名称                     销售额（元）                 占年度销售总额比例

1      第一名                                       213,364,858.87                      7.22%

2      第二名                                       142,366,708.92                      4.82%

3      第三名                                       136,351,380.59                      4.61%

4      第四名                                       127,628,347.03                      4.32%

5      第五名                                       107,992,894.98                      3.66%

合计                    --                         727,704,190.39                     24.63%

主要客户其他情况说明
□ 适用  √ 不适用","原始年报以名次匿名披露；不推断交易对手真实名称。","{""year"":""2019"",""key"":""customer_5_percent"",""status"":""extracted_original"",""rank"":5,""disclosed_name"":""第五名"",""real_name_disclosed"":false,""related_party"":null,""related_party_reason"":""仅披露前五名中关联方合计占比，未逐户披露。"",""scope_basis"":""经营情况讨论与分析中公司主要客户/供应商披露；该表未单独标注母公司口径。合并口径按所在经营分析章节识别，非表头明示。"",""scope_explicit_in_table"":false,""period_basis"":""报告期全年发生额"",""allowed_for_model_input"":true,""quote_format"":""extracted_page_excerpt""}"
"2019.customer.customer_top5_amount","customer","2019","duration","2019-01-01","2019-12-31","customer_top5_amount","前五名客户合计销售金额","727704190.39","","元","CNY","1","元","727704190.39","合并","","meichen_2019_original.pdf","annual_report_2019_original","19","19","[19]","2020-04-20","2021-04-30","true","disclosed","true","","前五名客户合计销售金额（元）                                                                 727,704,190.39

前五名客户合计销售金额占年度销售总额比例                                                                24.63%

前五名客户销售额中关联方销售额占年度销售总额比                                                              0.00%
例

公司前  5大客户资料

  序号               客户名称                     销售额（元）                 占年度销售总额比例

1      第一名                                       213,364,858.87                      7.22%

2      第二名                                       142,366,708.92                      4.82%

3      第三名                                       136,351,380.59                      4.61%

4      第四名                                       127,628,347.03                      4.32%

5      第五名                                       107,992,894.98                      3.66%

合计                    --                         727,704,190.39                     24.63%

主要客户其他情况说明
□ 适用  √ 不适用","","{""year"":""2019"",""key"":""customer_top5_amount"",""status"":""extracted_original"",""scope_basis"":""经营情况讨论与分析中公司主要客户/供应商披露；该表未单独标注母公司口径。合并口径按所在经营分析章节识别，非表头明示。"",""scope_explicit_in_table"":false,""period_basis"":""报告期全年发生额"",""allowed_for_model_input"":true,""quote_format"":""extracted_page_excerpt""}"
"2019.customer.customer_top5_percent_summary","customer","2019","duration","2019-01-01","2019-12-31","customer_top5_percent_summary","前五名客户合计占年度总额比例（汇总披露）","24.63","","%","","0.01","ratio","0.2463","合并","","meichen_2019_original.pdf","annual_report_2019_original","19","19","[19]","2020-04-20","2021-04-30","true","disclosed","true","","前五名客户合计销售金额（元）                                                                 727,704,190.39

前五名客户合计销售金额占年度销售总额比例                                                                24.63%

前五名客户销售额中关联方销售额占年度销售总额比                                                              0.00%
例

公司前  5大客户资料

  序号               客户名称                     销售额（元）                 占年度销售总额比例

1      第一名                                       213,364,858.87                      7.22%

2      第二名                                       142,366,708.92                      4.82%

3      第三名                                       136,351,380.59                      4.61%

4      第四名                                       127,628,347.03                      4.32%

5      第五名                                       107,992,894.98                      3.66%

合计                    --                         727,704,190.39                     24.63%

主要客户其他情况说明
□ 适用  √ 不适用","","{""year"":""2019"",""key"":""customer_top5_percent_summary"",""status"":""extracted_original"",""scope_basis"":""经营情况讨论与分析中公司主要客户/供应商披露；该表未单独标注母公司口径。合并口径按所在经营分析章节识别，非表头明示。"",""scope_explicit_in_table"":false,""period_basis"":""报告期全年发生额"",""allowed_for_model_input"":true,""quote_format"":""extracted_page_excerpt""}"
"2019.customer.customer_top5_related_percent","customer","2019","duration","2019-01-01","2019-12-31","customer_top5_related_percent","前五名客户中关联方交易额占年度总额比例","0.00","","%","","0.01","ratio","0.0000","合并","","meichen_2019_original.pdf","annual_report_2019_original","19","19","[19]","2020-04-20","2021-04-30","true","disclosed","true","","前五名客户合计销售金额（元）                                                                 727,704,190.39

前五名客户合计销售金额占年度销售总额比例                                                                24.63%

前五名客户销售额中关联方销售额占年度销售总额比                                                              0.00%
例

公司前  5大客户资料

  序号               客户名称                     销售额（元）                 占年度销售总额比例

1      第一名                                       213,364,858.87                      7.22%

2      第二名                                       142,366,708.92                      4.82%

3      第三名                                       136,351,380.59                      4.61%

4      第四名                                       127,628,347.03                      4.32%

5      第五名                                       107,992,894.98                      3.66%

合计                    --                         727,704,190.39                     24.63%

主要客户其他情况说明
□ 适用  √ 不适用","","{""year"":""2019"",""key"":""customer_top5_related_percent"",""status"":""extracted_original"",""scope_basis"":""经营情况讨论与分析中公司主要客户/供应商披露；该表未单独标注母公司口径。合并口径按所在经营分析章节识别，非表头明示。"",""scope_explicit_in_table"":false,""period_basis"":""报告期全年发生额"",""allowed_for_model_input"":true,""quote_format"":""extracted_page_excerpt""}"
"2019.customer.customer_identities","customer","2019","duration","2019-01-01","2019-12-31","customer_identities","前五名客户名称披露方式","","以第一名至第五名匿名披露，未披露真实名称。","","","","","","合并","","meichen_2019_original.pdf","annual_report_2019_original","19","19","[19]","2020-04-20","2021-04-30","true","disclosed","false","","前五名客户合计销售金额（元）                                                                 727,704,190.39

前五名客户合计销售金额占年度销售总额比例                                                                24.63%

前五名客户销售额中关联方销售额占年度销售总额比                                                              0.00%
例

公司前  5大客户资料

  序号               客户名称                     销售额（元）                 占年度销售总额比例

1      第一名                                       213,364,858.87                      7.22%

2      第二名                                       142,366,708.92                      4.82%

3      第三名                                       136,351,380.59                      4.61%

4      第四名                                       127,628,347.03                      4.32%

5      第五名                                       107,992,894.98                      3.66%

合计                    --                         727,704,190.39                     24.63%

主要客户其他情况说明
□ 适用  √ 不适用","","{""year"":""2019"",""key"":""customer_identities"",""status"":""extracted_original"",""scope_basis"":""经营情况讨论与分析中公司主要客户/供应商披露；该表未单独标注母公司口径。合并口径按所在经营分析章节识别，非表头明示。"",""scope_explicit_in_table"":false,""period_basis"":""报告期全年发生额"",""allowed_for_model_input"":true,""quote_format"":""extracted_page_excerpt""}"
"2019.supplier.supplier_1_amount","supplier","2019","duration","2019-01-01","2019-12-31","supplier_1_amount","第1大供应商采购额","135065254.51","","元","CNY","1","元","135065254.51","合并","","meichen_2019_original.pdf","annual_report_2019_original","19","19","[19,20]","2020-04-20","2021-04-30","true","disclosed","true","","公司主要供应商情况

前五名供应商合计采购金额（元）                                                                355,443,449.93

前五名供应商合计采购金额占年度采购总额比例                                                               16.24%

前五名供应商采购额中关联方采购额占年度采购总额                                                              0.00%
比例

公司前  5名供应商资料

  序号               供应商名称                    采购额（元）                 占年度采购总额比例

1        第一名                                     135,065,254.51                      6.17%

2        第二名                                     105,155,616.76                      4.80%

3        第三名                                      45,802,252.43                      2.09%



                                                                                         19

山东美晨生态环境股份有限公司       2019年年度报告全文


4      第四名                                 36,029,285.53                 1.65%

5      第五名                                 33,391,040.70                 1.53%

合计                 --                     355,443,449.93                16.24%

主要供应商其他情况说明

□ 适用 √ 不适用","原始年报以名次匿名披露；不推断交易对手真实名称。","{""year"":""2019"",""key"":""supplier_1_amount"",""status"":""extracted_original"",""rank"":1,""disclosed_name"":""第一名"",""real_name_disclosed"":false,""related_party"":null,""related_party_reason"":""仅披露前五名中关联方合计占比，未逐户披露。"",""scope_basis"":""经营情况讨论与分析中公司主要客户/供应商披露；该表未单独标注母公司口径。合并口径按所在经营分析章节识别，非表头明示。"",""scope_explicit_in_table"":false,""period_basis"":""报告期全年发生额"",""allowed_for_model_input"":true,""quote_format"":""extracted_page_excerpt""}"
"2019.supplier.supplier_1_percent","supplier","2019","duration","2019-01-01","2019-12-31","supplier_1_percent","第1大供应商占年度采购总额比例","6.17","","%","","0.01","ratio","0.0617","合并","","meichen_2019_original.pdf","annual_report_2019_original","19","19","[19,20]","2020-04-20","2021-04-30","true","disclosed","true","","公司主要供应商情况

前五名供应商合计采购金额（元）                                                                355,443,449.93

前五名供应商合计采购金额占年度采购总额比例                                                               16.24%

前五名供应商采购额中关联方采购额占年度采购总额                                                              0.00%
比例

公司前  5名供应商资料

  序号               供应商名称                    采购额（元）                 占年度采购总额比例

1        第一名                                     135,065,254.51                      6.17%

2        第二名                                     105,155,616.76                      4.80%

3        第三名                                      45,802,252.43                      2.09%



                                                                                         19

山东美晨生态环境股份有限公司       2019年年度报告全文


4      第四名                                 36,029,285.53                 1.65%

5      第五名                                 33,391,040.70                 1.53%

合计                 --                     355,443,449.93                16.24%

主要供应商其他情况说明

□ 适用 √ 不适用","原始年报以名次匿名披露；不推断交易对手真实名称。","{""year"":""2019"",""key"":""supplier_1_percent"",""status"":""extracted_original"",""rank"":1,""disclosed_name"":""第一名"",""real_name_disclosed"":false,""related_party"":null,""related_party_reason"":""仅披露前五名中关联方合计占比，未逐户披露。"",""scope_basis"":""经营情况讨论与分析中公司主要客户/供应商披露；该表未单独标注母公司口径。合并口径按所在经营分析章节识别，非表头明示。"",""scope_explicit_in_table"":false,""period_basis"":""报告期全年发生额"",""allowed_for_model_input"":true,""quote_format"":""extracted_page_excerpt""}"
"2019.supplier.supplier_2_amount","supplier","2019","duration","2019-01-01","2019-12-31","supplier_2_amount","第2大供应商采购额","105155616.76","","元","CNY","1","元","105155616.76","合并","","meichen_2019_original.pdf","annual_report_2019_original","19","19","[19,20]","2020-04-20","2021-04-30","true","disclosed","true","","公司主要供应商情况

前五名供应商合计采购金额（元）                                                                355,443,449.93

前五名供应商合计采购金额占年度采购总额比例                                                               16.24%

前五名供应商采购额中关联方采购额占年度采购总额                                                              0.00%
比例

公司前  5名供应商资料

  序号               供应商名称                    采购额（元）                 占年度采购总额比例

1        第一名                                     135,065,254.51                      6.17%

2        第二名                                     105,155,616.76                      4.80%

3        第三名                                      45,802,252.43                      2.09%



                                                                                         19

山东美晨生态环境股份有限公司       2019年年度报告全文


4      第四名                                 36,029,285.53                 1.65%

5      第五名                                 33,391,040.70                 1.53%

合计                 --                     355,443,449.93                16.24%

主要供应商其他情况说明

□ 适用 √ 不适用","原始年报以名次匿名披露；不推断交易对手真实名称。","{""year"":""2019"",""key"":""supplier_2_amount"",""status"":""extracted_original"",""rank"":2,""disclosed_name"":""第二名"",""real_name_disclosed"":false,""related_party"":null,""related_party_reason"":""仅披露前五名中关联方合计占比，未逐户披露。"",""scope_basis"":""经营情况讨论与分析中公司主要客户/供应商披露；该表未单独标注母公司口径。合并口径按所在经营分析章节识别，非表头明示。"",""scope_explicit_in_table"":false,""period_basis"":""报告期全年发生额"",""allowed_for_model_input"":true,""quote_format"":""extracted_page_excerpt""}"
"2019.supplier.supplier_2_percent","supplier","2019","duration","2019-01-01","2019-12-31","supplier_2_percent","第2大供应商占年度采购总额比例","4.80","","%","","0.01","ratio","0.0480","合并","","meichen_2019_original.pdf","annual_report_2019_original","19","19","[19,20]","2020-04-20","2021-04-30","true","disclosed","true","","公司主要供应商情况

前五名供应商合计采购金额（元）                                                                355,443,449.93

前五名供应商合计采购金额占年度采购总额比例                                                               16.24%

前五名供应商采购额中关联方采购额占年度采购总额                                                              0.00%
比例

公司前  5名供应商资料

  序号               供应商名称                    采购额（元）                 占年度采购总额比例

1        第一名                                     135,065,254.51                      6.17%

2        第二名                                     105,155,616.76                      4.80%

3        第三名                                      45,802,252.43                      2.09%



                                                                                         19

山东美晨生态环境股份有限公司       2019年年度报告全文


4      第四名                                 36,029,285.53                 1.65%

5      第五名                                 33,391,040.70                 1.53%

合计                 --                     355,443,449.93                16.24%

主要供应商其他情况说明

□ 适用 √ 不适用","原始年报以名次匿名披露；不推断交易对手真实名称。","{""year"":""2019"",""key"":""supplier_2_percent"",""status"":""extracted_original"",""rank"":2,""disclosed_name"":""第二名"",""real_name_disclosed"":false,""related_party"":null,""related_party_reason"":""仅披露前五名中关联方合计占比，未逐户披露。"",""scope_basis"":""经营情况讨论与分析中公司主要客户/供应商披露；该表未单独标注母公司口径。合并口径按所在经营分析章节识别，非表头明示。"",""scope_explicit_in_table"":false,""period_basis"":""报告期全年发生额"",""allowed_for_model_input"":true,""quote_format"":""extracted_page_excerpt""}"
"2019.supplier.supplier_3_amount","supplier","2019","duration","2019-01-01","2019-12-31","supplier_3_amount","第3大供应商采购额","45802252.43","","元","CNY","1","元","45802252.43","合并","","meichen_2019_original.pdf","annual_report_2019_original","19","19","[19,20]","2020-04-20","2021-04-30","true","disclosed","true","","公司主要供应商情况

前五名供应商合计采购金额（元）                                                                355,443,449.93

前五名供应商合计采购金额占年度采购总额比例                                                               16.24%

前五名供应商采购额中关联方采购额占年度采购总额                                                              0.00%
比例

公司前  5名供应商资料

  序号               供应商名称                    采购额（元）                 占年度采购总额比例

1        第一名                                     135,065,254.51                      6.17%

2        第二名                                     105,155,616.76                      4.80%

3        第三名                                      45,802,252.43                      2.09%



                                                                                         19

山东美晨生态环境股份有限公司       2019年年度报告全文


4      第四名                                 36,029,285.53                 1.65%

5      第五名                                 33,391,040.70                 1.53%

合计                 --                     355,443,449.93                16.24%

主要供应商其他情况说明

□ 适用 √ 不适用","原始年报以名次匿名披露；不推断交易对手真实名称。","{""year"":""2019"",""key"":""supplier_3_amount"",""status"":""extracted_original"",""rank"":3,""disclosed_name"":""第三名"",""real_name_disclosed"":false,""related_party"":null,""related_party_reason"":""仅披露前五名中关联方合计占比，未逐户披露。"",""scope_basis"":""经营情况讨论与分析中公司主要客户/供应商披露；该表未单独标注母公司口径。合并口径按所在经营分析章节识别，非表头明示。"",""scope_explicit_in_table"":false,""period_basis"":""报告期全年发生额"",""allowed_for_model_input"":true,""quote_format"":""extracted_page_excerpt""}"
"2019.supplier.supplier_3_percent","supplier","2019","duration","2019-01-01","2019-12-31","supplier_3_percent","第3大供应商占年度采购总额比例","2.09","","%","","0.01","ratio","0.0209","合并","","meichen_2019_original.pdf","annual_report_2019_original","19","19","[19,20]","2020-04-20","2021-04-30","true","disclosed","true","","公司主要供应商情况

前五名供应商合计采购金额（元）                                                                355,443,449.93

前五名供应商合计采购金额占年度采购总额比例                                                               16.24%

前五名供应商采购额中关联方采购额占年度采购总额                                                              0.00%
比例

公司前  5名供应商资料

  序号               供应商名称                    采购额（元）                 占年度采购总额比例

1        第一名                                     135,065,254.51                      6.17%

2        第二名                                     105,155,616.76                      4.80%

3        第三名                                      45,802,252.43                      2.09%



                                                                                         19

山东美晨生态环境股份有限公司       2019年年度报告全文


4      第四名                                 36,029,285.53                 1.65%

5      第五名                                 33,391,040.70                 1.53%

合计                 --                     355,443,449.93                16.24%

主要供应商其他情况说明

□ 适用 √ 不适用","原始年报以名次匿名披露；不推断交易对手真实名称。","{""year"":""2019"",""key"":""supplier_3_percent"",""status"":""extracted_original"",""rank"":3,""disclosed_name"":""第三名"",""real_name_disclosed"":false,""related_party"":null,""related_party_reason"":""仅披露前五名中关联方合计占比，未逐户披露。"",""scope_basis"":""经营情况讨论与分析中公司主要客户/供应商披露；该表未单独标注母公司口径。合并口径按所在经营分析章节识别，非表头明示。"",""scope_explicit_in_table"":false,""period_basis"":""报告期全年发生额"",""allowed_for_model_input"":true,""quote_format"":""extracted_page_excerpt""}"
"2019.supplier.supplier_4_amount","supplier","2019","duration","2019-01-01","2019-12-31","supplier_4_amount","第4大供应商采购额","36029285.53","","元","CNY","1","元","36029285.53","合并","","meichen_2019_original.pdf","annual_report_2019_original","20","20","[19,20]","2020-04-20","2021-04-30","true","disclosed","true","","公司主要供应商情况

前五名供应商合计采购金额（元）                                                                355,443,449.93

前五名供应商合计采购金额占年度采购总额比例                                                               16.24%

前五名供应商采购额中关联方采购额占年度采购总额                                                              0.00%
比例

公司前  5名供应商资料

  序号               供应商名称                    采购额（元）                 占年度采购总额比例

1        第一名                                     135,065,254.51                      6.17%

2        第二名                                     105,155,616.76                      4.80%

3        第三名                                      45,802,252.43                      2.09%



                                                                                         19

山东美晨生态环境股份有限公司       2019年年度报告全文


4      第四名                                 36,029,285.53                 1.65%

5      第五名                                 33,391,040.70                 1.53%

合计                 --                     355,443,449.93                16.24%

主要供应商其他情况说明

□ 适用 √ 不适用","原始年报以名次匿名披露；不推断交易对手真实名称。","{""year"":""2019"",""key"":""supplier_4_amount"",""status"":""extracted_original"",""rank"":4,""disclosed_name"":""第四名"",""real_name_disclosed"":false,""related_party"":null,""related_party_reason"":""仅披露前五名中关联方合计占比，未逐户披露。"",""scope_basis"":""经营情况讨论与分析中公司主要客户/供应商披露；该表未单独标注母公司口径。合并口径按所在经营分析章节识别，非表头明示。"",""scope_explicit_in_table"":false,""period_basis"":""报告期全年发生额"",""allowed_for_model_input"":true,""quote_format"":""extracted_page_excerpt""}"
"2019.supplier.supplier_4_percent","supplier","2019","duration","2019-01-01","2019-12-31","supplier_4_percent","第4大供应商占年度采购总额比例","1.65","","%","","0.01","ratio","0.0165","合并","","meichen_2019_original.pdf","annual_report_2019_original","20","20","[19,20]","2020-04-20","2021-04-30","true","disclosed","true","","公司主要供应商情况

前五名供应商合计采购金额（元）                                                                355,443,449.93

前五名供应商合计采购金额占年度采购总额比例                                                               16.24%

前五名供应商采购额中关联方采购额占年度采购总额                                                              0.00%
比例

公司前  5名供应商资料

  序号               供应商名称                    采购额（元）                 占年度采购总额比例

1        第一名                                     135,065,254.51                      6.17%

2        第二名                                     105,155,616.76                      4.80%

3        第三名                                      45,802,252.43                      2.09%



                                                                                         19

山东美晨生态环境股份有限公司       2019年年度报告全文


4      第四名                                 36,029,285.53                 1.65%

5      第五名                                 33,391,040.70                 1.53%

合计                 --                     355,443,449.93                16.24%

主要供应商其他情况说明

□ 适用 √ 不适用","原始年报以名次匿名披露；不推断交易对手真实名称。","{""year"":""2019"",""key"":""supplier_4_percent"",""status"":""extracted_original"",""rank"":4,""disclosed_name"":""第四名"",""real_name_disclosed"":false,""related_party"":null,""related_party_reason"":""仅披露前五名中关联方合计占比，未逐户披露。"",""scope_basis"":""经营情况讨论与分析中公司主要客户/供应商披露；该表未单独标注母公司口径。合并口径按所在经营分析章节识别，非表头明示。"",""scope_explicit_in_table"":false,""period_basis"":""报告期全年发生额"",""allowed_for_model_input"":true,""quote_format"":""extracted_page_excerpt""}"
"2019.supplier.supplier_5_amount","supplier","2019","duration","2019-01-01","2019-12-31","supplier_5_amount","第5大供应商采购额","33391040.70","","元","CNY","1","元","33391040.70","合并","","meichen_2019_original.pdf","annual_report_2019_original","20","20","[19,20]","2020-04-20","2021-04-30","true","disclosed","true","","公司主要供应商情况

前五名供应商合计采购金额（元）                                                                355,443,449.93

前五名供应商合计采购金额占年度采购总额比例                                                               16.24%

前五名供应商采购额中关联方采购额占年度采购总额                                                              0.00%
比例

公司前  5名供应商资料

  序号               供应商名称                    采购额（元）                 占年度采购总额比例

1        第一名                                     135,065,254.51                      6.17%

2        第二名                                     105,155,616.76                      4.80%

3        第三名                                      45,802,252.43                      2.09%



                                                                                         19

山东美晨生态环境股份有限公司       2019年年度报告全文


4      第四名                                 36,029,285.53                 1.65%

5      第五名                                 33,391,040.70                 1.53%

合计                 --                     355,443,449.93                16.24%

主要供应商其他情况说明

□ 适用 √ 不适用","原始年报以名次匿名披露；不推断交易对手真实名称。","{""year"":""2019"",""key"":""supplier_5_amount"",""status"":""extracted_original"",""rank"":5,""disclosed_name"":""第五名"",""real_name_disclosed"":false,""related_party"":null,""related_party_reason"":""仅披露前五名中关联方合计占比，未逐户披露。"",""scope_basis"":""经营情况讨论与分析中公司主要客户/供应商披露；该表未单独标注母公司口径。合并口径按所在经营分析章节识别，非表头明示。"",""scope_explicit_in_table"":false,""period_basis"":""报告期全年发生额"",""allowed_for_model_input"":true,""quote_format"":""extracted_page_excerpt""}"
"2019.supplier.supplier_5_percent","supplier","2019","duration","2019-01-01","2019-12-31","supplier_5_percent","第5大供应商占年度采购总额比例","1.53","","%","","0.01","ratio","0.0153","合并","","meichen_2019_original.pdf","annual_report_2019_original","20","20","[19,20]","2020-04-20","2021-04-30","true","disclosed","true","","公司主要供应商情况

前五名供应商合计采购金额（元）                                                                355,443,449.93

前五名供应商合计采购金额占年度采购总额比例                                                               16.24%

前五名供应商采购额中关联方采购额占年度采购总额                                                              0.00%
比例

公司前  5名供应商资料

  序号               供应商名称                    采购额（元）                 占年度采购总额比例

1        第一名                                     135,065,254.51                      6.17%

2        第二名                                     105,155,616.76                      4.80%

3        第三名                                      45,802,252.43                      2.09%



                                                                                         19

山东美晨生态环境股份有限公司       2019年年度报告全文


4      第四名                                 36,029,285.53                 1.65%

5      第五名                                 33,391,040.70                 1.53%

合计                 --                     355,443,449.93                16.24%

主要供应商其他情况说明

□ 适用 √ 不适用","原始年报以名次匿名披露；不推断交易对手真实名称。","{""year"":""2019"",""key"":""supplier_5_percent"",""status"":""extracted_original"",""rank"":5,""disclosed_name"":""第五名"",""real_name_disclosed"":false,""related_party"":null,""related_party_reason"":""仅披露前五名中关联方合计占比，未逐户披露。"",""scope_basis"":""经营情况讨论与分析中公司主要客户/供应商披露；该表未单独标注母公司口径。合并口径按所在经营分析章节识别，非表头明示。"",""scope_explicit_in_table"":false,""period_basis"":""报告期全年发生额"",""allowed_for_model_input"":true,""quote_format"":""extracted_page_excerpt""}"
"2019.supplier.supplier_top5_amount","supplier","2019","duration","2019-01-01","2019-12-31","supplier_top5_amount","前五名供应商合计采购金额","355443449.93","","元","CNY","1","元","355443449.93","合并","","meichen_2019_original.pdf","annual_report_2019_original","19","19","[19,20]","2020-04-20","2021-04-30","true","disclosed","true","","公司主要供应商情况

前五名供应商合计采购金额（元）                                                                355,443,449.93

前五名供应商合计采购金额占年度采购总额比例                                                               16.24%

前五名供应商采购额中关联方采购额占年度采购总额                                                              0.00%
比例

公司前  5名供应商资料

  序号               供应商名称                    采购额（元）                 占年度采购总额比例

1        第一名                                     135,065,254.51                      6.17%

2        第二名                                     105,155,616.76                      4.80%

3        第三名                                      45,802,252.43                      2.09%



                                                                                         19

山东美晨生态环境股份有限公司       2019年年度报告全文


4      第四名                                 36,029,285.53                 1.65%

5      第五名                                 33,391,040.70                 1.53%

合计                 --                     355,443,449.93                16.24%

主要供应商其他情况说明

□ 适用 √ 不适用","","{""year"":""2019"",""key"":""supplier_top5_amount"",""status"":""extracted_original"",""scope_basis"":""经营情况讨论与分析中公司主要客户/供应商披露；该表未单独标注母公司口径。合并口径按所在经营分析章节识别，非表头明示。"",""scope_explicit_in_table"":false,""period_basis"":""报告期全年发生额"",""allowed_for_model_input"":true,""quote_format"":""extracted_page_excerpt""}"
"2019.supplier.supplier_top5_percent_summary","supplier","2019","duration","2019-01-01","2019-12-31","supplier_top5_percent_summary","前五名供应商合计占年度总额比例（汇总披露）","16.24","","%","","0.01","ratio","0.1624","合并","","meichen_2019_original.pdf","annual_report_2019_original","19","19","[19,20]","2020-04-20","2021-04-30","true","disclosed","true","","公司主要供应商情况

前五名供应商合计采购金额（元）                                                                355,443,449.93

前五名供应商合计采购金额占年度采购总额比例                                                               16.24%

前五名供应商采购额中关联方采购额占年度采购总额                                                              0.00%
比例

公司前  5名供应商资料

  序号               供应商名称                    采购额（元）                 占年度采购总额比例

1        第一名                                     135,065,254.51                      6.17%

2        第二名                                     105,155,616.76                      4.80%

3        第三名                                      45,802,252.43                      2.09%



                                                                                         19

山东美晨生态环境股份有限公司       2019年年度报告全文


4      第四名                                 36,029,285.53                 1.65%

5      第五名                                 33,391,040.70                 1.53%

合计                 --                     355,443,449.93                16.24%

主要供应商其他情况说明

□ 适用 √ 不适用","","{""year"":""2019"",""key"":""supplier_top5_percent_summary"",""status"":""extracted_original"",""scope_basis"":""经营情况讨论与分析中公司主要客户/供应商披露；该表未单独标注母公司口径。合并口径按所在经营分析章节识别，非表头明示。"",""scope_explicit_in_table"":false,""period_basis"":""报告期全年发生额"",""allowed_for_model_input"":true,""quote_format"":""extracted_page_excerpt""}"
"2019.supplier.supplier_top5_related_percent","supplier","2019","duration","2019-01-01","2019-12-31","supplier_top5_related_percent","前五名供应商中关联方交易额占年度总额比例","0.00","","%","","0.01","ratio","0.0000","合并","","meichen_2019_original.pdf","annual_report_2019_original","19","19","[19,20]","2020-04-20","2021-04-30","true","disclosed","true","","公司主要供应商情况

前五名供应商合计采购金额（元）                                                                355,443,449.93

前五名供应商合计采购金额占年度采购总额比例                                                               16.24%

前五名供应商采购额中关联方采购额占年度采购总额                                                              0.00%
比例

公司前  5名供应商资料

  序号               供应商名称                    采购额（元）                 占年度采购总额比例

1        第一名                                     135,065,254.51                      6.17%

2        第二名                                     105,155,616.76                      4.80%

3        第三名                                      45,802,252.43                      2.09%



                                                                                         19

山东美晨生态环境股份有限公司       2019年年度报告全文


4      第四名                                 36,029,285.53                 1.65%

5      第五名                                 33,391,040.70                 1.53%

合计                 --                     355,443,449.93                16.24%

主要供应商其他情况说明

□ 适用 √ 不适用","","{""year"":""2019"",""key"":""supplier_top5_related_percent"",""status"":""extracted_original"",""scope_basis"":""经营情况讨论与分析中公司主要客户/供应商披露；该表未单独标注母公司口径。合并口径按所在经营分析章节识别，非表头明示。"",""scope_explicit_in_table"":false,""period_basis"":""报告期全年发生额"",""allowed_for_model_input"":true,""quote_format"":""extracted_page_excerpt""}"
"2019.supplier.supplier_identities","supplier","2019","duration","2019-01-01","2019-12-31","supplier_identities","前五名供应商名称披露方式","","以第一名至第五名匿名披露，未披露真实名称。","","","","","","合并","","meichen_2019_original.pdf","annual_report_2019_original","19","19","[19,20]","2020-04-20","2021-04-30","true","disclosed","false","","公司主要供应商情况

前五名供应商合计采购金额（元）                                                                355,443,449.93

前五名供应商合计采购金额占年度采购总额比例                                                               16.24%

前五名供应商采购额中关联方采购额占年度采购总额                                                              0.00%
比例

公司前  5名供应商资料

  序号               供应商名称                    采购额（元）                 占年度采购总额比例

1        第一名                                     135,065,254.51                      6.17%

2        第二名                                     105,155,616.76                      4.80%

3        第三名                                      45,802,252.43                      2.09%



                                                                                         19

山东美晨生态环境股份有限公司       2019年年度报告全文


4      第四名                                 36,029,285.53                 1.65%

5      第五名                                 33,391,040.70                 1.53%

合计                 --                     355,443,449.93                16.24%

主要供应商其他情况说明

□ 适用 √ 不适用","","{""year"":""2019"",""key"":""supplier_identities"",""status"":""extracted_original"",""scope_basis"":""经营情况讨论与分析中公司主要客户/供应商披露；该表未单独标注母公司口径。合并口径按所在经营分析章节识别，非表头明示。"",""scope_explicit_in_table"":false,""period_basis"":""报告期全年发生额"",""allowed_for_model_input"":true,""quote_format"":""extracted_page_excerpt""}"
"2019.supplier.supplier_top5_amount_detail","supplier","2019","duration","2019-01-01","2019-12-31","supplier_top5_amount_detail","前五名供应商采购金额明细合计","355443449.93","","元","CNY","1","元","355443449.93","合并","","meichen_2019_original.pdf","annual_report_2019_original","20","20","[19,20]","2020-04-20","2021-04-30","true","disclosed","true","","公司主要供应商情况

前五名供应商合计采购金额（元）                                                                355,443,449.93

前五名供应商合计采购金额占年度采购总额比例                                                               16.24%

前五名供应商采购额中关联方采购额占年度采购总额                                                              0.00%
比例

公司前  5名供应商资料

  序号               供应商名称                    采购额（元）                 占年度采购总额比例

1        第一名                                     135,065,254.51                      6.17%

2        第二名                                     105,155,616.76                      4.80%

3        第三名                                      45,802,252.43                      2.09%



                                                                                         19

山东美晨生态环境股份有限公司       2019年年度报告全文


4      第四名                                 36,029,285.53                 1.65%

5      第五名                                 33,391,040.70                 1.53%

合计                 --                     355,443,449.93                16.24%

主要供应商其他情况说明

□ 适用 √ 不适用","","{""year"":""2019"",""key"":""supplier_top5_amount_detail"",""status"":""extracted_original"",""scope_basis"":""经营情况讨论与分析中公司主要客户/供应商披露；该表未单独标注母公司口径。合并口径按所在经营分析章节识别，非表头明示。"",""scope_explicit_in_table"":false,""period_basis"":""报告期全年发生额"",""allowed_for_model_input"":true,""quote_format"":""extracted_page_excerpt""}"
"2019.supplier.supplier_top5_percent_detail","supplier","2019","duration","2019-01-01","2019-12-31","supplier_top5_percent_detail","前五名供应商占年度采购总额比例（明细合计）","16.24","","%","","0.01","ratio","0.1624","合并","","meichen_2019_original.pdf","annual_report_2019_original","20","20","[19,20]","2020-04-20","2021-04-30","true","disclosed","true","","公司主要供应商情况

前五名供应商合计采购金额（元）                                                                355,443,449.93

前五名供应商合计采购金额占年度采购总额比例                                                               16.24%

前五名供应商采购额中关联方采购额占年度采购总额                                                              0.00%
比例

公司前  5名供应商资料

  序号               供应商名称                    采购额（元）                 占年度采购总额比例

1        第一名                                     135,065,254.51                      6.17%

2        第二名                                     105,155,616.76                      4.80%

3        第三名                                      45,802,252.43                      2.09%



                                                                                         19

山东美晨生态环境股份有限公司       2019年年度报告全文


4      第四名                                 36,029,285.53                 1.65%

5      第五名                                 33,391,040.70                 1.53%

合计                 --                     355,443,449.93                16.24%

主要供应商其他情况说明

□ 适用 √ 不适用","","{""year"":""2019"",""key"":""supplier_top5_percent_detail"",""status"":""extracted_original"",""scope_basis"":""经营情况讨论与分析中公司主要客户/供应商披露；该表未单独标注母公司口径。合并口径按所在经营分析章节识别，非表头明示。"",""scope_explicit_in_table"":false,""period_basis"":""报告期全年发生额"",""allowed_for_model_input"":true,""quote_format"":""extracted_page_excerpt""}"
"2020.customer.customer_1_amount","customer","2020","duration","2020-01-01","2020-12-31","customer_1_amount","第1大客户销售额","242882343.73","","元","CNY","1","元","242882343.73","合并","","meichen_2020_original.pdf","annual_report_2020_original","21","21","[21]","2021-04-20","2021-04-30","true","disclosed","true","","前五名客户合计销售金额（元）                                                                 1,010,699,131.17

 前五名客户合计销售金额占年度销售总额比例                                                                  32.97%

 前五名客户销售额中关联方销售额占年度销售总额                                                                 0.00%
 比例

公司前  5 大客户资料

  序号                客户名称                      销售额（元）                  占年度销售总额比例

 1      第一名                                       242,882,343.73                        7.92%

 2      第二名                                       232,004,025.46                        7.57%

 3      第三名                                       194,233,488.77                        6.34%

 4      第四名                                       190,518,016.54                        6.21%

 5      第五名                                       151,061,256.67                        4.93%

 合计                    --                        1,010,699,131.17                      32.97%

主要客户其他情况说明
□ 适用   √ 不适用","原始年报以名次匿名披露；不推断交易对手真实名称。","{""year"":""2020"",""key"":""customer_1_amount"",""status"":""extracted_original"",""rank"":1,""disclosed_name"":""第一名"",""real_name_disclosed"":false,""related_party"":null,""related_party_reason"":""仅披露前五名中关联方合计占比，未逐户披露。"",""scope_basis"":""经营情况讨论与分析中公司主要客户/供应商披露；该表未单独标注母公司口径。合并口径按所在经营分析章节识别，非表头明示。"",""scope_explicit_in_table"":false,""period_basis"":""报告期全年发生额"",""allowed_for_model_input"":true,""quote_format"":""extracted_page_excerpt""}"
"2020.customer.customer_1_percent","customer","2020","duration","2020-01-01","2020-12-31","customer_1_percent","第1大客户占年度销售总额比例","7.92","","%","","0.01","ratio","0.0792","合并","","meichen_2020_original.pdf","annual_report_2020_original","21","21","[21]","2021-04-20","2021-04-30","true","disclosed","true","","前五名客户合计销售金额（元）                                                                 1,010,699,131.17

 前五名客户合计销售金额占年度销售总额比例                                                                  32.97%

 前五名客户销售额中关联方销售额占年度销售总额                                                                 0.00%
 比例

公司前  5 大客户资料

  序号                客户名称                      销售额（元）                  占年度销售总额比例

 1      第一名                                       242,882,343.73                        7.92%

 2      第二名                                       232,004,025.46                        7.57%

 3      第三名                                       194,233,488.77                        6.34%

 4      第四名                                       190,518,016.54                        6.21%

 5      第五名                                       151,061,256.67                        4.93%

 合计                    --                        1,010,699,131.17                      32.97%

主要客户其他情况说明
□ 适用   √ 不适用","原始年报以名次匿名披露；不推断交易对手真实名称。","{""year"":""2020"",""key"":""customer_1_percent"",""status"":""extracted_original"",""rank"":1,""disclosed_name"":""第一名"",""real_name_disclosed"":false,""related_party"":null,""related_party_reason"":""仅披露前五名中关联方合计占比，未逐户披露。"",""scope_basis"":""经营情况讨论与分析中公司主要客户/供应商披露；该表未单独标注母公司口径。合并口径按所在经营分析章节识别，非表头明示。"",""scope_explicit_in_table"":false,""period_basis"":""报告期全年发生额"",""allowed_for_model_input"":true,""quote_format"":""extracted_page_excerpt""}"
"2020.customer.customer_2_amount","customer","2020","duration","2020-01-01","2020-12-31","customer_2_amount","第2大客户销售额","232004025.46","","元","CNY","1","元","232004025.46","合并","","meichen_2020_original.pdf","annual_report_2020_original","21","21","[21]","2021-04-20","2021-04-30","true","disclosed","true","","前五名客户合计销售金额（元）                                                                 1,010,699,131.17

 前五名客户合计销售金额占年度销售总额比例                                                                  32.97%

 前五名客户销售额中关联方销售额占年度销售总额                                                                 0.00%
 比例

公司前  5 大客户资料

  序号                客户名称                      销售额（元）                  占年度销售总额比例

 1      第一名                                       242,882,343.73                        7.92%

 2      第二名                                       232,004,025.46                        7.57%

 3      第三名                                       194,233,488.77                        6.34%

 4      第四名                                       190,518,016.54                        6.21%

 5      第五名                                       151,061,256.67                        4.93%

 合计                    --                        1,010,699,131.17                      32.97%

主要客户其他情况说明
□ 适用   √ 不适用","原始年报以名次匿名披露；不推断交易对手真实名称。","{""year"":""2020"",""key"":""customer_2_amount"",""status"":""extracted_original"",""rank"":2,""disclosed_name"":""第二名"",""real_name_disclosed"":false,""related_party"":null,""related_party_reason"":""仅披露前五名中关联方合计占比，未逐户披露。"",""scope_basis"":""经营情况讨论与分析中公司主要客户/供应商披露；该表未单独标注母公司口径。合并口径按所在经营分析章节识别，非表头明示。"",""scope_explicit_in_table"":false,""period_basis"":""报告期全年发生额"",""allowed_for_model_input"":true,""quote_format"":""extracted_page_excerpt""}"
"2020.customer.customer_2_percent","customer","2020","duration","2020-01-01","2020-12-31","customer_2_percent","第2大客户占年度销售总额比例","7.57","","%","","0.01","ratio","0.0757","合并","","meichen_2020_original.pdf","annual_report_2020_original","21","21","[21]","2021-04-20","2021-04-30","true","disclosed","true","","前五名客户合计销售金额（元）                                                                 1,010,699,131.17

 前五名客户合计销售金额占年度销售总额比例                                                                  32.97%

 前五名客户销售额中关联方销售额占年度销售总额                                                                 0.00%
 比例

公司前  5 大客户资料

  序号                客户名称                      销售额（元）                  占年度销售总额比例

 1      第一名                                       242,882,343.73                        7.92%

 2      第二名                                       232,004,025.46                        7.57%

 3      第三名                                       194,233,488.77                        6.34%

 4      第四名                                       190,518,016.54                        6.21%

 5      第五名                                       151,061,256.67                        4.93%

 合计                    --                        1,010,699,131.17                      32.97%

主要客户其他情况说明
□ 适用   √ 不适用","原始年报以名次匿名披露；不推断交易对手真实名称。","{""year"":""2020"",""key"":""customer_2_percent"",""status"":""extracted_original"",""rank"":2,""disclosed_name"":""第二名"",""real_name_disclosed"":false,""related_party"":null,""related_party_reason"":""仅披露前五名中关联方合计占比，未逐户披露。"",""scope_basis"":""经营情况讨论与分析中公司主要客户/供应商披露；该表未单独标注母公司口径。合并口径按所在经营分析章节识别，非表头明示。"",""scope_explicit_in_table"":false,""period_basis"":""报告期全年发生额"",""allowed_for_model_input"":true,""quote_format"":""extracted_page_excerpt""}"
"2020.customer.customer_3_amount","customer","2020","duration","2020-01-01","2020-12-31","customer_3_amount","第3大客户销售额","194233488.77","","元","CNY","1","元","194233488.77","合并","","meichen_2020_original.pdf","annual_report_2020_original","21","21","[21]","2021-04-20","2021-04-30","true","disclosed","true","","前五名客户合计销售金额（元）                                                                 1,010,699,131.17

 前五名客户合计销售金额占年度销售总额比例                                                                  32.97%

 前五名客户销售额中关联方销售额占年度销售总额                                                                 0.00%
 比例

公司前  5 大客户资料

  序号                客户名称                      销售额（元）                  占年度销售总额比例

 1      第一名                                       242,882,343.73                        7.92%

 2      第二名                                       232,004,025.46                        7.57%

 3      第三名                                       194,233,488.77                        6.34%

 4      第四名                                       190,518,016.54                        6.21%

 5      第五名                                       151,061,256.67                        4.93%

 合计                    --                        1,010,699,131.17                      32.97%

主要客户其他情况说明
□ 适用   √ 不适用","原始年报以名次匿名披露；不推断交易对手真实名称。","{""year"":""2020"",""key"":""customer_3_amount"",""status"":""extracted_original"",""rank"":3,""disclosed_name"":""第三名"",""real_name_disclosed"":false,""related_party"":null,""related_party_reason"":""仅披露前五名中关联方合计占比，未逐户披露。"",""scope_basis"":""经营情况讨论与分析中公司主要客户/供应商披露；该表未单独标注母公司口径。合并口径按所在经营分析章节识别，非表头明示。"",""scope_explicit_in_table"":false,""period_basis"":""报告期全年发生额"",""allowed_for_model_input"":true,""quote_format"":""extracted_page_excerpt""}"
"2020.customer.customer_3_percent","customer","2020","duration","2020-01-01","2020-12-31","customer_3_percent","第3大客户占年度销售总额比例","6.34","","%","","0.01","ratio","0.0634","合并","","meichen_2020_original.pdf","annual_report_2020_original","21","21","[21]","2021-04-20","2021-04-30","true","disclosed","true","","前五名客户合计销售金额（元）                                                                 1,010,699,131.17

 前五名客户合计销售金额占年度销售总额比例                                                                  32.97%

 前五名客户销售额中关联方销售额占年度销售总额                                                                 0.00%
 比例

公司前  5 大客户资料

  序号                客户名称                      销售额（元）                  占年度销售总额比例

 1      第一名                                       242,882,343.73                        7.92%

 2      第二名                                       232,004,025.46                        7.57%

 3      第三名                                       194,233,488.77                        6.34%

 4      第四名                                       190,518,016.54                        6.21%

 5      第五名                                       151,061,256.67                        4.93%

 合计                    --                        1,010,699,131.17                      32.97%

主要客户其他情况说明
□ 适用   √ 不适用","原始年报以名次匿名披露；不推断交易对手真实名称。","{""year"":""2020"",""key"":""customer_3_percent"",""status"":""extracted_original"",""rank"":3,""disclosed_name"":""第三名"",""real_name_disclosed"":false,""related_party"":null,""related_party_reason"":""仅披露前五名中关联方合计占比，未逐户披露。"",""scope_basis"":""经营情况讨论与分析中公司主要客户/供应商披露；该表未单独标注母公司口径。合并口径按所在经营分析章节识别，非表头明示。"",""scope_explicit_in_table"":false,""period_basis"":""报告期全年发生额"",""allowed_for_model_input"":true,""quote_format"":""extracted_page_excerpt""}"
"2020.customer.customer_4_amount","customer","2020","duration","2020-01-01","2020-12-31","customer_4_amount","第4大客户销售额","190518016.54","","元","CNY","1","元","190518016.54","合并","","meichen_2020_original.pdf","annual_report_2020_original","21","21","[21]","2021-04-20","2021-04-30","true","disclosed","true","","前五名客户合计销售金额（元）                                                                 1,010,699,131.17

 前五名客户合计销售金额占年度销售总额比例                                                                  32.97%

 前五名客户销售额中关联方销售额占年度销售总额                                                                 0.00%
 比例

公司前  5 大客户资料

  序号                客户名称                      销售额（元）                  占年度销售总额比例

 1      第一名                                       242,882,343.73                        7.92%

 2      第二名                                       232,004,025.46                        7.57%

 3      第三名                                       194,233,488.77                        6.34%

 4      第四名                                       190,518,016.54                        6.21%

 5      第五名                                       151,061,256.67                        4.93%

 合计                    --                        1,010,699,131.17                      32.97%

主要客户其他情况说明
□ 适用   √ 不适用","原始年报以名次匿名披露；不推断交易对手真实名称。","{""year"":""2020"",""key"":""customer_4_amount"",""status"":""extracted_original"",""rank"":4,""disclosed_name"":""第四名"",""real_name_disclosed"":false,""related_party"":null,""related_party_reason"":""仅披露前五名中关联方合计占比，未逐户披露。"",""scope_basis"":""经营情况讨论与分析中公司主要客户/供应商披露；该表未单独标注母公司口径。合并口径按所在经营分析章节识别，非表头明示。"",""scope_explicit_in_table"":false,""period_basis"":""报告期全年发生额"",""allowed_for_model_input"":true,""quote_format"":""extracted_page_excerpt""}"
"2020.customer.customer_4_percent","customer","2020","duration","2020-01-01","2020-12-31","customer_4_percent","第4大客户占年度销售总额比例","6.21","","%","","0.01","ratio","0.0621","合并","","meichen_2020_original.pdf","annual_report_2020_original","21","21","[21]","2021-04-20","2021-04-30","true","disclosed","true","","前五名客户合计销售金额（元）                                                                 1,010,699,131.17

 前五名客户合计销售金额占年度销售总额比例                                                                  32.97%

 前五名客户销售额中关联方销售额占年度销售总额                                                                 0.00%
 比例

公司前  5 大客户资料

  序号                客户名称                      销售额（元）                  占年度销售总额比例

 1      第一名                                       242,882,343.73                        7.92%

 2      第二名                                       232,004,025.46                        7.57%

 3      第三名                                       194,233,488.77                        6.34%

 4      第四名                                       190,518,016.54                        6.21%

 5      第五名                                       151,061,256.67                        4.93%

 合计                    --                        1,010,699,131.17                      32.97%

主要客户其他情况说明
□ 适用   √ 不适用","原始年报以名次匿名披露；不推断交易对手真实名称。","{""year"":""2020"",""key"":""customer_4_percent"",""status"":""extracted_original"",""rank"":4,""disclosed_name"":""第四名"",""real_name_disclosed"":false,""related_party"":null,""related_party_reason"":""仅披露前五名中关联方合计占比，未逐户披露。"",""scope_basis"":""经营情况讨论与分析中公司主要客户/供应商披露；该表未单独标注母公司口径。合并口径按所在经营分析章节识别，非表头明示。"",""scope_explicit_in_table"":false,""period_basis"":""报告期全年发生额"",""allowed_for_model_input"":true,""quote_format"":""extracted_page_excerpt""}"
"2020.customer.customer_5_amount","customer","2020","duration","2020-01-01","2020-12-31","customer_5_amount","第5大客户销售额","151061256.67","","元","CNY","1","元","151061256.67","合并","","meichen_2020_original.pdf","annual_report_2020_original","21","21","[21]","2021-04-20","2021-04-30","true","disclosed","true","","前五名客户合计销售金额（元）                                                                 1,010,699,131.17

 前五名客户合计销售金额占年度销售总额比例                                                                  32.97%

 前五名客户销售额中关联方销售额占年度销售总额                                                                 0.00%
 比例

公司前  5 大客户资料

  序号                客户名称                      销售额（元）                  占年度销售总额比例

 1      第一名                                       242,882,343.73                        7.92%

 2      第二名                                       232,004,025.46                        7.57%

 3      第三名                                       194,233,488.77                        6.34%

 4      第四名                                       190,518,016.54                        6.21%

 5      第五名                                       151,061,256.67                        4.93%

 合计                    --                        1,010,699,131.17                      32.97%

主要客户其他情况说明
□ 适用   √ 不适用","原始年报以名次匿名披露；不推断交易对手真实名称。","{""year"":""2020"",""key"":""customer_5_amount"",""status"":""extracted_original"",""rank"":5,""disclosed_name"":""第五名"",""real_name_disclosed"":false,""related_party"":null,""related_party_reason"":""仅披露前五名中关联方合计占比，未逐户披露。"",""scope_basis"":""经营情况讨论与分析中公司主要客户/供应商披露；该表未单独标注母公司口径。合并口径按所在经营分析章节识别，非表头明示。"",""scope_explicit_in_table"":false,""period_basis"":""报告期全年发生额"",""allowed_for_model_input"":true,""quote_format"":""extracted_page_excerpt""}"
"2020.customer.customer_5_percent","customer","2020","duration","2020-01-01","2020-12-31","customer_5_percent","第5大客户占年度销售总额比例","4.93","","%","","0.01","ratio","0.0493","合并","","meichen_2020_original.pdf","annual_report_2020_original","21","21","[21]","2021-04-20","2021-04-30","true","disclosed","true","","前五名客户合计销售金额（元）                                                                 1,010,699,131.17

 前五名客户合计销售金额占年度销售总额比例                                                                  32.97%

 前五名客户销售额中关联方销售额占年度销售总额                                                                 0.00%
 比例

公司前  5 大客户资料

  序号                客户名称                      销售额（元）                  占年度销售总额比例

 1      第一名                                       242,882,343.73                        7.92%

 2      第二名                                       232,004,025.46                        7.57%

 3      第三名                                       194,233,488.77                        6.34%

 4      第四名                                       190,518,016.54                        6.21%

 5      第五名                                       151,061,256.67                        4.93%

 合计                    --                        1,010,699,131.17                      32.97%

主要客户其他情况说明
□ 适用   √ 不适用","原始年报以名次匿名披露；不推断交易对手真实名称。","{""year"":""2020"",""key"":""customer_5_percent"",""status"":""extracted_original"",""rank"":5,""disclosed_name"":""第五名"",""real_name_disclosed"":false,""related_party"":null,""related_party_reason"":""仅披露前五名中关联方合计占比，未逐户披露。"",""scope_basis"":""经营情况讨论与分析中公司主要客户/供应商披露；该表未单独标注母公司口径。合并口径按所在经营分析章节识别，非表头明示。"",""scope_explicit_in_table"":false,""period_basis"":""报告期全年发生额"",""allowed_for_model_input"":true,""quote_format"":""extracted_page_excerpt""}"
"2020.customer.customer_top5_amount","customer","2020","duration","2020-01-01","2020-12-31","customer_top5_amount","前五名客户合计销售金额","1010699131.17","","元","CNY","1","元","1010699131.17","合并","","meichen_2020_original.pdf","annual_report_2020_original","21","21","[21]","2021-04-20","2021-04-30","true","disclosed","true","","前五名客户合计销售金额（元）                                                                 1,010,699,131.17

 前五名客户合计销售金额占年度销售总额比例                                                                  32.97%

 前五名客户销售额中关联方销售额占年度销售总额                                                                 0.00%
 比例

公司前  5 大客户资料

  序号                客户名称                      销售额（元）                  占年度销售总额比例

 1      第一名                                       242,882,343.73                        7.92%

 2      第二名                                       232,004,025.46                        7.57%

 3      第三名                                       194,233,488.77                        6.34%

 4      第四名                                       190,518,016.54                        6.21%

 5      第五名                                       151,061,256.67                        4.93%

 合计                    --                        1,010,699,131.17                      32.97%

主要客户其他情况说明
□ 适用   √ 不适用","","{""year"":""2020"",""key"":""customer_top5_amount"",""status"":""extracted_original"",""scope_basis"":""经营情况讨论与分析中公司主要客户/供应商披露；该表未单独标注母公司口径。合并口径按所在经营分析章节识别，非表头明示。"",""scope_explicit_in_table"":false,""period_basis"":""报告期全年发生额"",""allowed_for_model_input"":true,""quote_format"":""extracted_page_excerpt""}"
"2020.customer.customer_top5_percent_summary","customer","2020","duration","2020-01-01","2020-12-31","customer_top5_percent_summary","前五名客户合计占年度总额比例（汇总披露）","32.97","","%","","0.01","ratio","0.3297","合并","","meichen_2020_original.pdf","annual_report_2020_original","21","21","[21]","2021-04-20","2021-04-30","true","disclosed","true","","前五名客户合计销售金额（元）                                                                 1,010,699,131.17

 前五名客户合计销售金额占年度销售总额比例                                                                  32.97%

 前五名客户销售额中关联方销售额占年度销售总额                                                                 0.00%
 比例

公司前  5 大客户资料

  序号                客户名称                      销售额（元）                  占年度销售总额比例

 1      第一名                                       242,882,343.73                        7.92%

 2      第二名                                       232,004,025.46                        7.57%

 3      第三名                                       194,233,488.77                        6.34%

 4      第四名                                       190,518,016.54                        6.21%

 5      第五名                                       151,061,256.67                        4.93%

 合计                    --                        1,010,699,131.17                      32.97%

主要客户其他情况说明
□ 适用   √ 不适用","","{""year"":""2020"",""key"":""customer_top5_percent_summary"",""status"":""extracted_original"",""scope_basis"":""经营情况讨论与分析中公司主要客户/供应商披露；该表未单独标注母公司口径。合并口径按所在经营分析章节识别，非表头明示。"",""scope_explicit_in_table"":false,""period_basis"":""报告期全年发生额"",""allowed_for_model_input"":true,""quote_format"":""extracted_page_excerpt""}"
"2020.customer.customer_top5_related_percent","customer","2020","duration","2020-01-01","2020-12-31","customer_top5_related_percent","前五名客户中关联方交易额占年度总额比例","0.00","","%","","0.01","ratio","0.0000","合并","","meichen_2020_original.pdf","annual_report_2020_original","21","21","[21]","2021-04-20","2021-04-30","true","disclosed","true","","前五名客户合计销售金额（元）                                                                 1,010,699,131.17

 前五名客户合计销售金额占年度销售总额比例                                                                  32.97%

 前五名客户销售额中关联方销售额占年度销售总额                                                                 0.00%
 比例

公司前  5 大客户资料

  序号                客户名称                      销售额（元）                  占年度销售总额比例

 1      第一名                                       242,882,343.73                        7.92%

 2      第二名                                       232,004,025.46                        7.57%

 3      第三名                                       194,233,488.77                        6.34%

 4      第四名                                       190,518,016.54                        6.21%

 5      第五名                                       151,061,256.67                        4.93%

 合计                    --                        1,010,699,131.17                      32.97%

主要客户其他情况说明
□ 适用   √ 不适用","","{""year"":""2020"",""key"":""customer_top5_related_percent"",""status"":""extracted_original"",""scope_basis"":""经营情况讨论与分析中公司主要客户/供应商披露；该表未单独标注母公司口径。合并口径按所在经营分析章节识别，非表头明示。"",""scope_explicit_in_table"":false,""period_basis"":""报告期全年发生额"",""allowed_for_model_input"":true,""quote_format"":""extracted_page_excerpt""}"
"2020.customer.customer_identities","customer","2020","duration","2020-01-01","2020-12-31","customer_identities","前五名客户名称披露方式","","以第一名至第五名匿名披露，未披露真实名称。","","","","","","合并","","meichen_2020_original.pdf","annual_report_2020_original","21","21","[21]","2021-04-20","2021-04-30","true","disclosed","false","","前五名客户合计销售金额（元）                                                                 1,010,699,131.17

 前五名客户合计销售金额占年度销售总额比例                                                                  32.97%

 前五名客户销售额中关联方销售额占年度销售总额                                                                 0.00%
 比例

公司前  5 大客户资料

  序号                客户名称                      销售额（元）                  占年度销售总额比例

 1      第一名                                       242,882,343.73                        7.92%

 2      第二名                                       232,004,025.46                        7.57%

 3      第三名                                       194,233,488.77                        6.34%

 4      第四名                                       190,518,016.54                        6.21%

 5      第五名                                       151,061,256.67                        4.93%

 合计                    --                        1,010,699,131.17                      32.97%

主要客户其他情况说明
□ 适用   √ 不适用","","{""year"":""2020"",""key"":""customer_identities"",""status"":""extracted_original"",""scope_basis"":""经营情况讨论与分析中公司主要客户/供应商披露；该表未单独标注母公司口径。合并口径按所在经营分析章节识别，非表头明示。"",""scope_explicit_in_table"":false,""period_basis"":""报告期全年发生额"",""allowed_for_model_input"":true,""quote_format"":""extracted_page_excerpt""}"
"2020.supplier.supplier_1_amount","supplier","2020","duration","2020-01-01","2020-12-31","supplier_1_amount","第1大供应商采购额","133283133.20","","元","CNY","1","元","133283133.20","合并","","meichen_2020_original.pdf","annual_report_2020_original","21","21","[21]","2021-04-20","2021-04-30","true","disclosed","true","","公司主要供应商情况

 前五名供应商合计采购金额（元）                                                                 339,172,529.60

 前五名供应商合计采购金额占年度采购总额比例                                                                 14.28%

 前五名供应商采购额中关联方采购额占年度采购总                                                                 0.00%
 额比例

公司前  5 名供应商资料

  序号                供应商名称                     采购额（元）                  占年度采购总额比例

 1        第一名                                     133,283,133.20                        5.42%

 2        第二名                                      67,783,798.81                        2.76%

 3        第三名                                      55,379,105.90                        2.25%

 4        第四名                                      42,962,990.10                        1.75%

 5        第五名                                      39,763,501.64                        1.62%

 合计                     --                        339,172,529.60                       13.79%

主要供应商其他情况说明
□ 适用   √ 不适用","原始年报以名次匿名披露；不推断交易对手真实名称。","{""year"":""2020"",""key"":""supplier_1_amount"",""status"":""extracted_original"",""rank"":1,""disclosed_name"":""第一名"",""real_name_disclosed"":false,""related_party"":null,""related_party_reason"":""仅披露前五名中关联方合计占比，未逐户披露。"",""scope_basis"":""经营情况讨论与分析中公司主要客户/供应商披露；该表未单独标注母公司口径。合并口径按所在经营分析章节识别，非表头明示。"",""scope_explicit_in_table"":false,""period_basis"":""报告期全年发生额"",""allowed_for_model_input"":true,""quote_format"":""extracted_page_excerpt""}"
"2020.supplier.supplier_1_percent","supplier","2020","duration","2020-01-01","2020-12-31","supplier_1_percent","第1大供应商占年度采购总额比例","5.42","","%","","0.01","ratio","0.0542","合并","","meichen_2020_original.pdf","annual_report_2020_original","21","21","[21]","2021-04-20","2021-04-30","true","disclosed","true","","公司主要供应商情况

 前五名供应商合计采购金额（元）                                                                 339,172,529.60

 前五名供应商合计采购金额占年度采购总额比例                                                                 14.28%

 前五名供应商采购额中关联方采购额占年度采购总                                                                 0.00%
 额比例

公司前  5 名供应商资料

  序号                供应商名称                     采购额（元）                  占年度采购总额比例

 1        第一名                                     133,283,133.20                        5.42%

 2        第二名                                      67,783,798.81                        2.76%

 3        第三名                                      55,379,105.90                        2.25%

 4        第四名                                      42,962,990.10                        1.75%

 5        第五名                                      39,763,501.64                        1.62%

 合计                     --                        339,172,529.60                       13.79%

主要供应商其他情况说明
□ 适用   √ 不适用","原始年报以名次匿名披露；不推断交易对手真实名称。","{""year"":""2020"",""key"":""supplier_1_percent"",""status"":""extracted_original"",""rank"":1,""disclosed_name"":""第一名"",""real_name_disclosed"":false,""related_party"":null,""related_party_reason"":""仅披露前五名中关联方合计占比，未逐户披露。"",""scope_basis"":""经营情况讨论与分析中公司主要客户/供应商披露；该表未单独标注母公司口径。合并口径按所在经营分析章节识别，非表头明示。"",""scope_explicit_in_table"":false,""period_basis"":""报告期全年发生额"",""allowed_for_model_input"":true,""quote_format"":""extracted_page_excerpt""}"
"2020.supplier.supplier_2_amount","supplier","2020","duration","2020-01-01","2020-12-31","supplier_2_amount","第2大供应商采购额","67783798.81","","元","CNY","1","元","67783798.81","合并","","meichen_2020_original.pdf","annual_report_2020_original","21","21","[21]","2021-04-20","2021-04-30","true","disclosed","true","","公司主要供应商情况

 前五名供应商合计采购金额（元）                                                                 339,172,529.60

 前五名供应商合计采购金额占年度采购总额比例                                                                 14.28%

 前五名供应商采购额中关联方采购额占年度采购总                                                                 0.00%
 额比例

公司前  5 名供应商资料

  序号                供应商名称                     采购额（元）                  占年度采购总额比例

 1        第一名                                     133,283,133.20                        5.42%

 2        第二名                                      67,783,798.81                        2.76%

 3        第三名                                      55,379,105.90                        2.25%

 4        第四名                                      42,962,990.10                        1.75%

 5        第五名                                      39,763,501.64                        1.62%

 合计                     --                        339,172,529.60                       13.79%

主要供应商其他情况说明
□ 适用   √ 不适用","原始年报以名次匿名披露；不推断交易对手真实名称。","{""year"":""2020"",""key"":""supplier_2_amount"",""status"":""extracted_original"",""rank"":2,""disclosed_name"":""第二名"",""real_name_disclosed"":false,""related_party"":null,""related_party_reason"":""仅披露前五名中关联方合计占比，未逐户披露。"",""scope_basis"":""经营情况讨论与分析中公司主要客户/供应商披露；该表未单独标注母公司口径。合并口径按所在经营分析章节识别，非表头明示。"",""scope_explicit_in_table"":false,""period_basis"":""报告期全年发生额"",""allowed_for_model_input"":true,""quote_format"":""extracted_page_excerpt""}"
"2020.supplier.supplier_2_percent","supplier","2020","duration","2020-01-01","2020-12-31","supplier_2_percent","第2大供应商占年度采购总额比例","2.76","","%","","0.01","ratio","0.0276","合并","","meichen_2020_original.pdf","annual_report_2020_original","21","21","[21]","2021-04-20","2021-04-30","true","disclosed","true","","公司主要供应商情况

 前五名供应商合计采购金额（元）                                                                 339,172,529.60

 前五名供应商合计采购金额占年度采购总额比例                                                                 14.28%

 前五名供应商采购额中关联方采购额占年度采购总                                                                 0.00%
 额比例

公司前  5 名供应商资料

  序号                供应商名称                     采购额（元）                  占年度采购总额比例

 1        第一名                                     133,283,133.20                        5.42%

 2        第二名                                      67,783,798.81                        2.76%

 3        第三名                                      55,379,105.90                        2.25%

 4        第四名                                      42,962,990.10                        1.75%

 5        第五名                                      39,763,501.64                        1.62%

 合计                     --                        339,172,529.60                       13.79%

主要供应商其他情况说明
□ 适用   √ 不适用","原始年报以名次匿名披露；不推断交易对手真实名称。","{""year"":""2020"",""key"":""supplier_2_percent"",""status"":""extracted_original"",""rank"":2,""disclosed_name"":""第二名"",""real_name_disclosed"":false,""related_party"":null,""related_party_reason"":""仅披露前五名中关联方合计占比，未逐户披露。"",""scope_basis"":""经营情况讨论与分析中公司主要客户/供应商披露；该表未单独标注母公司口径。合并口径按所在经营分析章节识别，非表头明示。"",""scope_explicit_in_table"":false,""period_basis"":""报告期全年发生额"",""allowed_for_model_input"":true,""quote_format"":""extracted_page_excerpt""}"
"2020.supplier.supplier_3_amount","supplier","2020","duration","2020-01-01","2020-12-31","supplier_3_amount","第3大供应商采购额","55379105.90","","元","CNY","1","元","55379105.90","合并","","meichen_2020_original.pdf","annual_report_2020_original","21","21","[21]","2021-04-20","2021-04-30","true","disclosed","true","","公司主要供应商情况

 前五名供应商合计采购金额（元）                                                                 339,172,529.60

 前五名供应商合计采购金额占年度采购总额比例                                                                 14.28%

 前五名供应商采购额中关联方采购额占年度采购总                                                                 0.00%
 额比例

公司前  5 名供应商资料

  序号                供应商名称                     采购额（元）                  占年度采购总额比例

 1        第一名                                     133,283,133.20                        5.42%

 2        第二名                                      67,783,798.81                        2.76%

 3        第三名                                      55,379,105.90                        2.25%

 4        第四名                                      42,962,990.10                        1.75%

 5        第五名                                      39,763,501.64                        1.62%

 合计                     --                        339,172,529.60                       13.79%

主要供应商其他情况说明
□ 适用   √ 不适用","原始年报以名次匿名披露；不推断交易对手真实名称。","{""year"":""2020"",""key"":""supplier_3_amount"",""status"":""extracted_original"",""rank"":3,""disclosed_name"":""第三名"",""real_name_disclosed"":false,""related_party"":null,""related_party_reason"":""仅披露前五名中关联方合计占比，未逐户披露。"",""scope_basis"":""经营情况讨论与分析中公司主要客户/供应商披露；该表未单独标注母公司口径。合并口径按所在经营分析章节识别，非表头明示。"",""scope_explicit_in_table"":false,""period_basis"":""报告期全年发生额"",""allowed_for_model_input"":true,""quote_format"":""extracted_page_excerpt""}"
"2020.supplier.supplier_3_percent","supplier","2020","duration","2020-01-01","2020-12-31","supplier_3_percent","第3大供应商占年度采购总额比例","2.25","","%","","0.01","ratio","0.0225","合并","","meichen_2020_original.pdf","annual_report_2020_original","21","21","[21]","2021-04-20","2021-04-30","true","disclosed","true","","公司主要供应商情况

 前五名供应商合计采购金额（元）                                                                 339,172,529.60

 前五名供应商合计采购金额占年度采购总额比例                                                                 14.28%

 前五名供应商采购额中关联方采购额占年度采购总                                                                 0.00%
 额比例

公司前  5 名供应商资料

  序号                供应商名称                     采购额（元）                  占年度采购总额比例

 1        第一名                                     133,283,133.20                        5.42%

 2        第二名                                      67,783,798.81                        2.76%

 3        第三名                                      55,379,105.90                        2.25%

 4        第四名                                      42,962,990.10                        1.75%

 5        第五名                                      39,763,501.64                        1.62%

 合计                     --                        339,172,529.60                       13.79%

主要供应商其他情况说明
□ 适用   √ 不适用","原始年报以名次匿名披露；不推断交易对手真实名称。","{""year"":""2020"",""key"":""supplier_3_percent"",""status"":""extracted_original"",""rank"":3,""disclosed_name"":""第三名"",""real_name_disclosed"":false,""related_party"":null,""related_party_reason"":""仅披露前五名中关联方合计占比，未逐户披露。"",""scope_basis"":""经营情况讨论与分析中公司主要客户/供应商披露；该表未单独标注母公司口径。合并口径按所在经营分析章节识别，非表头明示。"",""scope_explicit_in_table"":false,""period_basis"":""报告期全年发生额"",""allowed_for_model_input"":true,""quote_format"":""extracted_page_excerpt""}"
"2020.supplier.supplier_4_amount","supplier","2020","duration","2020-01-01","2020-12-31","supplier_4_amount","第4大供应商采购额","42962990.10","","元","CNY","1","元","42962990.10","合并","","meichen_2020_original.pdf","annual_report_2020_original","21","21","[21]","2021-04-20","2021-04-30","true","disclosed","true","","公司主要供应商情况

 前五名供应商合计采购金额（元）                                                                 339,172,529.60

 前五名供应商合计采购金额占年度采购总额比例                                                                 14.28%

 前五名供应商采购额中关联方采购额占年度采购总                                                                 0.00%
 额比例

公司前  5 名供应商资料

  序号                供应商名称                     采购额（元）                  占年度采购总额比例

 1        第一名                                     133,283,133.20                        5.42%

 2        第二名                                      67,783,798.81                        2.76%

 3        第三名                                      55,379,105.90                        2.25%

 4        第四名                                      42,962,990.10                        1.75%

 5        第五名                                      39,763,501.64                        1.62%

 合计                     --                        339,172,529.60                       13.79%

主要供应商其他情况说明
□ 适用   √ 不适用","原始年报以名次匿名披露；不推断交易对手真实名称。","{""year"":""2020"",""key"":""supplier_4_amount"",""status"":""extracted_original"",""rank"":4,""disclosed_name"":""第四名"",""real_name_disclosed"":false,""related_party"":null,""related_party_reason"":""仅披露前五名中关联方合计占比，未逐户披露。"",""scope_basis"":""经营情况讨论与分析中公司主要客户/供应商披露；该表未单独标注母公司口径。合并口径按所在经营分析章节识别，非表头明示。"",""scope_explicit_in_table"":false,""period_basis"":""报告期全年发生额"",""allowed_for_model_input"":true,""quote_format"":""extracted_page_excerpt""}"
"2020.supplier.supplier_4_percent","supplier","2020","duration","2020-01-01","2020-12-31","supplier_4_percent","第4大供应商占年度采购总额比例","1.75","","%","","0.01","ratio","0.0175","合并","","meichen_2020_original.pdf","annual_report_2020_original","21","21","[21]","2021-04-20","2021-04-30","true","disclosed","true","","公司主要供应商情况

 前五名供应商合计采购金额（元）                                                                 339,172,529.60

 前五名供应商合计采购金额占年度采购总额比例                                                                 14.28%

 前五名供应商采购额中关联方采购额占年度采购总                                                                 0.00%
 额比例

公司前  5 名供应商资料

  序号                供应商名称                     采购额（元）                  占年度采购总额比例

 1        第一名                                     133,283,133.20                        5.42%

 2        第二名                                      67,783,798.81                        2.76%

 3        第三名                                      55,379,105.90                        2.25%

 4        第四名                                      42,962,990.10                        1.75%

 5        第五名                                      39,763,501.64                        1.62%

 合计                     --                        339,172,529.60                       13.79%

主要供应商其他情况说明
□ 适用   √ 不适用","原始年报以名次匿名披露；不推断交易对手真实名称。","{""year"":""2020"",""key"":""supplier_4_percent"",""status"":""extracted_original"",""rank"":4,""disclosed_name"":""第四名"",""real_name_disclosed"":false,""related_party"":null,""related_party_reason"":""仅披露前五名中关联方合计占比，未逐户披露。"",""scope_basis"":""经营情况讨论与分析中公司主要客户/供应商披露；该表未单独标注母公司口径。合并口径按所在经营分析章节识别，非表头明示。"",""scope_explicit_in_table"":false,""period_basis"":""报告期全年发生额"",""allowed_for_model_input"":true,""quote_format"":""extracted_page_excerpt""}"
"2020.supplier.supplier_5_amount","supplier","2020","duration","2020-01-01","2020-12-31","supplier_5_amount","第5大供应商采购额","39763501.64","","元","CNY","1","元","39763501.64","合并","","meichen_2020_original.pdf","annual_report_2020_original","21","21","[21]","2021-04-20","2021-04-30","true","disclosed","true","","公司主要供应商情况

 前五名供应商合计采购金额（元）                                                                 339,172,529.60

 前五名供应商合计采购金额占年度采购总额比例                                                                 14.28%

 前五名供应商采购额中关联方采购额占年度采购总                                                                 0.00%
 额比例

公司前  5 名供应商资料

  序号                供应商名称                     采购额（元）                  占年度采购总额比例

 1        第一名                                     133,283,133.20                        5.42%

 2        第二名                                      67,783,798.81                        2.76%

 3        第三名                                      55,379,105.90                        2.25%

 4        第四名                                      42,962,990.10                        1.75%

 5        第五名                                      39,763,501.64                        1.62%

 合计                     --                        339,172,529.60                       13.79%

主要供应商其他情况说明
□ 适用   √ 不适用","原始年报以名次匿名披露；不推断交易对手真实名称。","{""year"":""2020"",""key"":""supplier_5_amount"",""status"":""extracted_original"",""rank"":5,""disclosed_name"":""第五名"",""real_name_disclosed"":false,""related_party"":null,""related_party_reason"":""仅披露前五名中关联方合计占比，未逐户披露。"",""scope_basis"":""经营情况讨论与分析中公司主要客户/供应商披露；该表未单独标注母公司口径。合并口径按所在经营分析章节识别，非表头明示。"",""scope_explicit_in_table"":false,""period_basis"":""报告期全年发生额"",""allowed_for_model_input"":true,""quote_format"":""extracted_page_excerpt""}"
"2020.supplier.supplier_5_percent","supplier","2020","duration","2020-01-01","2020-12-31","supplier_5_percent","第5大供应商占年度采购总额比例","1.62","","%","","0.01","ratio","0.0162","合并","","meichen_2020_original.pdf","annual_report_2020_original","21","21","[21]","2021-04-20","2021-04-30","true","disclosed","true","","公司主要供应商情况

 前五名供应商合计采购金额（元）                                                                 339,172,529.60

 前五名供应商合计采购金额占年度采购总额比例                                                                 14.28%

 前五名供应商采购额中关联方采购额占年度采购总                                                                 0.00%
 额比例

公司前  5 名供应商资料

  序号                供应商名称                     采购额（元）                  占年度采购总额比例

 1        第一名                                     133,283,133.20                        5.42%

 2        第二名                                      67,783,798.81                        2.76%

 3        第三名                                      55,379,105.90                        2.25%

 4        第四名                                      42,962,990.10                        1.75%

 5        第五名                                      39,763,501.64                        1.62%

 合计                     --                        339,172,529.60                       13.79%

主要供应商其他情况说明
□ 适用   √ 不适用","原始年报以名次匿名披露；不推断交易对手真实名称。","{""year"":""2020"",""key"":""supplier_5_percent"",""status"":""extracted_original"",""rank"":5,""disclosed_name"":""第五名"",""real_name_disclosed"":false,""related_party"":null,""related_party_reason"":""仅披露前五名中关联方合计占比，未逐户披露。"",""scope_basis"":""经营情况讨论与分析中公司主要客户/供应商披露；该表未单独标注母公司口径。合并口径按所在经营分析章节识别，非表头明示。"",""scope_explicit_in_table"":false,""period_basis"":""报告期全年发生额"",""allowed_for_model_input"":true,""quote_format"":""extracted_page_excerpt""}"
"2020.supplier.supplier_top5_amount","supplier","2020","duration","2020-01-01","2020-12-31","supplier_top5_amount","前五名供应商合计采购金额","339172529.60","","元","CNY","1","元","339172529.60","合并","","meichen_2020_original.pdf","annual_report_2020_original","21","21","[21]","2021-04-20","2021-04-30","true","disclosed","true","","公司主要供应商情况

 前五名供应商合计采购金额（元）                                                                 339,172,529.60

 前五名供应商合计采购金额占年度采购总额比例                                                                 14.28%

 前五名供应商采购额中关联方采购额占年度采购总                                                                 0.00%
 额比例

公司前  5 名供应商资料

  序号                供应商名称                     采购额（元）                  占年度采购总额比例

 1        第一名                                     133,283,133.20                        5.42%

 2        第二名                                      67,783,798.81                        2.76%

 3        第三名                                      55,379,105.90                        2.25%

 4        第四名                                      42,962,990.10                        1.75%

 5        第五名                                      39,763,501.64                        1.62%

 合计                     --                        339,172,529.60                       13.79%

主要供应商其他情况说明
□ 适用   √ 不适用","","{""year"":""2020"",""key"":""supplier_top5_amount"",""status"":""extracted_original"",""scope_basis"":""经营情况讨论与分析中公司主要客户/供应商披露；该表未单独标注母公司口径。合并口径按所在经营分析章节识别，非表头明示。"",""scope_explicit_in_table"":false,""period_basis"":""报告期全年发生额"",""allowed_for_model_input"":true,""quote_format"":""extracted_page_excerpt""}"
"2020.supplier.supplier_top5_percent_summary","supplier","2020","duration","2020-01-01","2020-12-31","supplier_top5_percent_summary","前五名供应商合计占年度总额比例（汇总披露）","14.28","","%","","0.01","ratio","0.1428","合并","","meichen_2020_original.pdf","annual_report_2020_original","21","21","[21]","2021-04-20","2021-04-30","true","source_conflict","false","","公司主要供应商情况

 前五名供应商合计采购金额（元）                                                                 339,172,529.60

 前五名供应商合计采购金额占年度采购总额比例                                                                 14.28%

 前五名供应商采购额中关联方采购额占年度采购总                                                                 0.00%
 额比例

公司前  5 名供应商资料

  序号                供应商名称                     采购额（元）                  占年度采购总额比例

 1        第一名                                     133,283,133.20                        5.42%

 2        第二名                                      67,783,798.81                        2.76%

 3        第三名                                      55,379,105.90                        2.25%

 4        第四名                                      42,962,990.10                        1.75%

 5        第五名                                      39,763,501.64                        1.62%

 合计                     --                        339,172,529.60                       13.79%

主要供应商其他情况说明
□ 适用   √ 不适用","","{""year"":""2020"",""key"":""supplier_top5_percent_summary"",""status"":""extracted_original"",""scope_basis"":""经营情况讨论与分析中公司主要客户/供应商披露；该表未单独标注母公司口径。合并口径按所在经营分析章节识别，非表头明示。"",""scope_explicit_in_table"":false,""period_basis"":""报告期全年发生额"",""allowed_for_model_input"":true,""quote_format"":""extracted_page_excerpt"",""conflict_group"":""2020_supplier_percent""}"
"2020.supplier.supplier_top5_related_percent","supplier","2020","duration","2020-01-01","2020-12-31","supplier_top5_related_percent","前五名供应商中关联方交易额占年度总额比例","0.00","","%","","0.01","ratio","0.0000","合并","","meichen_2020_original.pdf","annual_report_2020_original","21","21","[21]","2021-04-20","2021-04-30","true","disclosed","true","","公司主要供应商情况

 前五名供应商合计采购金额（元）                                                                 339,172,529.60

 前五名供应商合计采购金额占年度采购总额比例                                                                 14.28%

 前五名供应商采购额中关联方采购额占年度采购总                                                                 0.00%
 额比例

公司前  5 名供应商资料

  序号                供应商名称                     采购额（元）                  占年度采购总额比例

 1        第一名                                     133,283,133.20                        5.42%

 2        第二名                                      67,783,798.81                        2.76%

 3        第三名                                      55,379,105.90                        2.25%

 4        第四名                                      42,962,990.10                        1.75%

 5        第五名                                      39,763,501.64                        1.62%

 合计                     --                        339,172,529.60                       13.79%

主要供应商其他情况说明
□ 适用   √ 不适用","","{""year"":""2020"",""key"":""supplier_top5_related_percent"",""status"":""extracted_original"",""scope_basis"":""经营情况讨论与分析中公司主要客户/供应商披露；该表未单独标注母公司口径。合并口径按所在经营分析章节识别，非表头明示。"",""scope_explicit_in_table"":false,""period_basis"":""报告期全年发生额"",""allowed_for_model_input"":true,""quote_format"":""extracted_page_excerpt""}"
"2020.supplier.supplier_identities","supplier","2020","duration","2020-01-01","2020-12-31","supplier_identities","前五名供应商名称披露方式","","以第一名至第五名匿名披露，未披露真实名称。","","","","","","合并","","meichen_2020_original.pdf","annual_report_2020_original","21","21","[21]","2021-04-20","2021-04-30","true","disclosed","false","","公司主要供应商情况

 前五名供应商合计采购金额（元）                                                                 339,172,529.60

 前五名供应商合计采购金额占年度采购总额比例                                                                 14.28%

 前五名供应商采购额中关联方采购额占年度采购总                                                                 0.00%
 额比例

公司前  5 名供应商资料

  序号                供应商名称                     采购额（元）                  占年度采购总额比例

 1        第一名                                     133,283,133.20                        5.42%

 2        第二名                                      67,783,798.81                        2.76%

 3        第三名                                      55,379,105.90                        2.25%

 4        第四名                                      42,962,990.10                        1.75%

 5        第五名                                      39,763,501.64                        1.62%

 合计                     --                        339,172,529.60                       13.79%

主要供应商其他情况说明
□ 适用   √ 不适用","","{""year"":""2020"",""key"":""supplier_identities"",""status"":""extracted_original"",""scope_basis"":""经营情况讨论与分析中公司主要客户/供应商披露；该表未单独标注母公司口径。合并口径按所在经营分析章节识别，非表头明示。"",""scope_explicit_in_table"":false,""period_basis"":""报告期全年发生额"",""allowed_for_model_input"":true,""quote_format"":""extracted_page_excerpt""}"
"2020.supplier.supplier_top5_amount_detail","supplier","2020","duration","2020-01-01","2020-12-31","supplier_top5_amount_detail","前五名供应商采购金额明细合计","339172529.60","","元","CNY","1","元","339172529.60","合并","","meichen_2020_original.pdf","annual_report_2020_original","21","21","[21]","2021-04-20","2021-04-30","true","disclosed","true","","公司主要供应商情况

 前五名供应商合计采购金额（元）                                                                 339,172,529.60

 前五名供应商合计采购金额占年度采购总额比例                                                                 14.28%

 前五名供应商采购额中关联方采购额占年度采购总                                                                 0.00%
 额比例

公司前  5 名供应商资料

  序号                供应商名称                     采购额（元）                  占年度采购总额比例

 1        第一名                                     133,283,133.20                        5.42%

 2        第二名                                      67,783,798.81                        2.76%

 3        第三名                                      55,379,105.90                        2.25%

 4        第四名                                      42,962,990.10                        1.75%

 5        第五名                                      39,763,501.64                        1.62%

 合计                     --                        339,172,529.60                       13.79%

主要供应商其他情况说明
□ 适用   √ 不适用","","{""year"":""2020"",""key"":""supplier_top5_amount_detail"",""status"":""extracted_original"",""scope_basis"":""经营情况讨论与分析中公司主要客户/供应商披露；该表未单独标注母公司口径。合并口径按所在经营分析章节识别，非表头明示。"",""scope_explicit_in_table"":false,""period_basis"":""报告期全年发生额"",""allowed_for_model_input"":true,""quote_format"":""extracted_page_excerpt""}"
"2020.supplier.supplier_top5_percent_detail","supplier","2020","duration","2020-01-01","2020-12-31","supplier_top5_percent_detail","前五名供应商占年度采购总额比例（明细合计）","13.79","","%","","0.01","ratio","0.1379","合并","","meichen_2020_original.pdf","annual_report_2020_original","21","21","[21]","2021-04-20","2021-04-30","true","source_conflict","false","","公司主要供应商情况

 前五名供应商合计采购金额（元）                                                                 339,172,529.60

 前五名供应商合计采购金额占年度采购总额比例                                                                 14.28%

 前五名供应商采购额中关联方采购额占年度采购总                                                                 0.00%
 额比例

公司前  5 名供应商资料

  序号                供应商名称                     采购额（元）                  占年度采购总额比例

 1        第一名                                     133,283,133.20                        5.42%

 2        第二名                                      67,783,798.81                        2.76%

 3        第三名                                      55,379,105.90                        2.25%

 4        第四名                                      42,962,990.10                        1.75%

 5        第五名                                      39,763,501.64                        1.62%

 合计                     --                        339,172,529.60                       13.79%

主要供应商其他情况说明
□ 适用   √ 不适用","","{""year"":""2020"",""key"":""supplier_top5_percent_detail"",""status"":""extracted_original"",""scope_basis"":""经营情况讨论与分析中公司主要客户/供应商披露；该表未单独标注母公司口径。合并口径按所在经营分析章节识别，非表头明示。"",""scope_explicit_in_table"":false,""period_basis"":""报告期全年发生额"",""allowed_for_model_input"":true,""quote_format"":""extracted_page_excerpt"",""conflict_group"":""2020_supplier_percent""}"
"2018.management.management_01","management","2018","as_reported","","","management_01","郑召伟任职信息","","郑召伟；董事长；年报任职状态：现任","","","","","","上市公司治理","","meichen_2018_original.pdf","annual_report_2018_original","95","95","[95]","2019-04-26","2021-04-30","true","disclosed","false","","山东美晨生态环境股份有限公司            2018年年度报告全文


               第八节         董事、监事、高级管理人员和员工情况


一、董事、监事和高级管理人员持股变动


                                                          期初持     本期增     本期减     其他增      期末持
  姓名      职务     任职状      性别      年龄      任期起     任期终      股数     持股份     持股份     减变动       股数
                   态                      始日期     止日期     （股）      数量      数量     （股）      （股）
                                                                  （股）     （股）

                                         2016 年   2021年   4,347,2 1,988,0          3,477,8 9,813,1
 郑召伟     董事长     现任      男           41  07 月     04月         94      20              35       49
                                         05 日     16日

         总经理                             2014 年   2021年           2,501,6                  2,501,6
 李荣华     兼董事     现任      男           41  10 月     04月          0      47                       47
                                         17 日     16日

 张磊      副董事                             2017 年   2021年           2,500,0                  2,500,0
 （小）     长兼董     现任      男           38  05 月     04月          0      00                       00
         事                               16 日     16日

                                         2017 年   2021年           2,800,0                  2,800,0
 徐海芹     董事      现任      男           36  05 月     04月          0      00                       00
                                         16 日     16日

                                         2018 年   2021年
 成君      董事      现任      女           39  04 月     04月          0       0               0       0
                                         16 日     16日

                                         2016 年   2021年
 马景春     董事      现任      男           44  07 月     04月          0       0               0       0
                                         05 日     16日

         独立董                             2014 年   2021年
 金建显     事       现任      男           50  10 月     04月          0       0               0       0
                                         17 日     16日

         独立董                             2015 年   2021年
 赵向阳     事       现任      男           50  04 月     04月          0       0               0       0
                                         02 日     16日

         独立董                             2015 年   2021年
 郭林      事       现任      男           55  04 月     04月          0       0               0       0
                                         02 日     16日

                                         2015 年   2021年
 张静      监事      现任      女           36  04 月     04月          0       0               0       0
                                         02 日     16日



95","保留年报原列示状态，不据此推断2021-04-30当日任职；任期终止日期不自动等同实际离任日期。","{""year"":""2018"",""key"":""management_01"",""status"":""extracted_original"",""person_name"":""郑召伟"",""role"":""董事长"",""reported_appointment_status"":""现任"",""status_basis"":""该年度原始年报任职状态列"",""confirmed_status_at_cutoff"":null,""period_basis"":""原年报名册、变动表或控制关系披露，不推断截止日当日状态"",""allowed_for_model_input"":true,""quote_format"":""extracted_page_excerpt""}"
"2018.management.management_02","management","2018","as_reported","","","management_02","李荣华任职信息","","李荣华；总经理兼董事；年报任职状态：现任","","","","","","上市公司治理","","meichen_2018_original.pdf","annual_report_2018_original","95","95","[95]","2019-04-26","2021-04-30","true","disclosed","false","","山东美晨生态环境股份有限公司            2018年年度报告全文


               第八节         董事、监事、高级管理人员和员工情况


一、董事、监事和高级管理人员持股变动


                                                          期初持     本期增     本期减     其他增      期末持
  姓名      职务     任职状      性别      年龄      任期起     任期终      股数     持股份     持股份     减变动       股数
                   态                      始日期     止日期     （股）      数量      数量     （股）      （股）
                                                                  （股）     （股）

                                         2016 年   2021年   4,347,2 1,988,0          3,477,8 9,813,1
 郑召伟     董事长     现任      男           41  07 月     04月         94      20              35       49
                                         05 日     16日

         总经理                             2014 年   2021年           2,501,6                  2,501,6
 李荣华     兼董事     现任      男           41  10 月     04月          0      47                       47
                                         17 日     16日

 张磊      副董事                             2017 年   2021年           2,500,0                  2,500,0
 （小）     长兼董     现任      男           38  05 月     04月          0      00                       00
         事                               16 日     16日

                                         2017 年   2021年           2,800,0                  2,800,0
 徐海芹     董事      现任      男           36  05 月     04月          0      00                       00
                                         16 日     16日

                                         2018 年   2021年
 成君      董事      现任      女           39  04 月     04月          0       0               0       0
                                         16 日     16日

                                         2016 年   2021年
 马景春     董事      现任      男           44  07 月     04月          0       0               0       0
                                         05 日     16日

         独立董                             2014 年   2021年
 金建显     事       现任      男           50  10 月     04月          0       0               0       0
                                         17 日     16日

         独立董                             2015 年   2021年
 赵向阳     事       现任      男           50  04 月     04月          0       0               0       0
                                         02 日     16日

         独立董                             2015 年   2021年
 郭林      事       现任      男           55  04 月     04月          0       0               0       0
                                         02 日     16日

                                         2015 年   2021年
 张静      监事      现任      女           36  04 月     04月          0       0               0       0
                                         02 日     16日



95","保留年报原列示状态，不据此推断2021-04-30当日任职；任期终止日期不自动等同实际离任日期。","{""year"":""2018"",""key"":""management_02"",""status"":""extracted_original"",""person_name"":""李荣华"",""role"":""总经理兼董事"",""reported_appointment_status"":""现任"",""status_basis"":""该年度原始年报任职状态列"",""confirmed_status_at_cutoff"":null,""period_basis"":""原年报名册、变动表或控制关系披露，不推断截止日当日状态"",""allowed_for_model_input"":true,""quote_format"":""extracted_page_excerpt""}"
"2018.management.management_03","management","2018","as_reported","","","management_03","张磊（小）任职信息","","张磊（小）；副董事长兼董事；年报任职状态：现任","","","","","","上市公司治理","","meichen_2018_original.pdf","annual_report_2018_original","95","95","[95]","2019-04-26","2021-04-30","true","disclosed","false","","山东美晨生态环境股份有限公司            2018年年度报告全文


               第八节         董事、监事、高级管理人员和员工情况


一、董事、监事和高级管理人员持股变动


                                                          期初持     本期增     本期减     其他增      期末持
  姓名      职务     任职状      性别      年龄      任期起     任期终      股数     持股份     持股份     减变动       股数
                   态                      始日期     止日期     （股）      数量      数量     （股）      （股）
                                                                  （股）     （股）

                                         2016 年   2021年   4,347,2 1,988,0          3,477,8 9,813,1
 郑召伟     董事长     现任      男           41  07 月     04月         94      20              35       49
                                         05 日     16日

         总经理                             2014 年   2021年           2,501,6                  2,501,6
 李荣华     兼董事     现任      男           41  10 月     04月          0      47                       47
                                         17 日     16日

 张磊      副董事                             2017 年   2021年           2,500,0                  2,500,0
 （小）     长兼董     现任      男           38  05 月     04月          0      00                       00
         事                               16 日     16日

                                         2017 年   2021年           2,800,0                  2,800,0
 徐海芹     董事      现任      男           36  05 月     04月          0      00                       00
                                         16 日     16日

                                         2018 年   2021年
 成君      董事      现任      女           39  04 月     04月          0       0               0       0
                                         16 日     16日

                                         2016 年   2021年
 马景春     董事      现任      男           44  07 月     04月          0       0               0       0
                                         05 日     16日

         独立董                             2014 年   2021年
 金建显     事       现任      男           50  10 月     04月          0       0               0       0
                                         17 日     16日

         独立董                             2015 年   2021年
 赵向阳     事       现任      男           50  04 月     04月          0       0               0       0
                                         02 日     16日

         独立董                             2015 年   2021年
 郭林      事       现任      男           55  04 月     04月          0       0               0       0
                                         02 日     16日

                                         2015 年   2021年
 张静      监事      现任      女           36  04 月     04月          0       0               0       0
                                         02 日     16日



95","保留年报原列示状态，不据此推断2021-04-30当日任职；任期终止日期不自动等同实际离任日期。","{""year"":""2018"",""key"":""management_03"",""status"":""extracted_original"",""person_name"":""张磊（小）"",""role"":""副董事长兼董事"",""reported_appointment_status"":""现任"",""status_basis"":""该年度原始年报任职状态列"",""confirmed_status_at_cutoff"":null,""period_basis"":""原年报名册、变动表或控制关系披露，不推断截止日当日状态"",""allowed_for_model_input"":true,""quote_format"":""extracted_page_excerpt""}"
"2018.management.management_04","management","2018","as_reported","","","management_04","徐海芹任职信息","","徐海芹；董事；年报任职状态：现任","","","","","","上市公司治理","","meichen_2018_original.pdf","annual_report_2018_original","95","95","[95]","2019-04-26","2021-04-30","true","disclosed","false","","山东美晨生态环境股份有限公司            2018年年度报告全文


               第八节         董事、监事、高级管理人员和员工情况


一、董事、监事和高级管理人员持股变动


                                                          期初持     本期增     本期减     其他增      期末持
  姓名      职务     任职状      性别      年龄      任期起     任期终      股数     持股份     持股份     减变动       股数
                   态                      始日期     止日期     （股）      数量      数量     （股）      （股）
                                                                  （股）     （股）

                                         2016 年   2021年   4,347,2 1,988,0          3,477,8 9,813,1
 郑召伟     董事长     现任      男           41  07 月     04月         94      20              35       49
                                         05 日     16日

         总经理                             2014 年   2021年           2,501,6                  2,501,6
 李荣华     兼董事     现任      男           41  10 月     04月          0      47                       47
                                         17 日     16日

 张磊      副董事                             2017 年   2021年           2,500,0                  2,500,0
 （小）     长兼董     现任      男           38  05 月     04月          0      00                       00
         事                               16 日     16日

                                         2017 年   2021年           2,800,0                  2,800,0
 徐海芹     董事      现任      男           36  05 月     04月          0      00                       00
                                         16 日     16日

                                         2018 年   2021年
 成君      董事      现任      女           39  04 月     04月          0       0               0       0
                                         16 日     16日

                                         2016 年   2021年
 马景春     董事      现任      男           44  07 月     04月          0       0               0       0
                                         05 日     16日

         独立董                             2014 年   2021年
 金建显     事       现任      男           50  10 月     04月          0       0               0       0
                                         17 日     16日

         独立董                             2015 年   2021年
 赵向阳     事       现任      男           50  04 月     04月          0       0               0       0
                                         02 日     16日

         独立董                             2015 年   2021年
 郭林      事       现任      男           55  04 月     04月          0       0               0       0
                                         02 日     16日

                                         2015 年   2021年
 张静      监事      现任      女           36  04 月     04月          0       0               0       0
                                         02 日     16日



95","保留年报原列示状态，不据此推断2021-04-30当日任职；任期终止日期不自动等同实际离任日期。","{""year"":""2018"",""key"":""management_04"",""status"":""extracted_original"",""person_name"":""徐海芹"",""role"":""董事"",""reported_appointment_status"":""现任"",""status_basis"":""该年度原始年报任职状态列"",""confirmed_status_at_cutoff"":null,""period_basis"":""原年报名册、变动表或控制关系披露，不推断截止日当日状态"",""allowed_for_model_input"":true,""quote_format"":""extracted_page_excerpt""}"
"2018.management.management_05","management","2018","as_reported","","","management_05","成君任职信息","","成君；董事；年报任职状态：现任","","","","","","上市公司治理","","meichen_2018_original.pdf","annual_report_2018_original","95","95","[95]","2019-04-26","2021-04-30","true","disclosed","false","","山东美晨生态环境股份有限公司            2018年年度报告全文


               第八节         董事、监事、高级管理人员和员工情况


一、董事、监事和高级管理人员持股变动


                                                          期初持     本期增     本期减     其他增      期末持
  姓名      职务     任职状      性别      年龄      任期起     任期终      股数     持股份     持股份     减变动       股数
                   态                      始日期     止日期     （股）      数量      数量     （股）      （股）
                                                                  （股）     （股）

                                         2016 年   2021年   4,347,2 1,988,0          3,477,8 9,813,1
 郑召伟     董事长     现任      男           41  07 月     04月         94      20              35       49
                                         05 日     16日

         总经理                             2014 年   2021年           2,501,6                  2,501,6
 李荣华     兼董事     现任      男           41  10 月     04月          0      47                       47
                                         17 日     16日

 张磊      副董事                             2017 年   2021年           2,500,0                  2,500,0
 （小）     长兼董     现任      男           38  05 月     04月          0      00                       00
         事                               16 日     16日

                                         2017 年   2021年           2,800,0                  2,800,0
 徐海芹     董事      现任      男           36  05 月     04月          0      00                       00
                                         16 日     16日

                                         2018 年   2021年
 成君      董事      现任      女           39  04 月     04月          0       0               0       0
                                         16 日     16日

                                         2016 年   2021年
 马景春     董事      现任      男           44  07 月     04月          0       0               0       0
                                         05 日     16日

         独立董                             2014 年   2021年
 金建显     事       现任      男           50  10 月     04月          0       0               0       0
                                         17 日     16日

         独立董                             2015 年   2021年
 赵向阳     事       现任      男           50  04 月     04月          0       0               0       0
                                         02 日     16日

         独立董                             2015 年   2021年
 郭林      事       现任      男           55  04 月     04月          0       0               0       0
                                         02 日     16日

                                         2015 年   2021年
 张静      监事      现任      女           36  04 月     04月          0       0               0       0
                                         02 日     16日



95","保留年报原列示状态，不据此推断2021-04-30当日任职；任期终止日期不自动等同实际离任日期。","{""year"":""2018"",""key"":""management_05"",""status"":""extracted_original"",""person_name"":""成君"",""role"":""董事"",""reported_appointment_status"":""现任"",""status_basis"":""该年度原始年报任职状态列"",""confirmed_status_at_cutoff"":null,""period_basis"":""原年报名册、变动表或控制关系披露，不推断截止日当日状态"",""allowed_for_model_input"":true,""quote_format"":""extracted_page_excerpt""}"
"2018.management.management_06","management","2018","as_reported","","","management_06","马景春任职信息","","马景春；董事；年报任职状态：现任","","","","","","上市公司治理","","meichen_2018_original.pdf","annual_report_2018_original","95","95","[95]","2019-04-26","2021-04-30","true","disclosed","false","","山东美晨生态环境股份有限公司            2018年年度报告全文


               第八节         董事、监事、高级管理人员和员工情况


一、董事、监事和高级管理人员持股变动


                                                          期初持     本期增     本期减     其他增      期末持
  姓名      职务     任职状      性别      年龄      任期起     任期终      股数     持股份     持股份     减变动       股数
                   态                      始日期     止日期     （股）      数量      数量     （股）      （股）
                                                                  （股）     （股）

                                         2016 年   2021年   4,347,2 1,988,0          3,477,8 9,813,1
 郑召伟     董事长     现任      男           41  07 月     04月         94      20              35       49
                                         05 日     16日

         总经理                             2014 年   2021年           2,501,6                  2,501,6
 李荣华     兼董事     现任      男           41  10 月     04月          0      47                       47
                                         17 日     16日

 张磊      副董事                             2017 年   2021年           2,500,0                  2,500,0
 （小）     长兼董     现任      男           38  05 月     04月          0      00                       00
         事                               16 日     16日

                                         2017 年   2021年           2,800,0                  2,800,0
 徐海芹     董事      现任      男           36  05 月     04月          0      00                       00
                                         16 日     16日

                                         2018 年   2021年
 成君      董事      现任      女           39  04 月     04月          0       0               0       0
                                         16 日     16日

                                         2016 年   2021年
 马景春     董事      现任      男           44  07 月     04月          0       0               0       0
                                         05 日     16日

         独立董                             2014 年   2021年
 金建显     事       现任      男           50  10 月     04月          0       0               0       0
                                         17 日     16日

         独立董                             2015 年   2021年
 赵向阳     事       现任      男           50  04 月     04月          0       0               0       0
                                         02 日     16日

         独立董                             2015 年   2021年
 郭林      事       现任      男           55  04 月     04月          0       0               0       0
                                         02 日     16日

                                         2015 年   2021年
 张静      监事      现任      女           36  04 月     04月          0       0               0       0
                                         02 日     16日



95","保留年报原列示状态，不据此推断2021-04-30当日任职；任期终止日期不自动等同实际离任日期。","{""year"":""2018"",""key"":""management_06"",""status"":""extracted_original"",""person_name"":""马景春"",""role"":""董事"",""reported_appointment_status"":""现任"",""status_basis"":""该年度原始年报任职状态列"",""confirmed_status_at_cutoff"":null,""period_basis"":""原年报名册、变动表或控制关系披露，不推断截止日当日状态"",""allowed_for_model_input"":true,""quote_format"":""extracted_page_excerpt""}"
"2018.management.management_07","management","2018","as_reported","","","management_07","金建显任职信息","","金建显；独立董事；年报任职状态：现任","","","","","","上市公司治理","","meichen_2018_original.pdf","annual_report_2018_original","95","95","[95]","2019-04-26","2021-04-30","true","disclosed","false","","山东美晨生态环境股份有限公司            2018年年度报告全文


               第八节         董事、监事、高级管理人员和员工情况


一、董事、监事和高级管理人员持股变动


                                                          期初持     本期增     本期减     其他增      期末持
  姓名      职务     任职状      性别      年龄      任期起     任期终      股数     持股份     持股份     减变动       股数
                   态                      始日期     止日期     （股）      数量      数量     （股）      （股）
                                                                  （股）     （股）

                                         2016 年   2021年   4,347,2 1,988,0          3,477,8 9,813,1
 郑召伟     董事长     现任      男           41  07 月     04月         94      20              35       49
                                         05 日     16日

         总经理                             2014 年   2021年           2,501,6                  2,501,6
 李荣华     兼董事     现任      男           41  10 月     04月          0      47                       47
                                         17 日     16日

 张磊      副董事                             2017 年   2021年           2,500,0                  2,500,0
 （小）     长兼董     现任      男           38  05 月     04月          0      00                       00
         事                               16 日     16日

                                         2017 年   2021年           2,800,0                  2,800,0
 徐海芹     董事      现任      男           36  05 月     04月          0      00                       00
                                         16 日     16日

                                         2018 年   2021年
 成君      董事      现任      女           39  04 月     04月          0       0               0       0
                                         16 日     16日

                                         2016 年   2021年
 马景春     董事      现任      男           44  07 月     04月          0       0               0       0
                                         05 日     16日

         独立董                             2014 年   2021年
 金建显     事       现任      男           50  10 月     04月          0       0               0       0
                                         17 日     16日

         独立董                             2015 年   2021年
 赵向阳     事       现任      男           50  04 月     04月          0       0               0       0
                                         02 日     16日

         独立董                             2015 年   2021年
 郭林      事       现任      男           55  04 月     04月          0       0               0       0
                                         02 日     16日

                                         2015 年   2021年
 张静      监事      现任      女           36  04 月     04月          0       0               0       0
                                         02 日     16日



95","保留年报原列示状态，不据此推断2021-04-30当日任职；任期终止日期不自动等同实际离任日期。","{""year"":""2018"",""key"":""management_07"",""status"":""extracted_original"",""person_name"":""金建显"",""role"":""独立董事"",""reported_appointment_status"":""现任"",""status_basis"":""该年度原始年报任职状态列"",""confirmed_status_at_cutoff"":null,""period_basis"":""原年报名册、变动表或控制关系披露，不推断截止日当日状态"",""allowed_for_model_input"":true,""quote_format"":""extracted_page_excerpt""}"
"2018.management.management_08","management","2018","as_reported","","","management_08","赵向阳任职信息","","赵向阳；独立董事；年报任职状态：现任","","","","","","上市公司治理","","meichen_2018_original.pdf","annual_report_2018_original","95","95","[95]","2019-04-26","2021-04-30","true","disclosed","false","","山东美晨生态环境股份有限公司            2018年年度报告全文


               第八节         董事、监事、高级管理人员和员工情况


一、董事、监事和高级管理人员持股变动


                                                          期初持     本期增     本期减     其他增      期末持
  姓名      职务     任职状      性别      年龄      任期起     任期终      股数     持股份     持股份     减变动       股数
                   态                      始日期     止日期     （股）      数量      数量     （股）      （股）
                                                                  （股）     （股）

                                         2016 年   2021年   4,347,2 1,988,0          3,477,8 9,813,1
 郑召伟     董事长     现任      男           41  07 月     04月         94      20              35       49
                                         05 日     16日

         总经理                             2014 年   2021年           2,501,6                  2,501,6
 李荣华     兼董事     现任      男           41  10 月     04月          0      47                       47
                                         17 日     16日

 张磊      副董事                             2017 年   2021年           2,500,0                  2,500,0
 （小）     长兼董     现任      男           38  05 月     04月          0      00                       00
         事                               16 日     16日

                                         2017 年   2021年           2,800,0                  2,800,0
 徐海芹     董事      现任      男           36  05 月     04月          0      00                       00
                                         16 日     16日

                                         2018 年   2021年
 成君      董事      现任      女           39  04 月     04月          0       0               0       0
                                         16 日     16日

                                         2016 年   2021年
 马景春     董事      现任      男           44  07 月     04月          0       0               0       0
                                         05 日     16日

         独立董                             2014 年   2021年
 金建显     事       现任      男           50  10 月     04月          0       0               0       0
                                         17 日     16日

         独立董                             2015 年   2021年
 赵向阳     事       现任      男           50  04 月     04月          0       0               0       0
                                         02 日     16日

         独立董                             2015 年   2021年
 郭林      事       现任      男           55  04 月     04月          0       0               0       0
                                         02 日     16日

                                         2015 年   2021年
 张静      监事      现任      女           36  04 月     04月          0       0               0       0
                                         02 日     16日



95","保留年报原列示状态，不据此推断2021-04-30当日任职；任期终止日期不自动等同实际离任日期。","{""year"":""2018"",""key"":""management_08"",""status"":""extracted_original"",""person_name"":""赵向阳"",""role"":""独立董事"",""reported_appointment_status"":""现任"",""status_basis"":""该年度原始年报任职状态列"",""confirmed_status_at_cutoff"":null,""period_basis"":""原年报名册、变动表或控制关系披露，不推断截止日当日状态"",""allowed_for_model_input"":true,""quote_format"":""extracted_page_excerpt""}"
"2018.management.management_09","management","2018","as_reported","","","management_09","郭林任职信息","","郭林；独立董事；年报任职状态：现任","","","","","","上市公司治理","","meichen_2018_original.pdf","annual_report_2018_original","95","95","[95]","2019-04-26","2021-04-30","true","disclosed","false","","山东美晨生态环境股份有限公司            2018年年度报告全文


               第八节         董事、监事、高级管理人员和员工情况


一、董事、监事和高级管理人员持股变动


                                                          期初持     本期增     本期减     其他增      期末持
  姓名      职务     任职状      性别      年龄      任期起     任期终      股数     持股份     持股份     减变动       股数
                   态                      始日期     止日期     （股）      数量      数量     （股）      （股）
                                                                  （股）     （股）

                                         2016 年   2021年   4,347,2 1,988,0          3,477,8 9,813,1
 郑召伟     董事长     现任      男           41  07 月     04月         94      20              35       49
                                         05 日     16日

         总经理                             2014 年   2021年           2,501,6                  2,501,6
 李荣华     兼董事     现任      男           41  10 月     04月          0      47                       47
                                         17 日     16日

 张磊      副董事                             2017 年   2021年           2,500,0                  2,500,0
 （小）     长兼董     现任      男           38  05 月     04月          0      00                       00
         事                               16 日     16日

                                         2017 年   2021年           2,800,0                  2,800,0
 徐海芹     董事      现任      男           36  05 月     04月          0      00                       00
                                         16 日     16日

                                         2018 年   2021年
 成君      董事      现任      女           39  04 月     04月          0       0               0       0
                                         16 日     16日

                                         2016 年   2021年
 马景春     董事      现任      男           44  07 月     04月          0       0               0       0
                                         05 日     16日

         独立董                             2014 年   2021年
 金建显     事       现任      男           50  10 月     04月          0       0               0       0
                                         17 日     16日

         独立董                             2015 年   2021年
 赵向阳     事       现任      男           50  04 月     04月          0       0               0       0
                                         02 日     16日

         独立董                             2015 年   2021年
 郭林      事       现任      男           55  04 月     04月          0       0               0       0
                                         02 日     16日

                                         2015 年   2021年
 张静      监事      现任      女           36  04 月     04月          0       0               0       0
                                         02 日     16日



95","保留年报原列示状态，不据此推断2021-04-30当日任职；任期终止日期不自动等同实际离任日期。","{""year"":""2018"",""key"":""management_09"",""status"":""extracted_original"",""person_name"":""郭林"",""role"":""独立董事"",""reported_appointment_status"":""现任"",""status_basis"":""该年度原始年报任职状态列"",""confirmed_status_at_cutoff"":null,""period_basis"":""原年报名册、变动表或控制关系披露，不推断截止日当日状态"",""allowed_for_model_input"":true,""quote_format"":""extracted_page_excerpt""}"
"2018.management.management_10","management","2018","as_reported","","","management_10","张静任职信息","","张静；监事；年报任职状态：现任","","","","","","上市公司治理","","meichen_2018_original.pdf","annual_report_2018_original","95","95","[95]","2019-04-26","2021-04-30","true","disclosed","false","","山东美晨生态环境股份有限公司            2018年年度报告全文


               第八节         董事、监事、高级管理人员和员工情况


一、董事、监事和高级管理人员持股变动


                                                          期初持     本期增     本期减     其他增      期末持
  姓名      职务     任职状      性别      年龄      任期起     任期终      股数     持股份     持股份     减变动       股数
                   态                      始日期     止日期     （股）      数量      数量     （股）      （股）
                                                                  （股）     （股）

                                         2016 年   2021年   4,347,2 1,988,0          3,477,8 9,813,1
 郑召伟     董事长     现任      男           41  07 月     04月         94      20              35       49
                                         05 日     16日

         总经理                             2014 年   2021年           2,501,6                  2,501,6
 李荣华     兼董事     现任      男           41  10 月     04月          0      47                       47
                                         17 日     16日

 张磊      副董事                             2017 年   2021年           2,500,0                  2,500,0
 （小）     长兼董     现任      男           38  05 月     04月          0      00                       00
         事                               16 日     16日

                                         2017 年   2021年           2,800,0                  2,800,0
 徐海芹     董事      现任      男           36  05 月     04月          0      00                       00
                                         16 日     16日

                                         2018 年   2021年
 成君      董事      现任      女           39  04 月     04月          0       0               0       0
                                         16 日     16日

                                         2016 年   2021年
 马景春     董事      现任      男           44  07 月     04月          0       0               0       0
                                         05 日     16日

         独立董                             2014 年   2021年
 金建显     事       现任      男           50  10 月     04月          0       0               0       0
                                         17 日     16日

         独立董                             2015 年   2021年
 赵向阳     事       现任      男           50  04 月     04月          0       0               0       0
                                         02 日     16日

         独立董                             2015 年   2021年
 郭林      事       现任      男           55  04 月     04月          0       0               0       0
                                         02 日     16日

                                         2015 年   2021年
 张静      监事      现任      女           36  04 月     04月          0       0               0       0
                                         02 日     16日



95","保留年报原列示状态，不据此推断2021-04-30当日任职；任期终止日期不自动等同实际离任日期。","{""year"":""2018"",""key"":""management_10"",""status"":""extracted_original"",""person_name"":""张静"",""role"":""监事"",""reported_appointment_status"":""现任"",""status_basis"":""该年度原始年报任职状态列"",""confirmed_status_at_cutoff"":null,""period_basis"":""原年报名册、变动表或控制关系披露，不推断截止日当日状态"",""allowed_for_model_input"":true,""quote_format"":""extracted_page_excerpt""}"
"2018.management.management_11","management","2018","as_reported","","","management_11","甄冉任职信息","","甄冉；监事；年报任职状态：现任","","","","","","上市公司治理","","meichen_2018_original.pdf","annual_report_2018_original","96","96","[95,96]","2019-04-26","2021-04-30","true","disclosed","false","","山东美晨生态环境股份有限公司            2018年年度报告全文


               第八节         董事、监事、高级管理人员和员工情况


一、董事、监事和高级管理人员持股变动


                                                          期初持     本期增     本期减     其他增      期末持
  姓名      职务     任职状      性别      年龄      任期起     任期终      股数     持股份     持股份     减变动       股数
                   态                      始日期     止日期     （股）      数量      数量     （股）      （股）
                                                                  （股）     （股）

                                         2016 年   2021年   4,347,2 1,988,0          3,477,8 9,813,1
 
山东美晨生态环境股份有限公司             2018年年度报告全文


                                           2015年    2021年
 甄冉      监事       现任      女            33  04月      04月          0        0                0       0
                                           02日      16日

                                           2015年    2021年
 张淑珍     监事       现任      女            35  11月 11   04月          0        0                0       0
                                           日        16日

         董事会                               2013年    2021年
 李炜刚     秘书       现任      男            36  10月      04月       7,500       0            6,000   13,500
                                           22日      16日

         财务总                               2016年    2021年
 孙淑芹     监        现任      女            52  07月      04月       2,250       0            1,800    4,050
                                           05日      16日

         副总经                               2018年    2021年
 张兵      理        现任      男            40  04月      04月          0        0                0       0
                                           16日      16日

         副总经                               2018年    2021年
 罗旭      理        现任      男            48  04月      04月          0        0                0       0
                                           16日      16日

         副总经                               2018年    2021年
 邵高贤     理        现任      男            55  04月      04月          0        0                0       0
                                           16日      16日

                                           2015年    2018年
 肖泮文     董事       离任      男            43  04月      04月      15,000       0           12,000   27,000
                                           02日      16日

         副总经                               2009年    2018年
 李瑞龙     理        离任      男            50  04月      04月      26,300       0           21,040   47,340
                                           27日      16日

 合计         --      --       --      --      --       --    4,398,3  9,789,6      0   13,308, 17,706,
                                                                44       67              342     686","保留年报原列示状态，不据此推断2021-04-30当日任职；任期终止日期不自动等同实际离任日期。","{""year"":""2018"",""key"":""management_11"",""status"":""extracted_original"",""person_name"":""甄冉"",""role"":""监事"",""reported_appointment_status"":""现任"",""status_basis"":""该年度原始年报任职状态列"",""confirmed_status_at_cutoff"":null,""period_basis"":""原年报名册、变动表或控制关系披露，不推断截止日当日状态"",""allowed_for_model_input"":true,""quote_format"":""extracted_page_excerpt""}"
"2018.management.management_12","management","2018","as_reported","","","management_12","张淑珍任职信息","","张淑珍；监事；年报任职状态：现任","","","","","","上市公司治理","","meichen_2018_original.pdf","annual_report_2018_original","96","96","[95,96]","2019-04-26","2021-04-30","true","disclosed","false","","山东美晨生态环境股份有限公司            2018年年度报告全文


               第八节         董事、监事、高级管理人员和员工情况


一、董事、监事和高级管理人员持股变动


                                                          期初持     本期增     本期减     其他增      期末持
  姓名      职务     任职状      性别      年龄      任期起     任期终      股数     持股份     持股份     减变动       股数
                   态                      始日期     止日期     （股）      数量      数量     （股）      （股）
                                                                  （股）     （股）

                                         2016 年   2021年   4,347,2 1,988,0          3,477,8 9,813,1
 
山东美晨生态环境股份有限公司             2018年年度报告全文


                                           2015年    2021年
 甄冉      监事       现任      女            33  04月      04月          0        0                0       0
                                           02日      16日

                                           2015年    2021年
 张淑珍     监事       现任      女            35  11月 11   04月          0        0                0       0
                                           日        16日

         董事会                               2013年    2021年
 李炜刚     秘书       现任      男            36  10月      04月       7,500       0            6,000   13,500
                                           22日      16日

         财务总                               2016年    2021年
 孙淑芹     监        现任      女            52  07月      04月       2,250       0            1,800    4,050
                                           05日      16日

         副总经                               2018年    2021年
 张兵      理        现任      男            40  04月      04月          0        0                0       0
                                           16日      16日

         副总经                               2018年    2021年
 罗旭      理        现任      男            48  04月      04月          0        0                0       0
                                           16日      16日

         副总经                               2018年    2021年
 邵高贤     理        现任      男            55  04月      04月          0        0                0       0
                                           16日      16日

                                           2015年    2018年
 肖泮文     董事       离任      男            43  04月      04月      15,000       0           12,000   27,000
                                           02日      16日

         副总经                               2009年    2018年
 李瑞龙     理        离任      男            50  04月      04月      26,300       0           21,040   47,340
                                           27日      16日

 合计         --      --       --      --      --       --    4,398,3  9,789,6      0   13,308, 17,706,
                                                                44       67              342     686","保留年报原列示状态，不据此推断2021-04-30当日任职；任期终止日期不自动等同实际离任日期。","{""year"":""2018"",""key"":""management_12"",""status"":""extracted_original"",""person_name"":""张淑珍"",""role"":""监事"",""reported_appointment_status"":""现任"",""status_basis"":""该年度原始年报任职状态列"",""confirmed_status_at_cutoff"":null,""period_basis"":""原年报名册、变动表或控制关系披露，不推断截止日当日状态"",""allowed_for_model_input"":true,""quote_format"":""extracted_page_excerpt""}"
"2018.management.management_13","management","2018","as_reported","","","management_13","李炜刚任职信息","","李炜刚；董事会秘书；年报任职状态：现任","","","","","","上市公司治理","","meichen_2018_original.pdf","annual_report_2018_original","96","96","[95,96]","2019-04-26","2021-04-30","true","disclosed","false","","山东美晨生态环境股份有限公司            2018年年度报告全文


               第八节         董事、监事、高级管理人员和员工情况


一、董事、监事和高级管理人员持股变动


                                                          期初持     本期增     本期减     其他增      期末持
  姓名      职务     任职状      性别      年龄      任期起     任期终      股数     持股份     持股份     减变动       股数
                   态                      始日期     止日期     （股）      数量      数量     （股）      （股）
                                                                  （股）     （股）

                                         2016 年   2021年   4,347,2 1,988,0          3,477,8 9,813,1
 
山东美晨生态环境股份有限公司             2018年年度报告全文


                                           2015年    2021年
 甄冉      监事       现任      女            33  04月      04月          0        0                0       0
                                           02日      16日

                                           2015年    2021年
 张淑珍     监事       现任      女            35  11月 11   04月          0        0                0       0
                                           日        16日

         董事会                               2013年    2021年
 李炜刚     秘书       现任      男            36  10月      04月       7,500       0            6,000   13,500
                                           22日      16日

         财务总                               2016年    2021年
 孙淑芹     监        现任      女            52  07月      04月       2,250       0            1,800    4,050
                                           05日      16日

         副总经                               2018年    2021年
 张兵      理        现任      男            40  04月      04月          0        0                0       0
                                           16日      16日

         副总经                               2018年    2021年
 罗旭      理        现任      男            48  04月      04月          0        0                0       0
                                           16日      16日

         副总经                               2018年    2021年
 邵高贤     理        现任      男            55  04月      04月          0        0                0       0
                                           16日      16日

                                           2015年    2018年
 肖泮文     董事       离任      男            43  04月      04月      15,000       0           12,000   27,000
                                           02日      16日

         副总经                               2009年    2018年
 李瑞龙     理        离任      男            50  04月      04月      26,300       0           21,040   47,340
                                           27日      16日

 合计         --      --       --      --      --       --    4,398,3  9,789,6      0   13,308, 17,706,
                                                                44       67              342     686","保留年报原列示状态，不据此推断2021-04-30当日任职；任期终止日期不自动等同实际离任日期。","{""year"":""2018"",""key"":""management_13"",""status"":""extracted_original"",""person_name"":""李炜刚"",""role"":""董事会秘书"",""reported_appointment_status"":""现任"",""status_basis"":""该年度原始年报任职状态列"",""confirmed_status_at_cutoff"":null,""period_basis"":""原年报名册、变动表或控制关系披露，不推断截止日当日状态"",""allowed_for_model_input"":true,""quote_format"":""extracted_page_excerpt""}"
"2018.management.management_14","management","2018","as_reported","","","management_14","孙淑芹任职信息","","孙淑芹；财务总监；年报任职状态：现任","","","","","","上市公司治理","","meichen_2018_original.pdf","annual_report_2018_original","96","96","[95,96]","2019-04-26","2021-04-30","true","disclosed","false","","山东美晨生态环境股份有限公司            2018年年度报告全文


               第八节         董事、监事、高级管理人员和员工情况


一、董事、监事和高级管理人员持股变动


                                                          期初持     本期增     本期减     其他增      期末持
  姓名      职务     任职状      性别      年龄      任期起     任期终      股数     持股份     持股份     减变动       股数
                   态                      始日期     止日期     （股）      数量      数量     （股）      （股）
                                                                  （股）     （股）

                                         2016 年   2021年   4,347,2 1,988,0          3,477,8 9,813,1
 
山东美晨生态环境股份有限公司             2018年年度报告全文


                                           2015年    2021年
 甄冉      监事       现任      女            33  04月      04月          0        0                0       0
                                           02日      16日

                                           2015年    2021年
 张淑珍     监事       现任      女            35  11月 11   04月          0        0                0       0
                                           日        16日

         董事会                               2013年    2021年
 李炜刚     秘书       现任      男            36  10月      04月       7,500       0            6,000   13,500
                                           22日      16日

         财务总                               2016年    2021年
 孙淑芹     监        现任      女            52  07月      04月       2,250       0            1,800    4,050
                                           05日      16日

         副总经                               2018年    2021年
 张兵      理        现任      男            40  04月      04月          0        0                0       0
                                           16日      16日

         副总经                               2018年    2021年
 罗旭      理        现任      男            48  04月      04月          0        0                0       0
                                           16日      16日

         副总经                               2018年    2021年
 邵高贤     理        现任      男            55  04月      04月          0        0                0       0
                                           16日      16日

                                           2015年    2018年
 肖泮文     董事       离任      男            43  04月      04月      15,000       0           12,000   27,000
                                           02日      16日

         副总经                               2009年    2018年
 李瑞龙     理        离任      男            50  04月      04月      26,300       0           21,040   47,340
                                           27日      16日

 合计         --      --       --      --      --       --    4,398,3  9,789,6      0   13,308, 17,706,
                                                                44       67              342     686","保留年报原列示状态，不据此推断2021-04-30当日任职；任期终止日期不自动等同实际离任日期。","{""year"":""2018"",""key"":""management_14"",""status"":""extracted_original"",""person_name"":""孙淑芹"",""role"":""财务总监"",""reported_appointment_status"":""现任"",""status_basis"":""该年度原始年报任职状态列"",""confirmed_status_at_cutoff"":null,""period_basis"":""原年报名册、变动表或控制关系披露，不推断截止日当日状态"",""allowed_for_model_input"":true,""quote_format"":""extracted_page_excerpt""}"
"2018.management.management_15","management","2018","as_reported","","","management_15","张兵任职信息","","张兵；副总经理；年报任职状态：现任","","","","","","上市公司治理","","meichen_2018_original.pdf","annual_report_2018_original","96","96","[95,96]","2019-04-26","2021-04-30","true","disclosed","false","","山东美晨生态环境股份有限公司            2018年年度报告全文


               第八节         董事、监事、高级管理人员和员工情况


一、董事、监事和高级管理人员持股变动


                                                          期初持     本期增     本期减     其他增      期末持
  姓名      职务     任职状      性别      年龄      任期起     任期终      股数     持股份     持股份     减变动       股数
                   态                      始日期     止日期     （股）      数量      数量     （股）      （股）
                                                                  （股）     （股）

                                         2016 年   2021年   4,347,2 1,988,0          3,477,8 9,813,1
 
山东美晨生态环境股份有限公司             2018年年度报告全文


                                           2015年    2021年
 甄冉      监事       现任      女            33  04月      04月          0        0                0       0
                                           02日      16日

                                           2015年    2021年
 张淑珍     监事       现任      女            35  11月 11   04月          0        0                0       0
                                           日        16日

         董事会                               2013年    2021年
 李炜刚     秘书       现任      男            36  10月      04月       7,500       0            6,000   13,500
                                           22日      16日

         财务总                               2016年    2021年
 孙淑芹     监        现任      女            52  07月      04月       2,250       0            1,800    4,050
                                           05日      16日

         副总经                               2018年    2021年
 张兵      理        现任      男            40  04月      04月          0        0                0       0
                                           16日      16日

         副总经                               2018年    2021年
 罗旭      理        现任      男            48  04月      04月          0        0                0       0
                                           16日      16日

         副总经                               2018年    2021年
 邵高贤     理        现任      男            55  04月      04月          0        0                0       0
                                           16日      16日

                                           2015年    2018年
 肖泮文     董事       离任      男            43  04月      04月      15,000       0           12,000   27,000
                                           02日      16日

         副总经                               2009年    2018年
 李瑞龙     理        离任      男            50  04月      04月      26,300       0           21,040   47,340
                                           27日      16日

 合计         --      --       --      --      --       --    4,398,3  9,789,6      0   13,308, 17,706,
                                                                44       67              342     686","保留年报原列示状态，不据此推断2021-04-30当日任职；任期终止日期不自动等同实际离任日期。","{""year"":""2018"",""key"":""management_15"",""status"":""extracted_original"",""person_name"":""张兵"",""role"":""副总经理"",""reported_appointment_status"":""现任"",""status_basis"":""该年度原始年报任职状态列"",""confirmed_status_at_cutoff"":null,""period_basis"":""原年报名册、变动表或控制关系披露，不推断截止日当日状态"",""allowed_for_model_input"":true,""quote_format"":""extracted_page_excerpt""}"
"2018.management.management_16","management","2018","as_reported","","","management_16","罗旭任职信息","","罗旭；副总经理；年报任职状态：现任","","","","","","上市公司治理","","meichen_2018_original.pdf","annual_report_2018_original","96","96","[95,96]","2019-04-26","2021-04-30","true","disclosed","false","","山东美晨生态环境股份有限公司            2018年年度报告全文


               第八节         董事、监事、高级管理人员和员工情况


一、董事、监事和高级管理人员持股变动


                                                          期初持     本期增     本期减     其他增      期末持
  姓名      职务     任职状      性别      年龄      任期起     任期终      股数     持股份     持股份     减变动       股数
                   态                      始日期     止日期     （股）      数量      数量     （股）      （股）
                                                                  （股）     （股）

                                         2016 年   2021年   4,347,2 1,988,0          3,477,8 9,813,1
 
山东美晨生态环境股份有限公司             2018年年度报告全文


                                           2015年    2021年
 甄冉      监事       现任      女            33  04月      04月          0        0                0       0
                                           02日      16日

                                           2015年    2021年
 张淑珍     监事       现任      女            35  11月 11   04月          0        0                0       0
                                           日        16日

         董事会                               2013年    2021年
 李炜刚     秘书       现任      男            36  10月      04月       7,500       0            6,000   13,500
                                           22日      16日

         财务总                               2016年    2021年
 孙淑芹     监        现任      女            52  07月      04月       2,250       0            1,800    4,050
                                           05日      16日

         副总经                               2018年    2021年
 张兵      理        现任      男            40  04月      04月          0        0                0       0
                                           16日      16日

         副总经                               2018年    2021年
 罗旭      理        现任      男            48  04月      04月          0        0                0       0
                                           16日      16日

         副总经                               2018年    2021年
 邵高贤     理        现任      男            55  04月      04月          0        0                0       0
                                           16日      16日

                                           2015年    2018年
 肖泮文     董事       离任      男            43  04月      04月      15,000       0           12,000   27,000
                                           02日      16日

         副总经                               2009年    2018年
 李瑞龙     理        离任      男            50  04月      04月      26,300       0           21,040   47,340
                                           27日      16日

 合计         --      --       --      --      --       --    4,398,3  9,789,6      0   13,308, 17,706,
                                                                44       67              342     686","保留年报原列示状态，不据此推断2021-04-30当日任职；任期终止日期不自动等同实际离任日期。","{""year"":""2018"",""key"":""management_16"",""status"":""extracted_original"",""person_name"":""罗旭"",""role"":""副总经理"",""reported_appointment_status"":""现任"",""status_basis"":""该年度原始年报任职状态列"",""confirmed_status_at_cutoff"":null,""period_basis"":""原年报名册、变动表或控制关系披露，不推断截止日当日状态"",""allowed_for_model_input"":true,""quote_format"":""extracted_page_excerpt""}"
"2018.management.management_17","management","2018","as_reported","","","management_17","邵高贤任职信息","","邵高贤；副总经理；年报任职状态：现任","","","","","","上市公司治理","","meichen_2018_original.pdf","annual_report_2018_original","96","96","[95,96]","2019-04-26","2021-04-30","true","disclosed","false","","山东美晨生态环境股份有限公司            2018年年度报告全文


               第八节         董事、监事、高级管理人员和员工情况


一、董事、监事和高级管理人员持股变动


                                                          期初持     本期增     本期减     其他增      期末持
  姓名      职务     任职状      性别      年龄      任期起     任期终      股数     持股份     持股份     减变动       股数
                   态                      始日期     止日期     （股）      数量      数量     （股）      （股）
                                                                  （股）     （股）

                                         2016 年   2021年   4,347,2 1,988,0          3,477,8 9,813,1
 
山东美晨生态环境股份有限公司             2018年年度报告全文


                                           2015年    2021年
 甄冉      监事       现任      女            33  04月      04月          0        0                0       0
                                           02日      16日

                                           2015年    2021年
 张淑珍     监事       现任      女            35  11月 11   04月          0        0                0       0
                                           日        16日

         董事会                               2013年    2021年
 李炜刚     秘书       现任      男            36  10月      04月       7,500       0            6,000   13,500
                                           22日      16日

         财务总                               2016年    2021年
 孙淑芹     监        现任      女            52  07月      04月       2,250       0            1,800    4,050
                                           05日      16日

         副总经                               2018年    2021年
 张兵      理        现任      男            40  04月      04月          0        0                0       0
                                           16日      16日

         副总经                               2018年    2021年
 罗旭      理        现任      男            48  04月      04月          0        0                0       0
                                           16日      16日

         副总经                               2018年    2021年
 邵高贤     理        现任      男            55  04月      04月          0        0                0       0
                                           16日      16日

                                           2015年    2018年
 肖泮文     董事       离任      男            43  04月      04月      15,000       0           12,000   27,000
                                           02日      16日

         副总经                               2009年    2018年
 李瑞龙     理        离任      男            50  04月      04月      26,300       0           21,040   47,340
                                           27日      16日

 合计         --      --       --      --      --       --    4,398,3  9,789,6      0   13,308, 17,706,
                                                                44       67              342     686","保留年报原列示状态，不据此推断2021-04-30当日任职；任期终止日期不自动等同实际离任日期。","{""year"":""2018"",""key"":""management_17"",""status"":""extracted_original"",""person_name"":""邵高贤"",""role"":""副总经理"",""reported_appointment_status"":""现任"",""status_basis"":""该年度原始年报任职状态列"",""confirmed_status_at_cutoff"":null,""period_basis"":""原年报名册、变动表或控制关系披露，不推断截止日当日状态"",""allowed_for_model_input"":true,""quote_format"":""extracted_page_excerpt""}"
"2018.management.management_18","management","2018","as_reported","","","management_18","肖泮文任职信息","","肖泮文；董事；年报任职状态：离任","","","","","","上市公司治理","","meichen_2018_original.pdf","annual_report_2018_original","96","96","[95,96]","2019-04-26","2021-04-30","true","disclosed","false","","山东美晨生态环境股份有限公司            2018年年度报告全文


               第八节         董事、监事、高级管理人员和员工情况


一、董事、监事和高级管理人员持股变动


                                                          期初持     本期增     本期减     其他增      期末持
  姓名      职务     任职状      性别      年龄      任期起     任期终      股数     持股份     持股份     减变动       股数
                   态                      始日期     止日期     （股）      数量      数量     （股）      （股）
                                                                  （股）     （股）

                                         2016 年   2021年   4,347,2 1,988,0          3,477,8 9,813,1
 
山东美晨生态环境股份有限公司             2018年年度报告全文


                                           2015年    2021年
 甄冉      监事       现任      女            33  04月      04月          0        0                0       0
                                           02日      16日

                                           2015年    2021年
 张淑珍     监事       现任      女            35  11月 11   04月          0        0                0       0
                                           日        16日

         董事会                               2013年    2021年
 李炜刚     秘书       现任      男            36  10月      04月       7,500       0            6,000   13,500
                                           22日      16日

         财务总                               2016年    2021年
 孙淑芹     监        现任      女            52  07月      04月       2,250       0            1,800    4,050
                                           05日      16日

         副总经                               2018年    2021年
 张兵      理        现任      男            40  04月      04月          0        0                0       0
                                           16日      16日

         副总经                               2018年    2021年
 罗旭      理        现任      男            48  04月      04月          0        0                0       0
                                           16日      16日

         副总经                               2018年    2021年
 邵高贤     理        现任      男            55  04月      04月          0        0                0       0
                                           16日      16日

                                           2015年    2018年
 肖泮文     董事       离任      男            43  04月      04月      15,000       0           12,000   27,000
                                           02日      16日

         副总经                               2009年    2018年
 李瑞龙     理        离任      男            50  04月      04月      26,300       0           21,040   47,340
                                           27日      16日

 合计         --      --       --      --      --       --    4,398,3  9,789,6      0   13,308, 17,706,
                                                                44       67              342     686","保留年报原列示状态，不据此推断2021-04-30当日任职；任期终止日期不自动等同实际离任日期。","{""year"":""2018"",""key"":""management_18"",""status"":""extracted_original"",""person_name"":""肖泮文"",""role"":""董事"",""reported_appointment_status"":""离任"",""status_basis"":""该年度原始年报任职状态列"",""confirmed_status_at_cutoff"":null,""period_basis"":""原年报名册、变动表或控制关系披露，不推断截止日当日状态"",""allowed_for_model_input"":true,""quote_format"":""extracted_page_excerpt""}"
"2018.management.management_19","management","2018","as_reported","","","management_19","李瑞龙任职信息","","李瑞龙；副总经理；年报任职状态：离任","","","","","","上市公司治理","","meichen_2018_original.pdf","annual_report_2018_original","96","96","[95,96]","2019-04-26","2021-04-30","true","disclosed","false","","山东美晨生态环境股份有限公司            2018年年度报告全文


               第八节         董事、监事、高级管理人员和员工情况


一、董事、监事和高级管理人员持股变动


                                                          期初持     本期增     本期减     其他增      期末持
  姓名      职务     任职状      性别      年龄      任期起     任期终      股数     持股份     持股份     减变动       股数
                   态                      始日期     止日期     （股）      数量      数量     （股）      （股）
                                                                  （股）     （股）

                                         2016 年   2021年   4,347,2 1,988,0          3,477,8 9,813,1
 
山东美晨生态环境股份有限公司             2018年年度报告全文


                                           2015年    2021年
 甄冉      监事       现任      女            33  04月      04月          0        0                0       0
                                           02日      16日

                                           2015年    2021年
 张淑珍     监事       现任      女            35  11月 11   04月          0        0                0       0
                                           日        16日

         董事会                               2013年    2021年
 李炜刚     秘书       现任      男            36  10月      04月       7,500       0            6,000   13,500
                                           22日      16日

         财务总                               2016年    2021年
 孙淑芹     监        现任      女            52  07月      04月       2,250       0            1,800    4,050
                                           05日      16日

         副总经                               2018年    2021年
 张兵      理        现任      男            40  04月      04月          0        0                0       0
                                           16日      16日

         副总经                               2018年    2021年
 罗旭      理        现任      男            48  04月      04月          0        0                0       0
                                           16日      16日

         副总经                               2018年    2021年
 邵高贤     理        现任      男            55  04月      04月          0        0                0       0
                                           16日      16日

                                           2015年    2018年
 肖泮文     董事       离任      男            43  04月      04月      15,000       0           12,000   27,000
                                           02日      16日

         副总经                               2009年    2018年
 李瑞龙     理        离任      男            50  04月      04月      26,300       0           21,040   47,340
                                           27日      16日

 合计         --      --       --      --      --       --    4,398,3  9,789,6      0   13,308, 17,706,
                                                                44       67              342     686","保留年报原列示状态，不据此推断2021-04-30当日任职；任期终止日期不自动等同实际离任日期。","{""year"":""2018"",""key"":""management_19"",""status"":""extracted_original"",""person_name"":""李瑞龙"",""role"":""副总经理"",""reported_appointment_status"":""离任"",""status_basis"":""该年度原始年报任职状态列"",""confirmed_status_at_cutoff"":null,""period_basis"":""原年报名册、变动表或控制关系披露，不推断截止日当日状态"",""allowed_for_model_input"":true,""quote_format"":""extracted_page_excerpt""}"
"2019.management.management_01","management","2019","as_reported","","","management_01","窦茂功任职信息","","窦茂功；董事、董事长；年报任职状态：现任","","","","","","上市公司治理","","meichen_2019_original.pdf","annual_report_2019_original","91","91","[91]","2020-04-20","2021-04-30","true","disclosed","false","","山东美晨生态环境股份有限公司             2019年年度报告全文


                第九节董事、监事、高级管理人员和员工情况


一、董事、监事和高级管理人员持股变动


                                         任期起始    任期终止     期初持股    本期增持    本期减持    其他增减    期末持股
  姓名      职务    任职状态      性别       年龄      日期      日期     数（股） 股份数量       股份数量    变动（股） 数（股）
                                                                   （股）     （股）

        董事、董                             2019年   2021年
窦茂功     事长      现任      男              49 07月 25 04 月 15        0       0        0       0       0
                                         日       日

        董事、财                             2019年   2021年
庞安全     务总监     现任      男              40 07月 09 04 月 15        0       0        0       0       0
                                         日       日

                                         2019年   2021年
姜永峰     董事      现任      男              31 07月 25 04 月 15        0       0        0       0       0
                                         日       日

                                         2009年   2021年
郑召伟     董事      现任      男              41 04月 20 04 月 15  9,813,149     0        0       0 9,813,149
                                         日       日

        董事、总                             2014年   2021年
李荣华     经理      现任      男              41 10月 17 04 月 15  2,501,647     0        0       0 2,501,647
                                         日       日

                                         2017年   2021年
张磊（小） 董事        现任      男              38 05月 16 04 月 15  2,500,000     0        0       0 2,500,000
                                         日       日

                                         2017年   2019年
徐海芹     董事      离任      男              37 05月 16 07 月 25  2,800,000     0        0       0 2,800,000
                                         日       日

                                         2018年   2019年
成君      董事      离任      女              40 04月 16 07 月 25        0       0        0       0       0
                                         日       日

                                         2016年   2019年
马景春     董事      离任      男              45 07月 05 07 月 25        0       0        0       0       0
                                         日       日

                                         2014年   2020年
金建显     独立董事    现任      男              50 10月 17 10 月 16        0       0        0       0       0
                                         日       日

赵向阳     独立董事    现任      男              50 2015年  2021年          0       0        0       0       0



                                                                                                 91","保留年报原列示状态，不据此推断2021-04-30当日任职；任期终止日期不自动等同实际离任日期。","{""year"":""2019"",""key"":""management_01"",""status"":""extracted_original"",""person_name"":""窦茂功"",""role"":""董事、董事长"",""reported_appointment_status"":""现任"",""status_basis"":""该年度原始年报任职状态列"",""confirmed_status_at_cutoff"":null,""period_basis"":""原年报名册、变动表或控制关系披露，不推断截止日当日状态"",""allowed_for_model_input"":true,""quote_format"":""extracted_page_excerpt""}"
"2019.management.management_02","management","2019","as_reported","","","management_02","庞安全任职信息","","庞安全；董事、财务总监；年报任职状态：现任","","","","","","上市公司治理","","meichen_2019_original.pdf","annual_report_2019_original","91","91","[91]","2020-04-20","2021-04-30","true","disclosed","false","","山东美晨生态环境股份有限公司             2019年年度报告全文


                第九节董事、监事、高级管理人员和员工情况


一、董事、监事和高级管理人员持股变动


                                         任期起始    任期终止     期初持股    本期增持    本期减持    其他增减    期末持股
  姓名      职务    任职状态      性别       年龄      日期      日期     数（股） 股份数量       股份数量    变动（股） 数（股）
                                                                   （股）     （股）

        董事、董                             2019年   2021年
窦茂功     事长      现任      男              49 07月 25 04 月 15        0       0        0       0       0
                                         日       日

        董事、财                             2019年   2021年
庞安全     务总监     现任      男              40 07月 09 04 月 15        0       0        0       0       0
                                         日       日

                                         2019年   2021年
姜永峰     董事      现任      男              31 07月 25 04 月 15        0       0        0       0       0
                                         日       日

                                         2009年   2021年
郑召伟     董事      现任      男              41 04月 20 04 月 15  9,813,149     0        0       0 9,813,149
                                         日       日

        董事、总                             2014年   2021年
李荣华     经理      现任      男              41 10月 17 04 月 15  2,501,647     0        0       0 2,501,647
                                         日       日

                                         2017年   2021年
张磊（小） 董事        现任      男              38 05月 16 04 月 15  2,500,000     0        0       0 2,500,000
                                         日       日

                                         2017年   2019年
徐海芹     董事      离任      男              37 05月 16 07 月 25  2,800,000     0        0       0 2,800,000
                                         日       日

                                         2018年   2019年
成君      董事      离任      女              40 04月 16 07 月 25        0       0        0       0       0
                                         日       日

                                         2016年   2019年
马景春     董事      离任      男              45 07月 05 07 月 25        0       0        0       0       0
                                         日       日

                                         2014年   2020年
金建显     独立董事    现任      男              50 10月 17 10 月 16        0       0        0       0       0
                                         日       日

赵向阳     独立董事    现任      男              50 2015年  2021年          0       0        0       0       0



                                                                                                 91","保留年报原列示状态，不据此推断2021-04-30当日任职；任期终止日期不自动等同实际离任日期。","{""year"":""2019"",""key"":""management_02"",""status"":""extracted_original"",""person_name"":""庞安全"",""role"":""董事、财务总监"",""reported_appointment_status"":""现任"",""status_basis"":""该年度原始年报任职状态列"",""confirmed_status_at_cutoff"":null,""period_basis"":""原年报名册、变动表或控制关系披露，不推断截止日当日状态"",""allowed_for_model_input"":true,""quote_format"":""extracted_page_excerpt""}"
"2019.management.management_03","management","2019","as_reported","","","management_03","姜永峰任职信息","","姜永峰；董事；年报任职状态：现任","","","","","","上市公司治理","","meichen_2019_original.pdf","annual_report_2019_original","91","91","[91]","2020-04-20","2021-04-30","true","disclosed","false","","山东美晨生态环境股份有限公司             2019年年度报告全文


                第九节董事、监事、高级管理人员和员工情况


一、董事、监事和高级管理人员持股变动


                                         任期起始    任期终止     期初持股    本期增持    本期减持    其他增减    期末持股
  姓名      职务    任职状态      性别       年龄      日期      日期     数（股） 股份数量       股份数量    变动（股） 数（股）
                                                                   （股）     （股）

        董事、董                             2019年   2021年
窦茂功     事长      现任      男              49 07月 25 04 月 15        0       0        0       0       0
                                         日       日

        董事、财                             2019年   2021年
庞安全     务总监     现任      男              40 07月 09 04 月 15        0       0        0       0       0
                                         日       日

                                         2019年   2021年
姜永峰     董事      现任      男              31 07月 25 04 月 15        0       0        0       0       0
                                         日       日

                                         2009年   2021年
郑召伟     董事      现任      男              41 04月 20 04 月 15  9,813,149     0        0       0 9,813,149
                                         日       日

        董事、总                             2014年   2021年
李荣华     经理      现任      男              41 10月 17 04 月 15  2,501,647     0        0       0 2,501,647
                                         日       日

                                         2017年   2021年
张磊（小） 董事        现任      男              38 05月 16 04 月 15  2,500,000     0        0       0 2,500,000
                                         日       日

                                         2017年   2019年
徐海芹     董事      离任      男              37 05月 16 07 月 25  2,800,000     0        0       0 2,800,000
                                         日       日

                                         2018年   2019年
成君      董事      离任      女              40 04月 16 07 月 25        0       0        0       0       0
                                         日       日

                                         2016年   2019年
马景春     董事      离任      男              45 07月 05 07 月 25        0       0        0       0       0
                                         日       日

                                         2014年   2020年
金建显     独立董事    现任      男              50 10月 17 10 月 16        0       0        0       0       0
                                         日       日

赵向阳     独立董事    现任      男              50 2015年  2021年          0       0        0       0       0



                                                                                                 91","保留年报原列示状态，不据此推断2021-04-30当日任职；任期终止日期不自动等同实际离任日期。","{""year"":""2019"",""key"":""management_03"",""status"":""extracted_original"",""person_name"":""姜永峰"",""role"":""董事"",""reported_appointment_status"":""现任"",""status_basis"":""该年度原始年报任职状态列"",""confirmed_status_at_cutoff"":null,""period_basis"":""原年报名册、变动表或控制关系披露，不推断截止日当日状态"",""allowed_for_model_input"":true,""quote_format"":""extracted_page_excerpt""}"
"2019.management.management_04","management","2019","as_reported","","","management_04","郑召伟任职信息","","郑召伟；董事；年报任职状态：现任","","","","","","上市公司治理","","meichen_2019_original.pdf","annual_report_2019_original","91","91","[91]","2020-04-20","2021-04-30","true","disclosed","false","","山东美晨生态环境股份有限公司             2019年年度报告全文


                第九节董事、监事、高级管理人员和员工情况


一、董事、监事和高级管理人员持股变动


                                         任期起始    任期终止     期初持股    本期增持    本期减持    其他增减    期末持股
  姓名      职务    任职状态      性别       年龄      日期      日期     数（股） 股份数量       股份数量    变动（股） 数（股）
                                                                   （股）     （股）

        董事、董                             2019年   2021年
窦茂功     事长      现任      男              49 07月 25 04 月 15        0       0        0       0       0
                                         日       日

        董事、财                             2019年   2021年
庞安全     务总监     现任      男              40 07月 09 04 月 15        0       0        0       0       0
                                         日       日

                                         2019年   2021年
姜永峰     董事      现任      男              31 07月 25 04 月 15        0       0        0       0       0
                                         日       日

                                         2009年   2021年
郑召伟     董事      现任      男              41 04月 20 04 月 15  9,813,149     0        0       0 9,813,149
                                         日       日

        董事、总                             2014年   2021年
李荣华     经理      现任      男              41 10月 17 04 月 15  2,501,647     0        0       0 2,501,647
                                         日       日

                                         2017年   2021年
张磊（小） 董事        现任      男              38 05月 16 04 月 15  2,500,000     0        0       0 2,500,000
                                         日       日

                                         2017年   2019年
徐海芹     董事      离任      男              37 05月 16 07 月 25  2,800,000     0        0       0 2,800,000
                                         日       日

                                         2018年   2019年
成君      董事      离任      女              40 04月 16 07 月 25        0       0        0       0       0
                                         日       日

                                         2016年   2019年
马景春     董事      离任      男              45 07月 05 07 月 25        0       0        0       0       0
                                         日       日

                                         2014年   2020年
金建显     独立董事    现任      男              50 10月 17 10 月 16        0       0        0       0       0
                                         日       日

赵向阳     独立董事    现任      男              50 2015年  2021年          0       0        0       0       0



                                                                                                 91","保留年报原列示状态，不据此推断2021-04-30当日任职；任期终止日期不自动等同实际离任日期。","{""year"":""2019"",""key"":""management_04"",""status"":""extracted_original"",""person_name"":""郑召伟"",""role"":""董事"",""reported_appointment_status"":""现任"",""status_basis"":""该年度原始年报任职状态列"",""confirmed_status_at_cutoff"":null,""period_basis"":""原年报名册、变动表或控制关系披露，不推断截止日当日状态"",""allowed_for_model_input"":true,""quote_format"":""extracted_page_excerpt""}"
"2019.management.management_05","management","2019","as_reported","","","management_05","李荣华任职信息","","李荣华；董事、总经理；年报任职状态：现任","","","","","","上市公司治理","","meichen_2019_original.pdf","annual_report_2019_original","91","91","[91]","2020-04-20","2021-04-30","true","disclosed","false","","山东美晨生态环境股份有限公司             2019年年度报告全文


                第九节董事、监事、高级管理人员和员工情况


一、董事、监事和高级管理人员持股变动


                                         任期起始    任期终止     期初持股    本期增持    本期减持    其他增减    期末持股
  姓名      职务    任职状态      性别       年龄      日期      日期     数（股） 股份数量       股份数量    变动（股） 数（股）
                                                                   （股）     （股）

        董事、董                             2019年   2021年
窦茂功     事长      现任      男              49 07月 25 04 月 15        0       0        0       0       0
                                         日       日

        董事、财                             2019年   2021年
庞安全     务总监     现任      男              40 07月 09 04 月 15        0       0        0       0       0
                                         日       日

                                         2019年   2021年
姜永峰     董事      现任      男              31 07月 25 04 月 15        0       0        0       0       0
                                         日       日

                                         2009年   2021年
郑召伟     董事      现任      男              41 04月 20 04 月 15  9,813,149     0        0       0 9,813,149
                                         日       日

        董事、总                             2014年   2021年
李荣华     经理      现任      男              41 10月 17 04 月 15  2,501,647     0        0       0 2,501,647
                                         日       日

                                         2017年   2021年
张磊（小） 董事        现任      男              38 05月 16 04 月 15  2,500,000     0        0       0 2,500,000
                                         日       日

                                         2017年   2019年
徐海芹     董事      离任      男              37 05月 16 07 月 25  2,800,000     0        0       0 2,800,000
                                         日       日

                                         2018年   2019年
成君      董事      离任      女              40 04月 16 07 月 25        0       0        0       0       0
                                         日       日

                                         2016年   2019年
马景春     董事      离任      男              45 07月 05 07 月 25        0       0        0       0       0
                                         日       日

                                         2014年   2020年
金建显     独立董事    现任      男              50 10月 17 10 月 16        0       0        0       0       0
                                         日       日

赵向阳     独立董事    现任      男              50 2015年  2021年          0       0        0       0       0



                                                                                                 91","保留年报原列示状态，不据此推断2021-04-30当日任职；任期终止日期不自动等同实际离任日期。","{""year"":""2019"",""key"":""management_05"",""status"":""extracted_original"",""person_name"":""李荣华"",""role"":""董事、总经理"",""reported_appointment_status"":""现任"",""status_basis"":""该年度原始年报任职状态列"",""confirmed_status_at_cutoff"":null,""period_basis"":""原年报名册、变动表或控制关系披露，不推断截止日当日状态"",""allowed_for_model_input"":true,""quote_format"":""extracted_page_excerpt""}"
"2019.management.management_06","management","2019","as_reported","","","management_06","张磊（小）任职信息","","张磊（小）；董事；年报任职状态：现任","","","","","","上市公司治理","","meichen_2019_original.pdf","annual_report_2019_original","91","91","[91]","2020-04-20","2021-04-30","true","disclosed","false","","山东美晨生态环境股份有限公司             2019年年度报告全文


                第九节董事、监事、高级管理人员和员工情况


一、董事、监事和高级管理人员持股变动


                                         任期起始    任期终止     期初持股    本期增持    本期减持    其他增减    期末持股
  姓名      职务    任职状态      性别       年龄      日期      日期     数（股） 股份数量       股份数量    变动（股） 数（股）
                                                                   （股）     （股）

        董事、董                             2019年   2021年
窦茂功     事长      现任      男              49 07月 25 04 月 15        0       0        0       0       0
                                         日       日

        董事、财                             2019年   2021年
庞安全     务总监     现任      男              40 07月 09 04 月 15        0       0        0       0       0
                                         日       日

                                         2019年   2021年
姜永峰     董事      现任      男              31 07月 25 04 月 15        0       0        0       0       0
                                         日       日

                                         2009年   2021年
郑召伟     董事      现任      男              41 04月 20 04 月 15  9,813,149     0        0       0 9,813,149
                                         日       日

        董事、总                             2014年   2021年
李荣华     经理      现任      男              41 10月 17 04 月 15  2,501,647     0        0       0 2,501,647
                                         日       日

                                         2017年   2021年
张磊（小） 董事        现任      男              38 05月 16 04 月 15  2,500,000     0        0       0 2,500,000
                                         日       日

                                         2017年   2019年
徐海芹     董事      离任      男              37 05月 16 07 月 25  2,800,000     0        0       0 2,800,000
                                         日       日

                                         2018年   2019年
成君      董事      离任      女              40 04月 16 07 月 25        0       0        0       0       0
                                         日       日

                                         2016年   2019年
马景春     董事      离任      男              45 07月 05 07 月 25        0       0        0       0       0
                                         日       日

                                         2014年   2020年
金建显     独立董事    现任      男              50 10月 17 10 月 16        0       0        0       0       0
                                         日       日

赵向阳     独立董事    现任      男              50 2015年  2021年          0       0        0       0       0



                                                                                                 91","保留年报原列示状态，不据此推断2021-04-30当日任职；任期终止日期不自动等同实际离任日期。","{""year"":""2019"",""key"":""management_06"",""status"":""extracted_original"",""person_name"":""张磊（小）"",""role"":""董事"",""reported_appointment_status"":""现任"",""status_basis"":""该年度原始年报任职状态列"",""confirmed_status_at_cutoff"":null,""period_basis"":""原年报名册、变动表或控制关系披露，不推断截止日当日状态"",""allowed_for_model_input"":true,""quote_format"":""extracted_page_excerpt""}"
"2019.management.management_07","management","2019","as_reported","","","management_07","徐海芹任职信息","","徐海芹；董事；年报任职状态：离任","","","","","","上市公司治理","","meichen_2019_original.pdf","annual_report_2019_original","91","91","[91]","2020-04-20","2021-04-30","true","disclosed","false","","山东美晨生态环境股份有限公司             2019年年度报告全文


                第九节董事、监事、高级管理人员和员工情况


一、董事、监事和高级管理人员持股变动


                                         任期起始    任期终止     期初持股    本期增持    本期减持    其他增减    期末持股
  姓名      职务    任职状态      性别       年龄      日期      日期     数（股） 股份数量       股份数量    变动（股） 数（股）
                                                                   （股）     （股）

        董事、董                             2019年   2021年
窦茂功     事长      现任      男              49 07月 25 04 月 15        0       0        0       0       0
                                         日       日

        董事、财                             2019年   2021年
庞安全     务总监     现任      男              40 07月 09 04 月 15        0       0        0       0       0
                                         日       日

                                         2019年   2021年
姜永峰     董事      现任      男              31 07月 25 04 月 15        0       0        0       0       0
                                         日       日

                                         2009年   2021年
郑召伟     董事      现任      男              41 04月 20 04 月 15  9,813,149     0        0       0 9,813,149
                                         日       日

        董事、总                             2014年   2021年
李荣华     经理      现任      男              41 10月 17 04 月 15  2,501,647     0        0       0 2,501,647
                                         日       日

                                         2017年   2021年
张磊（小） 董事        现任      男              38 05月 16 04 月 15  2,500,000     0        0       0 2,500,000
                                         日       日

                                         2017年   2019年
徐海芹     董事      离任      男              37 05月 16 07 月 25  2,800,000     0        0       0 2,800,000
                                         日       日

                                         2018年   2019年
成君      董事      离任      女              40 04月 16 07 月 25        0       0        0       0       0
                                         日       日

                                         2016年   2019年
马景春     董事      离任      男              45 07月 05 07 月 25        0       0        0       0       0
                                         日       日

                                         2014年   2020年
金建显     独立董事    现任      男              50 10月 17 10 月 16        0       0        0       0       0
                                         日       日

赵向阳     独立董事    现任      男              50 2015年  2021年          0       0        0       0       0



                                                                                                 91","保留年报原列示状态，不据此推断2021-04-30当日任职；任期终止日期不自动等同实际离任日期。","{""year"":""2019"",""key"":""management_07"",""status"":""extracted_original"",""person_name"":""徐海芹"",""role"":""董事"",""reported_appointment_status"":""离任"",""status_basis"":""该年度原始年报任职状态列"",""confirmed_status_at_cutoff"":null,""period_basis"":""原年报名册、变动表或控制关系披露，不推断截止日当日状态"",""allowed_for_model_input"":true,""quote_format"":""extracted_page_excerpt""}"
"2019.management.management_08","management","2019","as_reported","","","management_08","成君任职信息","","成君；董事；年报任职状态：离任","","","","","","上市公司治理","","meichen_2019_original.pdf","annual_report_2019_original","91","91","[91]","2020-04-20","2021-04-30","true","disclosed","false","","山东美晨生态环境股份有限公司             2019年年度报告全文


                第九节董事、监事、高级管理人员和员工情况


一、董事、监事和高级管理人员持股变动


                                         任期起始    任期终止     期初持股    本期增持    本期减持    其他增减    期末持股
  姓名      职务    任职状态      性别       年龄      日期      日期     数（股） 股份数量       股份数量    变动（股） 数（股）
                                                                   （股）     （股）

        董事、董                             2019年   2021年
窦茂功     事长      现任      男              49 07月 25 04 月 15        0       0        0       0       0
                                         日       日

        董事、财                             2019年   2021年
庞安全     务总监     现任      男              40 07月 09 04 月 15        0       0        0       0       0
                                         日       日

                                         2019年   2021年
姜永峰     董事      现任      男              31 07月 25 04 月 15        0       0        0       0       0
                                         日       日

                                         2009年   2021年
郑召伟     董事      现任      男              41 04月 20 04 月 15  9,813,149     0        0       0 9,813,149
                                         日       日

        董事、总                             2014年   2021年
李荣华     经理      现任      男              41 10月 17 04 月 15  2,501,647     0        0       0 2,501,647
                                         日       日

                                         2017年   2021年
张磊（小） 董事        现任      男              38 05月 16 04 月 15  2,500,000     0        0       0 2,500,000
                                         日       日

                                         2017年   2019年
徐海芹     董事      离任      男              37 05月 16 07 月 25  2,800,000     0        0       0 2,800,000
                                         日       日

                                         2018年   2019年
成君      董事      离任      女              40 04月 16 07 月 25        0       0        0       0       0
                                         日       日

                                         2016年   2019年
马景春     董事      离任      男              45 07月 05 07 月 25        0       0        0       0       0
                                         日       日

                                         2014年   2020年
金建显     独立董事    现任      男              50 10月 17 10 月 16        0       0        0       0       0
                                         日       日

赵向阳     独立董事    现任      男              50 2015年  2021年          0       0        0       0       0



                                                                                                 91","保留年报原列示状态，不据此推断2021-04-30当日任职；任期终止日期不自动等同实际离任日期。","{""year"":""2019"",""key"":""management_08"",""status"":""extracted_original"",""person_name"":""成君"",""role"":""董事"",""reported_appointment_status"":""离任"",""status_basis"":""该年度原始年报任职状态列"",""confirmed_status_at_cutoff"":null,""period_basis"":""原年报名册、变动表或控制关系披露，不推断截止日当日状态"",""allowed_for_model_input"":true,""quote_format"":""extracted_page_excerpt""}"
"2019.management.management_09","management","2019","as_reported","","","management_09","马景春任职信息","","马景春；董事；年报任职状态：离任","","","","","","上市公司治理","","meichen_2019_original.pdf","annual_report_2019_original","91","91","[91]","2020-04-20","2021-04-30","true","disclosed","false","","山东美晨生态环境股份有限公司             2019年年度报告全文


                第九节董事、监事、高级管理人员和员工情况


一、董事、监事和高级管理人员持股变动


                                         任期起始    任期终止     期初持股    本期增持    本期减持    其他增减    期末持股
  姓名      职务    任职状态      性别       年龄      日期      日期     数（股） 股份数量       股份数量    变动（股） 数（股）
                                                                   （股）     （股）

        董事、董                             2019年   2021年
窦茂功     事长      现任      男              49 07月 25 04 月 15        0       0        0       0       0
                                         日       日

        董事、财                             2019年   2021年
庞安全     务总监     现任      男              40 07月 09 04 月 15        0       0        0       0       0
                                         日       日

                                         2019年   2021年
姜永峰     董事      现任      男              31 07月 25 04 月 15        0       0        0       0       0
                                         日       日

                                         2009年   2021年
郑召伟     董事      现任      男              41 04月 20 04 月 15  9,813,149     0        0       0 9,813,149
                                         日       日

        董事、总                             2014年   2021年
李荣华     经理      现任      男              41 10月 17 04 月 15  2,501,647     0        0       0 2,501,647
                                         日       日

                                         2017年   2021年
张磊（小） 董事        现任      男              38 05月 16 04 月 15  2,500,000     0        0       0 2,500,000
                                         日       日

                                         2017年   2019年
徐海芹     董事      离任      男              37 05月 16 07 月 25  2,800,000     0        0       0 2,800,000
                                         日       日

                                         2018年   2019年
成君      董事      离任      女              40 04月 16 07 月 25        0       0        0       0       0
                                         日       日

                                         2016年   2019年
马景春     董事      离任      男              45 07月 05 07 月 25        0       0        0       0       0
                                         日       日

                                         2014年   2020年
金建显     独立董事    现任      男              50 10月 17 10 月 16        0       0        0       0       0
                                         日       日

赵向阳     独立董事    现任      男              50 2015年  2021年          0       0        0       0       0



                                                                                                 91","保留年报原列示状态，不据此推断2021-04-30当日任职；任期终止日期不自动等同实际离任日期。","{""year"":""2019"",""key"":""management_09"",""status"":""extracted_original"",""person_name"":""马景春"",""role"":""董事"",""reported_appointment_status"":""离任"",""status_basis"":""该年度原始年报任职状态列"",""confirmed_status_at_cutoff"":null,""period_basis"":""原年报名册、变动表或控制关系披露，不推断截止日当日状态"",""allowed_for_model_input"":true,""quote_format"":""extracted_page_excerpt""}"
"2019.management.management_10","management","2019","as_reported","","","management_10","金建显任职信息","","金建显；独立董事；年报任职状态：现任","","","","","","上市公司治理","","meichen_2019_original.pdf","annual_report_2019_original","91","91","[91]","2020-04-20","2021-04-30","true","disclosed","false","","山东美晨生态环境股份有限公司             2019年年度报告全文


                第九节董事、监事、高级管理人员和员工情况


一、董事、监事和高级管理人员持股变动


                                         任期起始    任期终止     期初持股    本期增持    本期减持    其他增减    期末持股
  姓名      职务    任职状态      性别       年龄      日期      日期     数（股） 股份数量       股份数量    变动（股） 数（股）
                                                                   （股）     （股）

        董事、董                             2019年   2021年
窦茂功     事长      现任      男              49 07月 25 04 月 15        0       0        0       0       0
                                         日       日

        董事、财                             2019年   2021年
庞安全     务总监     现任      男              40 07月 09 04 月 15        0       0        0       0       0
                                         日       日

                                         2019年   2021年
姜永峰     董事      现任      男              31 07月 25 04 月 15        0       0        0       0       0
                                         日       日

                                         2009年   2021年
郑召伟     董事      现任      男              41 04月 20 04 月 15  9,813,149     0        0       0 9,813,149
                                         日       日

        董事、总                             2014年   2021年
李荣华     经理      现任      男              41 10月 17 04 月 15  2,501,647     0        0       0 2,501,647
                                         日       日

                                         2017年   2021年
张磊（小） 董事        现任      男              38 05月 16 04 月 15  2,500,000     0        0       0 2,500,000
                                         日       日

                                         2017年   2019年
徐海芹     董事      离任      男              37 05月 16 07 月 25  2,800,000     0        0       0 2,800,000
                                         日       日

                                         2018年   2019年
成君      董事      离任      女              40 04月 16 07 月 25        0       0        0       0       0
                                         日       日

                                         2016年   2019年
马景春     董事      离任      男              45 07月 05 07 月 25        0       0        0       0       0
                                         日       日

                                         2014年   2020年
金建显     独立董事    现任      男              50 10月 17 10 月 16        0       0        0       0       0
                                         日       日

赵向阳     独立董事    现任      男              50 2015年  2021年          0       0        0       0       0



                                                                                                 91","保留年报原列示状态，不据此推断2021-04-30当日任职；任期终止日期不自动等同实际离任日期。","{""year"":""2019"",""key"":""management_10"",""status"":""extracted_original"",""person_name"":""金建显"",""role"":""独立董事"",""reported_appointment_status"":""现任"",""status_basis"":""该年度原始年报任职状态列"",""confirmed_status_at_cutoff"":null,""period_basis"":""原年报名册、变动表或控制关系披露，不推断截止日当日状态"",""allowed_for_model_input"":true,""quote_format"":""extracted_page_excerpt""}"
"2019.management.management_11","management","2019","as_reported","","","management_11","赵向阳任职信息","","赵向阳；独立董事；年报任职状态：现任","","","","","","上市公司治理","","meichen_2019_original.pdf","annual_report_2019_original","91","91","[91]","2020-04-20","2021-04-30","true","disclosed","false","","山东美晨生态环境股份有限公司             2019年年度报告全文


                第九节董事、监事、高级管理人员和员工情况


一、董事、监事和高级管理人员持股变动


                                         任期起始    任期终止     期初持股    本期增持    本期减持    其他增减    期末持股
  姓名      职务    任职状态      性别       年龄      日期      日期     数（股） 股份数量       股份数量    变动（股） 数（股）
                                                                   （股）     （股）

        董事、董                             2019年   2021年
窦茂功     事长      现任      男              49 07月 25 04 月 15        0       0        0       0       0
                                         日       日

        董事、财                             2019年   2021年
庞安全     务总监     现任      男              40 07月 09 04 月 15        0       0        0       0       0
                                         日       日

                                         2019年   2021年
姜永峰     董事      现任      男              31 07月 25 04 月 15        0       0        0       0       0
                                         日       日

                                         2009年   2021年
郑召伟     董事      现任      男              41 04月 20 04 月 15  9,813,149     0        0       0 9,813,149
                                         日       日

        董事、总                             2014年   2021年
李荣华     经理      现任      男              41 10月 17 04 月 15  2,501,647     0        0       0 2,501,647
                                         日       日

                                         2017年   2021年
张磊（小） 董事        现任      男              38 05月 16 04 月 15  2,500,000     0        0       0 2,500,000
                                         日       日

                                         2017年   2019年
徐海芹     董事      离任      男              37 05月 16 07 月 25  2,800,000     0        0       0 2,800,000
                                         日       日

                                         2018年   2019年
成君      董事      离任      女              40 04月 16 07 月 25        0       0        0       0       0
                                         日       日

                                         2016年   2019年
马景春     董事      离任      男              45 07月 05 07 月 25        0       0        0       0       0
                                         日       日

                                         2014年   2020年
金建显     独立董事    现任      男              50 10月 17 10 月 16        0       0        0       0       0
                                         日       日

赵向阳     独立董事    现任      男              50 2015年  2021年          0       0        0       0       0



                                                                                                 91","保留年报原列示状态，不据此推断2021-04-30当日任职；任期终止日期不自动等同实际离任日期。","{""year"":""2019"",""key"":""management_11"",""status"":""extracted_original"",""person_name"":""赵向阳"",""role"":""独立董事"",""reported_appointment_status"":""现任"",""status_basis"":""该年度原始年报任职状态列"",""confirmed_status_at_cutoff"":null,""period_basis"":""原年报名册、变动表或控制关系披露，不推断截止日当日状态"",""allowed_for_model_input"":true,""quote_format"":""extracted_page_excerpt""}"
"2019.management.management_12","management","2019","as_reported","","","management_12","郭林任职信息","","郭林；独立董事；年报任职状态：现任","","","","","","上市公司治理","","meichen_2019_original.pdf","annual_report_2019_original","92","92","[91,92]","2020-04-20","2021-04-30","true","disclosed","false","","山东美晨生态环境股份有限公司             2019年年度报告全文


                第九节董事、监事、高级管理人员和员工情况


一、董事、监事和高级管理人员持股变动


                                         任期起始    任期终止     期初持股    本期增持    本期减持    其他增减    期末持股
  姓名      职务    任职状态      性别       年龄      日期      日期     数（股） 股份数量       股份数量    变动（股） 数（股）
                                                                   （股）     （股）

        董事、董                             2019年   2021年

                                                            山东美晨生态环境股份有限公司               2019 年年度报告全文


                                             04月  02  04月  15
                                             日        日

                                             2015年    2021年
郭林       独立董事     现任       男              55 04月  02  04月  15         0        0        0        0        0
                                             日        日

         监事、监                                2019年    2021年
陆迪       事会主席     现任       女              42 07月  25  04月  15         0        0        0        0        0
                                             日        日

                                             2015年    2021年
张静       监事       现任       女              36 04月  02  04月  15         0        0        0        0        0
                                             日        日

                                             2015年    2019年
甄冉       监事       离任       女              34 04月  02  07月  25         0        0        0        0        0
                                             日        日

                                             2015年    2021年
张淑珍      监事       现任       女              35 11月  11  04月  15         0        0        0        0        0
                                             日        日

                                             2016年    2019年
孙淑芹      财务总监     离任       女              53 07月  05  07月  09     4,050        0        0        0    4,050
                                             日        日

         董事会秘                                2013年    2021年
李炜刚      书        现任       男              36 10月  22  04月  15    13,500        0        0        0   13,500
                                             日        日

                                             2018年    2021年
张兵       副总经理     现任       男              40 04月  16  04月  15         0        0        0        0        0
                                             日        日

                                             2018年    2021年
罗旭       副总经理     现任       男              48 04月  16  04月  15         0        0        0        0        0
                                             日        日

                                             2018年    2021年
邵高贤      副总经理     现任       男              55 04月  16  04月  15         0        0        0        0        0
                                             日        日

合计          --       --       --       --       --       --    17,632,34       0        0        0 17,632,34
                                                                      6                                   6","保留年报原列示状态，不据此推断2021-04-30当日任职；任期终止日期不自动等同实际离任日期。","{""year"":""2019"",""key"":""management_12"",""status"":""extracted_original"",""person_name"":""郭林"",""role"":""独立董事"",""reported_appointment_status"":""现任"",""status_basis"":""该年度原始年报任职状态列"",""confirmed_status_at_cutoff"":null,""period_basis"":""原年报名册、变动表或控制关系披露，不推断截止日当日状态"",""allowed_for_model_input"":true,""quote_format"":""extracted_page_excerpt""}"
"2019.management.management_13","management","2019","as_reported","","","management_13","陆迪任职信息","","陆迪；监事、监事会主席；年报任职状态：现任","","","","","","上市公司治理","","meichen_2019_original.pdf","annual_report_2019_original","92","92","[91,92]","2020-04-20","2021-04-30","true","disclosed","false","","山东美晨生态环境股份有限公司             2019年年度报告全文


                第九节董事、监事、高级管理人员和员工情况


一、董事、监事和高级管理人员持股变动


                                         任期起始    任期终止     期初持股    本期增持    本期减持    其他增减    期末持股
  姓名      职务    任职状态      性别       年龄      日期      日期     数（股） 股份数量       股份数量    变动（股） 数（股）
                                                                   （股）     （股）

        董事、董                             2019年   2021年

                                                            山东美晨生态环境股份有限公司               2019 年年度报告全文


                                             04月  02  04月  15
                                             日        日

                                             2015年    2021年
郭林       独立董事     现任       男              55 04月  02  04月  15         0        0        0        0        0
                                             日        日

         监事、监                                2019年    2021年
陆迪       事会主席     现任       女              42 07月  25  04月  15         0        0        0        0        0
                                             日        日

                                             2015年    2021年
张静       监事       现任       女              36 04月  02  04月  15         0        0        0        0        0
                                             日        日

                                             2015年    2019年
甄冉       监事       离任       女              34 04月  02  07月  25         0        0        0        0        0
                                             日        日

                                             2015年    2021年
张淑珍      监事       现任       女              35 11月  11  04月  15         0        0        0        0        0
                                             日        日

                                             2016年    2019年
孙淑芹      财务总监     离任       女              53 07月  05  07月  09     4,050        0        0        0    4,050
                                             日        日

         董事会秘                                2013年    2021年
李炜刚      书        现任       男              36 10月  22  04月  15    13,500        0        0        0   13,500
                                             日        日

                                             2018年    2021年
张兵       副总经理     现任       男              40 04月  16  04月  15         0        0        0        0        0
                                             日        日

                                             2018年    2021年
罗旭       副总经理     现任       男              48 04月  16  04月  15         0        0        0        0        0
                                             日        日

                                             2018年    2021年
邵高贤      副总经理     现任       男              55 04月  16  04月  15         0        0        0        0        0
                                             日        日

合计          --       --       --       --       --       --    17,632,34       0        0        0 17,632,34
                                                                      6                                   6","保留年报原列示状态，不据此推断2021-04-30当日任职；任期终止日期不自动等同实际离任日期。","{""year"":""2019"",""key"":""management_13"",""status"":""extracted_original"",""person_name"":""陆迪"",""role"":""监事、监事会主席"",""reported_appointment_status"":""现任"",""status_basis"":""该年度原始年报任职状态列"",""confirmed_status_at_cutoff"":null,""period_basis"":""原年报名册、变动表或控制关系披露，不推断截止日当日状态"",""allowed_for_model_input"":true,""quote_format"":""extracted_page_excerpt""}"
"2019.management.management_14","management","2019","as_reported","","","management_14","张静任职信息","","张静；监事；年报任职状态：现任","","","","","","上市公司治理","","meichen_2019_original.pdf","annual_report_2019_original","92","92","[91,92]","2020-04-20","2021-04-30","true","disclosed","false","","山东美晨生态环境股份有限公司             2019年年度报告全文


                第九节董事、监事、高级管理人员和员工情况


一、董事、监事和高级管理人员持股变动


                                         任期起始    任期终止     期初持股    本期增持    本期减持    其他增减    期末持股
  姓名      职务    任职状态      性别       年龄      日期      日期     数（股） 股份数量       股份数量    变动（股） 数（股）
                                                                   （股）     （股）

        董事、董                             2019年   2021年

                                                            山东美晨生态环境股份有限公司               2019 年年度报告全文


                                             04月  02  04月  15
                                             日        日

                                             2015年    2021年
郭林       独立董事     现任       男              55 04月  02  04月  15         0        0        0        0        0
                                             日        日

         监事、监                                2019年    2021年
陆迪       事会主席     现任       女              42 07月  25  04月  15         0        0        0        0        0
                                             日        日

                                             2015年    2021年
张静       监事       现任       女              36 04月  02  04月  15         0        0        0        0        0
                                             日        日

                                             2015年    2019年
甄冉       监事       离任       女              34 04月  02  07月  25         0        0        0        0        0
                                             日        日

                                             2015年    2021年
张淑珍      监事       现任       女              35 11月  11  04月  15         0        0        0        0        0
                                             日        日

                                             2016年    2019年
孙淑芹      财务总监     离任       女              53 07月  05  07月  09     4,050        0        0        0    4,050
                                             日        日

         董事会秘                                2013年    2021年
李炜刚      书        现任       男              36 10月  22  04月  15    13,500        0        0        0   13,500
                                             日        日

                                             2018年    2021年
张兵       副总经理     现任       男              40 04月  16  04月  15         0        0        0        0        0
                                             日        日

                                             2018年    2021年
罗旭       副总经理     现任       男              48 04月  16  04月  15         0        0        0        0        0
                                             日        日

                                             2018年    2021年
邵高贤      副总经理     现任       男              55 04月  16  04月  15         0        0        0        0        0
                                             日        日

合计          --       --       --       --       --       --    17,632,34       0        0        0 17,632,34
                                                                      6                                   6","保留年报原列示状态，不据此推断2021-04-30当日任职；任期终止日期不自动等同实际离任日期。","{""year"":""2019"",""key"":""management_14"",""status"":""extracted_original"",""person_name"":""张静"",""role"":""监事"",""reported_appointment_status"":""现任"",""status_basis"":""该年度原始年报任职状态列"",""confirmed_status_at_cutoff"":null,""period_basis"":""原年报名册、变动表或控制关系披露，不推断截止日当日状态"",""allowed_for_model_input"":true,""quote_format"":""extracted_page_excerpt""}"
"2019.management.management_15","management","2019","as_reported","","","management_15","甄冉任职信息","","甄冉；监事；年报任职状态：离任","","","","","","上市公司治理","","meichen_2019_original.pdf","annual_report_2019_original","92","92","[91,92]","2020-04-20","2021-04-30","true","disclosed","false","","山东美晨生态环境股份有限公司             2019年年度报告全文


                第九节董事、监事、高级管理人员和员工情况


一、董事、监事和高级管理人员持股变动


                                         任期起始    任期终止     期初持股    本期增持    本期减持    其他增减    期末持股
  姓名      职务    任职状态      性别       年龄      日期      日期     数（股） 股份数量       股份数量    变动（股） 数（股）
                                                                   （股）     （股）

        董事、董                             2019年   2021年

                                                            山东美晨生态环境股份有限公司               2019 年年度报告全文


                                             04月  02  04月  15
                                             日        日

                                             2015年    2021年
郭林       独立董事     现任       男              55 04月  02  04月  15         0        0        0        0        0
                                             日        日

         监事、监                                2019年    2021年
陆迪       事会主席     现任       女              42 07月  25  04月  15         0        0        0        0        0
                                             日        日

                                             2015年    2021年
张静       监事       现任       女              36 04月  02  04月  15         0        0        0        0        0
                                             日        日

                                             2015年    2019年
甄冉       监事       离任       女              34 04月  02  07月  25         0        0        0        0        0
                                             日        日

                                             2015年    2021年
张淑珍      监事       现任       女              35 11月  11  04月  15         0        0        0        0        0
                                             日        日

                                             2016年    2019年
孙淑芹      财务总监     离任       女              53 07月  05  07月  09     4,050        0        0        0    4,050
                                             日        日

         董事会秘                                2013年    2021年
李炜刚      书        现任       男              36 10月  22  04月  15    13,500        0        0        0   13,500
                                             日        日

                                             2018年    2021年
张兵       副总经理     现任       男              40 04月  16  04月  15         0        0        0        0        0
                                             日        日

                                             2018年    2021年
罗旭       副总经理     现任       男              48 04月  16  04月  15         0        0        0        0        0
                                             日        日

                                             2018年    2021年
邵高贤      副总经理     现任       男              55 04月  16  04月  15         0        0        0        0        0
                                             日        日

合计          --       --       --       --       --       --    17,632,34       0        0        0 17,632,34
                                                                      6                                   6","保留年报原列示状态，不据此推断2021-04-30当日任职；任期终止日期不自动等同实际离任日期。","{""year"":""2019"",""key"":""management_15"",""status"":""extracted_original"",""person_name"":""甄冉"",""role"":""监事"",""reported_appointment_status"":""离任"",""status_basis"":""该年度原始年报任职状态列"",""confirmed_status_at_cutoff"":null,""period_basis"":""原年报名册、变动表或控制关系披露，不推断截止日当日状态"",""allowed_for_model_input"":true,""quote_format"":""extracted_page_excerpt""}"
"2019.management.management_16","management","2019","as_reported","","","management_16","张淑珍任职信息","","张淑珍；监事；年报任职状态：现任","","","","","","上市公司治理","","meichen_2019_original.pdf","annual_report_2019_original","92","92","[91,92]","2020-04-20","2021-04-30","true","disclosed","false","","山东美晨生态环境股份有限公司             2019年年度报告全文


                第九节董事、监事、高级管理人员和员工情况


一、董事、监事和高级管理人员持股变动


                                         任期起始    任期终止     期初持股    本期增持    本期减持    其他增减    期末持股
  姓名      职务    任职状态      性别       年龄      日期      日期     数（股） 股份数量       股份数量    变动（股） 数（股）
                                                                   （股）     （股）

        董事、董                             2019年   2021年

                                                            山东美晨生态环境股份有限公司               2019 年年度报告全文


                                             04月  02  04月  15
                                             日        日

                                             2015年    2021年
郭林       独立董事     现任       男              55 04月  02  04月  15         0        0        0        0        0
                                             日        日

         监事、监                                2019年    2021年
陆迪       事会主席     现任       女              42 07月  25  04月  15         0        0        0        0        0
                                             日        日

                                             2015年    2021年
张静       监事       现任       女              36 04月  02  04月  15         0        0        0        0        0
                                             日        日

                                             2015年    2019年
甄冉       监事       离任       女              34 04月  02  07月  25         0        0        0        0        0
                                             日        日

                                             2015年    2021年
张淑珍      监事       现任       女              35 11月  11  04月  15         0        0        0        0        0
                                             日        日

                                             2016年    2019年
孙淑芹      财务总监     离任       女              53 07月  05  07月  09     4,050        0        0        0    4,050
                                             日        日

         董事会秘                                2013年    2021年
李炜刚      书        现任       男              36 10月  22  04月  15    13,500        0        0        0   13,500
                                             日        日

                                             2018年    2021年
张兵       副总经理     现任       男              40 04月  16  04月  15         0        0        0        0        0
                                             日        日

                                             2018年    2021年
罗旭       副总经理     现任       男              48 04月  16  04月  15         0        0        0        0        0
                                             日        日

                                             2018年    2021年
邵高贤      副总经理     现任       男              55 04月  16  04月  15         0        0        0        0        0
                                             日        日

合计          --       --       --       --       --       --    17,632,34       0        0        0 17,632,34
                                                                      6                                   6","保留年报原列示状态，不据此推断2021-04-30当日任职；任期终止日期不自动等同实际离任日期。","{""year"":""2019"",""key"":""management_16"",""status"":""extracted_original"",""person_name"":""张淑珍"",""role"":""监事"",""reported_appointment_status"":""现任"",""status_basis"":""该年度原始年报任职状态列"",""confirmed_status_at_cutoff"":null,""period_basis"":""原年报名册、变动表或控制关系披露，不推断截止日当日状态"",""allowed_for_model_input"":true,""quote_format"":""extracted_page_excerpt""}"
"2019.management.management_17","management","2019","as_reported","","","management_17","孙淑芹任职信息","","孙淑芹；财务总监；年报任职状态：离任","","","","","","上市公司治理","","meichen_2019_original.pdf","annual_report_2019_original","92","92","[91,92]","2020-04-20","2021-04-30","true","disclosed","false","","山东美晨生态环境股份有限公司             2019年年度报告全文


                第九节董事、监事、高级管理人员和员工情况


一、董事、监事和高级管理人员持股变动


                                         任期起始    任期终止     期初持股    本期增持    本期减持    其他增减    期末持股
  姓名      职务    任职状态      性别       年龄      日期      日期     数（股） 股份数量       股份数量    变动（股） 数（股）
                                                                   （股）     （股）

        董事、董                             2019年   2021年

                                                            山东美晨生态环境股份有限公司               2019 年年度报告全文


                                             04月  02  04月  15
                                             日        日

                                             2015年    2021年
郭林       独立董事     现任       男              55 04月  02  04月  15         0        0        0        0        0
                                             日        日

         监事、监                                2019年    2021年
陆迪       事会主席     现任       女              42 07月  25  04月  15         0        0        0        0        0
                                             日        日

                                             2015年    2021年
张静       监事       现任       女              36 04月  02  04月  15         0        0        0        0        0
                                             日        日

                                             2015年    2019年
甄冉       监事       离任       女              34 04月  02  07月  25         0        0        0        0        0
                                             日        日

                                             2015年    2021年
张淑珍      监事       现任       女              35 11月  11  04月  15         0        0        0        0        0
                                             日        日

                                             2016年    2019年
孙淑芹      财务总监     离任       女              53 07月  05  07月  09     4,050        0        0        0    4,050
                                             日        日

         董事会秘                                2013年    2021年
李炜刚      书        现任       男              36 10月  22  04月  15    13,500        0        0        0   13,500
                                             日        日

                                             2018年    2021年
张兵       副总经理     现任       男              40 04月  16  04月  15         0        0        0        0        0
                                             日        日

                                             2018年    2021年
罗旭       副总经理     现任       男              48 04月  16  04月  15         0        0        0        0        0
                                             日        日

                                             2018年    2021年
邵高贤      副总经理     现任       男              55 04月  16  04月  15         0        0        0        0        0
                                             日        日

合计          --       --       --       --       --       --    17,632,34       0        0        0 17,632,34
                                                                      6                                   6","保留年报原列示状态，不据此推断2021-04-30当日任职；任期终止日期不自动等同实际离任日期。","{""year"":""2019"",""key"":""management_17"",""status"":""extracted_original"",""person_name"":""孙淑芹"",""role"":""财务总监"",""reported_appointment_status"":""离任"",""status_basis"":""该年度原始年报任职状态列"",""confirmed_status_at_cutoff"":null,""period_basis"":""原年报名册、变动表或控制关系披露，不推断截止日当日状态"",""allowed_for_model_input"":true,""quote_format"":""extracted_page_excerpt""}"
"2019.management.management_18","management","2019","as_reported","","","management_18","李炜刚任职信息","","李炜刚；董事会秘书；年报任职状态：现任","","","","","","上市公司治理","","meichen_2019_original.pdf","annual_report_2019_original","92","92","[91,92]","2020-04-20","2021-04-30","true","disclosed","false","","山东美晨生态环境股份有限公司             2019年年度报告全文


                第九节董事、监事、高级管理人员和员工情况


一、董事、监事和高级管理人员持股变动


                                         任期起始    任期终止     期初持股    本期增持    本期减持    其他增减    期末持股
  姓名      职务    任职状态      性别       年龄      日期      日期     数（股） 股份数量       股份数量    变动（股） 数（股）
                                                                   （股）     （股）

        董事、董                             2019年   2021年

                                                            山东美晨生态环境股份有限公司               2019 年年度报告全文


                                             04月  02  04月  15
                                             日        日

                                             2015年    2021年
郭林       独立董事     现任       男              55 04月  02  04月  15         0        0        0        0        0
                                             日        日

         监事、监                                2019年    2021年
陆迪       事会主席     现任       女              42 07月  25  04月  15         0        0        0        0        0
                                             日        日

                                             2015年    2021年
张静       监事       现任       女              36 04月  02  04月  15         0        0        0        0        0
                                             日        日

                                             2015年    2019年
甄冉       监事       离任       女              34 04月  02  07月  25         0        0        0        0        0
                                             日        日

                                             2015年    2021年
张淑珍      监事       现任       女              35 11月  11  04月  15         0        0        0        0        0
                                             日        日

                                             2016年    2019年
孙淑芹      财务总监     离任       女              53 07月  05  07月  09     4,050        0        0        0    4,050
                                             日        日

         董事会秘                                2013年    2021年
李炜刚      书        现任       男              36 10月  22  04月  15    13,500        0        0        0   13,500
                                             日        日

                                             2018年    2021年
张兵       副总经理     现任       男              40 04月  16  04月  15         0        0        0        0        0
                                             日        日

                                             2018年    2021年
罗旭       副总经理     现任       男              48 04月  16  04月  15         0        0        0        0        0
                                             日        日

                                             2018年    2021年
邵高贤      副总经理     现任       男              55 04月  16  04月  15         0        0        0        0        0
                                             日        日

合计          --       --       --       --       --       --    17,632,34       0        0        0 17,632,34
                                                                      6                                   6","保留年报原列示状态，不据此推断2021-04-30当日任职；任期终止日期不自动等同实际离任日期。","{""year"":""2019"",""key"":""management_18"",""status"":""extracted_original"",""person_name"":""李炜刚"",""role"":""董事会秘书"",""reported_appointment_status"":""现任"",""status_basis"":""该年度原始年报任职状态列"",""confirmed_status_at_cutoff"":null,""period_basis"":""原年报名册、变动表或控制关系披露，不推断截止日当日状态"",""allowed_for_model_input"":true,""quote_format"":""extracted_page_excerpt""}"
"2019.management.management_19","management","2019","as_reported","","","management_19","张兵任职信息","","张兵；副总经理；年报任职状态：现任","","","","","","上市公司治理","","meichen_2019_original.pdf","annual_report_2019_original","92","92","[91,92]","2020-04-20","2021-04-30","true","disclosed","false","","山东美晨生态环境股份有限公司             2019年年度报告全文


                第九节董事、监事、高级管理人员和员工情况


一、董事、监事和高级管理人员持股变动


                                         任期起始    任期终止     期初持股    本期增持    本期减持    其他增减    期末持股
  姓名      职务    任职状态      性别       年龄      日期      日期     数（股） 股份数量       股份数量    变动（股） 数（股）
                                                                   （股）     （股）

        董事、董                             2019年   2021年

                                                            山东美晨生态环境股份有限公司               2019 年年度报告全文


                                             04月  02  04月  15
                                             日        日

                                             2015年    2021年
郭林       独立董事     现任       男              55 04月  02  04月  15         0        0        0        0        0
                                             日        日

         监事、监                                2019年    2021年
陆迪       事会主席     现任       女              42 07月  25  04月  15         0        0        0        0        0
                                             日        日

                                             2015年    2021年
张静       监事       现任       女              36 04月  02  04月  15         0        0        0        0        0
                                             日        日

                                             2015年    2019年
甄冉       监事       离任       女              34 04月  02  07月  25         0        0        0        0        0
                                             日        日

                                             2015年    2021年
张淑珍      监事       现任       女              35 11月  11  04月  15         0        0        0        0        0
                                             日        日

                                             2016年    2019年
孙淑芹      财务总监     离任       女              53 07月  05  07月  09     4,050        0        0        0    4,050
                                             日        日

         董事会秘                                2013年    2021年
李炜刚      书        现任       男              36 10月  22  04月  15    13,500        0        0        0   13,500
                                             日        日

                                             2018年    2021年
张兵       副总经理     现任       男              40 04月  16  04月  15         0        0        0        0        0
                                             日        日

                                             2018年    2021年
罗旭       副总经理     现任       男              48 04月  16  04月  15         0        0        0        0        0
                                             日        日

                                             2018年    2021年
邵高贤      副总经理     现任       男              55 04月  16  04月  15         0        0        0        0        0
                                             日        日

合计          --       --       --       --       --       --    17,632,34       0        0        0 17,632,34
                                                                      6                                   6","保留年报原列示状态，不据此推断2021-04-30当日任职；任期终止日期不自动等同实际离任日期。","{""year"":""2019"",""key"":""management_19"",""status"":""extracted_original"",""person_name"":""张兵"",""role"":""副总经理"",""reported_appointment_status"":""现任"",""status_basis"":""该年度原始年报任职状态列"",""confirmed_status_at_cutoff"":null,""period_basis"":""原年报名册、变动表或控制关系披露，不推断截止日当日状态"",""allowed_for_model_input"":true,""quote_format"":""extracted_page_excerpt""}"
"2019.management.management_20","management","2019","as_reported","","","management_20","罗旭任职信息","","罗旭；副总经理；年报任职状态：现任","","","","","","上市公司治理","","meichen_2019_original.pdf","annual_report_2019_original","92","92","[91,92]","2020-04-20","2021-04-30","true","disclosed","false","","山东美晨生态环境股份有限公司             2019年年度报告全文


                第九节董事、监事、高级管理人员和员工情况


一、董事、监事和高级管理人员持股变动


                                         任期起始    任期终止     期初持股    本期增持    本期减持    其他增减    期末持股
  姓名      职务    任职状态      性别       年龄      日期      日期     数（股） 股份数量       股份数量    变动（股） 数（股）
                                                                   （股）     （股）

        董事、董                             2019年   2021年

                                                            山东美晨生态环境股份有限公司               2019 年年度报告全文


                                             04月  02  04月  15
                                             日        日

                                             2015年    2021年
郭林       独立董事     现任       男              55 04月  02  04月  15         0        0        0        0        0
                                             日        日

         监事、监                                2019年    2021年
陆迪       事会主席     现任       女              42 07月  25  04月  15         0        0        0        0        0
                                             日        日

                                             2015年    2021年
张静       监事       现任       女              36 04月  02  04月  15         0        0        0        0        0
                                             日        日

                                             2015年    2019年
甄冉       监事       离任       女              34 04月  02  07月  25         0        0        0        0        0
                                             日        日

                                             2015年    2021年
张淑珍      监事       现任       女              35 11月  11  04月  15         0        0        0        0        0
                                             日        日

                                             2016年    2019年
孙淑芹      财务总监     离任       女              53 07月  05  07月  09     4,050        0        0        0    4,050
                                             日        日

         董事会秘                                2013年    2021年
李炜刚      书        现任       男              36 10月  22  04月  15    13,500        0        0        0   13,500
                                             日        日

                                             2018年    2021年
张兵       副总经理     现任       男              40 04月  16  04月  15         0        0        0        0        0
                                             日        日

                                             2018年    2021年
罗旭       副总经理     现任       男              48 04月  16  04月  15         0        0        0        0        0
                                             日        日

                                             2018年    2021年
邵高贤      副总经理     现任       男              55 04月  16  04月  15         0        0        0        0        0
                                             日        日

合计          --       --       --       --       --       --    17,632,34       0        0        0 17,632,34
                                                                      6                                   6","保留年报原列示状态，不据此推断2021-04-30当日任职；任期终止日期不自动等同实际离任日期。","{""year"":""2019"",""key"":""management_20"",""status"":""extracted_original"",""person_name"":""罗旭"",""role"":""副总经理"",""reported_appointment_status"":""现任"",""status_basis"":""该年度原始年报任职状态列"",""confirmed_status_at_cutoff"":null,""period_basis"":""原年报名册、变动表或控制关系披露，不推断截止日当日状态"",""allowed_for_model_input"":true,""quote_format"":""extracted_page_excerpt""}"
"2019.management.management_21","management","2019","as_reported","","","management_21","邵高贤任职信息","","邵高贤；副总经理；年报任职状态：现任","","","","","","上市公司治理","","meichen_2019_original.pdf","annual_report_2019_original","92","92","[91,92]","2020-04-20","2021-04-30","true","disclosed","false","","山东美晨生态环境股份有限公司             2019年年度报告全文


                第九节董事、监事、高级管理人员和员工情况


一、董事、监事和高级管理人员持股变动


                                         任期起始    任期终止     期初持股    本期增持    本期减持    其他增减    期末持股
  姓名      职务    任职状态      性别       年龄      日期      日期     数（股） 股份数量       股份数量    变动（股） 数（股）
                                                                   （股）     （股）

        董事、董                             2019年   2021年

                                                            山东美晨生态环境股份有限公司               2019 年年度报告全文


                                             04月  02  04月  15
                                             日        日

                                             2015年    2021年
郭林       独立董事     现任       男              55 04月  02  04月  15         0        0        0        0        0
                                             日        日

         监事、监                                2019年    2021年
陆迪       事会主席     现任       女              42 07月  25  04月  15         0        0        0        0        0
                                             日        日

                                             2015年    2021年
张静       监事       现任       女              36 04月  02  04月  15         0        0        0        0        0
                                             日        日

                                             2015年    2019年
甄冉       监事       离任       女              34 04月  02  07月  25         0        0        0        0        0
                                             日        日

                                             2015年    2021年
张淑珍      监事       现任       女              35 11月  11  04月  15         0        0        0        0        0
                                             日        日

                                             2016年    2019年
孙淑芹      财务总监     离任       女              53 07月  05  07月  09     4,050        0        0        0    4,050
                                             日        日

         董事会秘                                2013年    2021年
李炜刚      书        现任       男              36 10月  22  04月  15    13,500        0        0        0   13,500
                                             日        日

                                             2018年    2021年
张兵       副总经理     现任       男              40 04月  16  04月  15         0        0        0        0        0
                                             日        日

                                             2018年    2021年
罗旭       副总经理     现任       男              48 04月  16  04月  15         0        0        0        0        0
                                             日        日

                                             2018年    2021年
邵高贤      副总经理     现任       男              55 04月  16  04月  15         0        0        0        0        0
                                             日        日

合计          --       --       --       --       --       --    17,632,34       0        0        0 17,632,34
                                                                      6                                   6","保留年报原列示状态，不据此推断2021-04-30当日任职；任期终止日期不自动等同实际离任日期。","{""year"":""2019"",""key"":""management_21"",""status"":""extracted_original"",""person_name"":""邵高贤"",""role"":""副总经理"",""reported_appointment_status"":""现任"",""status_basis"":""该年度原始年报任职状态列"",""confirmed_status_at_cutoff"":null,""period_basis"":""原年报名册、变动表或控制关系披露，不推断截止日当日状态"",""allowed_for_model_input"":true,""quote_format"":""extracted_page_excerpt""}"
"2020.management.management_01","management","2020","as_reported","","","management_01","窦茂功任职信息","","窦茂功；董事、董事长；年报任职状态：现任","","","","","","上市公司治理","","meichen_2020_original.pdf","annual_report_2020_original","88","88","[88]","2021-04-20","2021-04-30","true","disclosed","false","","山东美晨生态环境股份有限公司        2020年年度报告全文


             第九节       董事、监事、高级管理人员和员工情况


一、董事、监事和高级管理人员持股变动


                                                  期初持    本期增     本期减    其他增    期末持
 姓名      职务    任职状     性别     年龄    任期起    任期终     股数    持股份     持股份    减变动     股数
                态                   始日期    止日期    （股）     数量     数量     （股）    （股）
                                                         （股）     （股）

        董事、                         2019年  2021年
窦茂功     董事长    现任     男         51  07月    04月         0      0      0      0      0
                                    25日    15日

        董事、                         2019年  2021年
庞安全     财务总    现任     男         42  07月    04月         0      0      0      0      0
        监                           09日    15日

                                    2019年  2021年
姜永峰     董事     现任     男         33  07月    04月         0      0      0      0      0
                                    25日    15日

                                    2009年  2021年   9,813,1       2,453,2       7,359,8
郑召伟     董事     现任     男         43  04月    04月        49      0     82      0     67
                                    20日    15日

                                    2014年  2021年   2,501,6                     2,501,6
李荣华     董事     现任     男         43  10月    04月        47      0      0      0     47
                                    17日    15日

                                    2017年  2021年   2,500,0                     2,500,0
张磊      董事     现任     男         40  05月    04月        00      0      0      0     00
                                    16日    15日

        独立董                         2014年  2020年
金建显     事      离任     男         52  10月    10月         0      0      0      0      0
                                    17日    12日

        独立董                         2015年  2021年
赵向阳     事      现任     男         51  04月    04月         0      0      0      0      0
                                    02日    15日

        独立董                         2015年  2021年
郭林      事      现任     男         57  04月    04月         0      0      0      0      0
                                    02日    15日

        监事、                         2019年  2020年
陆迪      监事会    离任     女         44  07月    05月         0      0      0      0      0
        主席                          25日    07日



88","保留年报原列示状态，不据此推断2021-04-30当日任职；任期终止日期不自动等同实际离任日期。","{""year"":""2020"",""key"":""management_01"",""status"":""extracted_original"",""person_name"":""窦茂功"",""role"":""董事、董事长"",""reported_appointment_status"":""现任"",""status_basis"":""该年度原始年报任职状态列"",""confirmed_status_at_cutoff"":null,""period_basis"":""原年报名册、变动表或控制关系披露，不推断截止日当日状态"",""allowed_for_model_input"":true,""quote_format"":""extracted_page_excerpt""}"
"2020.management.management_02","management","2020","as_reported","","","management_02","庞安全任职信息","","庞安全；董事、财务总监；年报任职状态：现任","","","","","","上市公司治理","","meichen_2020_original.pdf","annual_report_2020_original","88","88","[88]","2021-04-20","2021-04-30","true","disclosed","false","","山东美晨生态环境股份有限公司        2020年年度报告全文


             第九节       董事、监事、高级管理人员和员工情况


一、董事、监事和高级管理人员持股变动


                                                  期初持    本期增     本期减    其他增    期末持
 姓名      职务    任职状     性别     年龄    任期起    任期终     股数    持股份     持股份    减变动     股数
                态                   始日期    止日期    （股）     数量     数量     （股）    （股）
                                                         （股）     （股）

        董事、                         2019年  2021年
窦茂功     董事长    现任     男         51  07月    04月         0      0      0      0      0
                                    25日    15日

        董事、                         2019年  2021年
庞安全     财务总    现任     男         42  07月    04月         0      0      0      0      0
        监                           09日    15日

                                    2019年  2021年
姜永峰     董事     现任     男         33  07月    04月         0      0      0      0      0
                                    25日    15日

                                    2009年  2021年   9,813,1       2,453,2       7,359,8
郑召伟     董事     现任     男         43  04月    04月        49      0     82      0     67
                                    20日    15日

                                    2014年  2021年   2,501,6                     2,501,6
李荣华     董事     现任     男         43  10月    04月        47      0      0      0     47
                                    17日    15日

                                    2017年  2021年   2,500,0                     2,500,0
张磊      董事     现任     男         40  05月    04月        00      0      0      0     00
                                    16日    15日

        独立董                         2014年  2020年
金建显     事      离任     男         52  10月    10月         0      0      0      0      0
                                    17日    12日

        独立董                         2015年  2021年
赵向阳     事      现任     男         51  04月    04月         0      0      0      0      0
                                    02日    15日

        独立董                         2015年  2021年
郭林      事      现任     男         57  04月    04月         0      0      0      0      0
                                    02日    15日

        监事、                         2019年  2020年
陆迪      监事会    离任     女         44  07月    05月         0      0      0      0      0
        主席                          25日    07日



88","保留年报原列示状态，不据此推断2021-04-30当日任职；任期终止日期不自动等同实际离任日期。","{""year"":""2020"",""key"":""management_02"",""status"":""extracted_original"",""person_name"":""庞安全"",""role"":""董事、财务总监"",""reported_appointment_status"":""现任"",""status_basis"":""该年度原始年报任职状态列"",""confirmed_status_at_cutoff"":null,""period_basis"":""原年报名册、变动表或控制关系披露，不推断截止日当日状态"",""allowed_for_model_input"":true,""quote_format"":""extracted_page_excerpt""}"
"2020.management.management_03","management","2020","as_reported","","","management_03","姜永峰任职信息","","姜永峰；董事；年报任职状态：现任","","","","","","上市公司治理","","meichen_2020_original.pdf","annual_report_2020_original","88","88","[88]","2021-04-20","2021-04-30","true","disclosed","false","","山东美晨生态环境股份有限公司        2020年年度报告全文


             第九节       董事、监事、高级管理人员和员工情况


一、董事、监事和高级管理人员持股变动


                                                  期初持    本期增     本期减    其他增    期末持
 姓名      职务    任职状     性别     年龄    任期起    任期终     股数    持股份     持股份    减变动     股数
                态                   始日期    止日期    （股）     数量     数量     （股）    （股）
                                                         （股）     （股）

        董事、                         2019年  2021年
窦茂功     董事长    现任     男         51  07月    04月         0      0      0      0      0
                                    25日    15日

        董事、                         2019年  2021年
庞安全     财务总    现任     男         42  07月    04月         0      0      0      0      0
        监                           09日    15日

                                    2019年  2021年
姜永峰     董事     现任     男         33  07月    04月         0      0      0      0      0
                                    25日    15日

                                    2009年  2021年   9,813,1       2,453,2       7,359,8
郑召伟     董事     现任     男         43  04月    04月        49      0     82      0     67
                                    20日    15日

                                    2014年  2021年   2,501,6                     2,501,6
李荣华     董事     现任     男         43  10月    04月        47      0      0      0     47
                                    17日    15日

                                    2017年  2021年   2,500,0                     2,500,0
张磊      董事     现任     男         40  05月    04月        00      0      0      0     00
                                    16日    15日

        独立董                         2014年  2020年
金建显     事      离任     男         52  10月    10月         0      0      0      0      0
                                    17日    12日

        独立董                         2015年  2021年
赵向阳     事      现任     男         51  04月    04月         0      0      0      0      0
                                    02日    15日

        独立董                         2015年  2021年
郭林      事      现任     男         57  04月    04月         0      0      0      0      0
                                    02日    15日

        监事、                         2019年  2020年
陆迪      监事会    离任     女         44  07月    05月         0      0      0      0      0
        主席                          25日    07日



88","保留年报原列示状态，不据此推断2021-04-30当日任职；任期终止日期不自动等同实际离任日期。","{""year"":""2020"",""key"":""management_03"",""status"":""extracted_original"",""person_name"":""姜永峰"",""role"":""董事"",""reported_appointment_status"":""现任"",""status_basis"":""该年度原始年报任职状态列"",""confirmed_status_at_cutoff"":null,""period_basis"":""原年报名册、变动表或控制关系披露，不推断截止日当日状态"",""allowed_for_model_input"":true,""quote_format"":""extracted_page_excerpt""}"
"2020.management.management_04","management","2020","as_reported","","","management_04","郑召伟任职信息","","郑召伟；董事；年报任职状态：现任","","","","","","上市公司治理","","meichen_2020_original.pdf","annual_report_2020_original","88","88","[88]","2021-04-20","2021-04-30","true","disclosed","false","","山东美晨生态环境股份有限公司        2020年年度报告全文


             第九节       董事、监事、高级管理人员和员工情况


一、董事、监事和高级管理人员持股变动


                                                  期初持    本期增     本期减    其他增    期末持
 姓名      职务    任职状     性别     年龄    任期起    任期终     股数    持股份     持股份    减变动     股数
                态                   始日期    止日期    （股）     数量     数量     （股）    （股）
                                                         （股）     （股）

        董事、                         2019年  2021年
窦茂功     董事长    现任     男         51  07月    04月         0      0      0      0      0
                                    25日    15日

        董事、                         2019年  2021年
庞安全     财务总    现任     男         42  07月    04月         0      0      0      0      0
        监                           09日    15日

                                    2019年  2021年
姜永峰     董事     现任     男         33  07月    04月         0      0      0      0      0
                                    25日    15日

                                    2009年  2021年   9,813,1       2,453,2       7,359,8
郑召伟     董事     现任     男         43  04月    04月        49      0     82      0     67
                                    20日    15日

                                    2014年  2021年   2,501,6                     2,501,6
李荣华     董事     现任     男         43  10月    04月        47      0      0      0     47
                                    17日    15日

                                    2017年  2021年   2,500,0                     2,500,0
张磊      董事     现任     男         40  05月    04月        00      0      0      0     00
                                    16日    15日

        独立董                         2014年  2020年
金建显     事      离任     男         52  10月    10月         0      0      0      0      0
                                    17日    12日

        独立董                         2015年  2021年
赵向阳     事      现任     男         51  04月    04月         0      0      0      0      0
                                    02日    15日

        独立董                         2015年  2021年
郭林      事      现任     男         57  04月    04月         0      0      0      0      0
                                    02日    15日

        监事、                         2019年  2020年
陆迪      监事会    离任     女         44  07月    05月         0      0      0      0      0
        主席                          25日    07日



88","保留年报原列示状态，不据此推断2021-04-30当日任职；任期终止日期不自动等同实际离任日期。","{""year"":""2020"",""key"":""management_04"",""status"":""extracted_original"",""person_name"":""郑召伟"",""role"":""董事"",""reported_appointment_status"":""现任"",""status_basis"":""该年度原始年报任职状态列"",""confirmed_status_at_cutoff"":null,""period_basis"":""原年报名册、变动表或控制关系披露，不推断截止日当日状态"",""allowed_for_model_input"":true,""quote_format"":""extracted_page_excerpt""}"
"2020.management.management_05","management","2020","as_reported","","","management_05","李荣华任职信息","","李荣华；董事；年报任职状态：现任","","","","","","上市公司治理","","meichen_2020_original.pdf","annual_report_2020_original","88","88","[88]","2021-04-20","2021-04-30","true","disclosed","false","","山东美晨生态环境股份有限公司        2020年年度报告全文


             第九节       董事、监事、高级管理人员和员工情况


一、董事、监事和高级管理人员持股变动


                                                  期初持    本期增     本期减    其他增    期末持
 姓名      职务    任职状     性别     年龄    任期起    任期终     股数    持股份     持股份    减变动     股数
                态                   始日期    止日期    （股）     数量     数量     （股）    （股）
                                                         （股）     （股）

        董事、                         2019年  2021年
窦茂功     董事长    现任     男         51  07月    04月         0      0      0      0      0
                                    25日    15日

        董事、                         2019年  2021年
庞安全     财务总    现任     男         42  07月    04月         0      0      0      0      0
        监                           09日    15日

                                    2019年  2021年
姜永峰     董事     现任     男         33  07月    04月         0      0      0      0      0
                                    25日    15日

                                    2009年  2021年   9,813,1       2,453,2       7,359,8
郑召伟     董事     现任     男         43  04月    04月        49      0     82      0     67
                                    20日    15日

                                    2014年  2021年   2,501,6                     2,501,6
李荣华     董事     现任     男         43  10月    04月        47      0      0      0     47
                                    17日    15日

                                    2017年  2021年   2,500,0                     2,500,0
张磊      董事     现任     男         40  05月    04月        00      0      0      0     00
                                    16日    15日

        独立董                         2014年  2020年
金建显     事      离任     男         52  10月    10月         0      0      0      0      0
                                    17日    12日

        独立董                         2015年  2021年
赵向阳     事      现任     男         51  04月    04月         0      0      0      0      0
                                    02日    15日

        独立董                         2015年  2021年
郭林      事      现任     男         57  04月    04月         0      0      0      0      0
                                    02日    15日

        监事、                         2019年  2020年
陆迪      监事会    离任     女         44  07月    05月         0      0      0      0      0
        主席                          25日    07日



88","保留年报原列示状态，不据此推断2021-04-30当日任职；任期终止日期不自动等同实际离任日期。","{""year"":""2020"",""key"":""management_05"",""status"":""extracted_original"",""person_name"":""李荣华"",""role"":""董事"",""reported_appointment_status"":""现任"",""status_basis"":""该年度原始年报任职状态列"",""confirmed_status_at_cutoff"":null,""period_basis"":""原年报名册、变动表或控制关系披露，不推断截止日当日状态"",""allowed_for_model_input"":true,""quote_format"":""extracted_page_excerpt""}"
"2020.management.management_06","management","2020","as_reported","","","management_06","张磊任职信息","","张磊；董事；年报任职状态：现任","","","","","","上市公司治理","","meichen_2020_original.pdf","annual_report_2020_original","88","88","[88]","2021-04-20","2021-04-30","true","disclosed","false","","山东美晨生态环境股份有限公司        2020年年度报告全文


             第九节       董事、监事、高级管理人员和员工情况


一、董事、监事和高级管理人员持股变动


                                                  期初持    本期增     本期减    其他增    期末持
 姓名      职务    任职状     性别     年龄    任期起    任期终     股数    持股份     持股份    减变动     股数
                态                   始日期    止日期    （股）     数量     数量     （股）    （股）
                                                         （股）     （股）

        董事、                         2019年  2021年
窦茂功     董事长    现任     男         51  07月    04月         0      0      0      0      0
                                    25日    15日

        董事、                         2019年  2021年
庞安全     财务总    现任     男         42  07月    04月         0      0      0      0      0
        监                           09日    15日

                                    2019年  2021年
姜永峰     董事     现任     男         33  07月    04月         0      0      0      0      0
                                    25日    15日

                                    2009年  2021年   9,813,1       2,453,2       7,359,8
郑召伟     董事     现任     男         43  04月    04月        49      0     82      0     67
                                    20日    15日

                                    2014年  2021年   2,501,6                     2,501,6
李荣华     董事     现任     男         43  10月    04月        47      0      0      0     47
                                    17日    15日

                                    2017年  2021年   2,500,0                     2,500,0
张磊      董事     现任     男         40  05月    04月        00      0      0      0     00
                                    16日    15日

        独立董                         2014年  2020年
金建显     事      离任     男         52  10月    10月         0      0      0      0      0
                                    17日    12日

        独立董                         2015年  2021年
赵向阳     事      现任     男         51  04月    04月         0      0      0      0      0
                                    02日    15日

        独立董                         2015年  2021年
郭林      事      现任     男         57  04月    04月         0      0      0      0      0
                                    02日    15日

        监事、                         2019年  2020年
陆迪      监事会    离任     女         44  07月    05月         0      0      0      0      0
        主席                          25日    07日



88","保留年报原列示状态，不据此推断2021-04-30当日任职；任期终止日期不自动等同实际离任日期。","{""year"":""2020"",""key"":""management_06"",""status"":""extracted_original"",""person_name"":""张磊"",""role"":""董事"",""reported_appointment_status"":""现任"",""status_basis"":""该年度原始年报任职状态列"",""confirmed_status_at_cutoff"":null,""period_basis"":""原年报名册、变动表或控制关系披露，不推断截止日当日状态"",""allowed_for_model_input"":true,""quote_format"":""extracted_page_excerpt""}"
"2020.management.management_07","management","2020","as_reported","","","management_07","金建显任职信息","","金建显；独立董事；年报任职状态：离任","","","","","","上市公司治理","","meichen_2020_original.pdf","annual_report_2020_original","88","88","[88]","2021-04-20","2021-04-30","true","disclosed","false","","山东美晨生态环境股份有限公司        2020年年度报告全文


             第九节       董事、监事、高级管理人员和员工情况


一、董事、监事和高级管理人员持股变动


                                                  期初持    本期增     本期减    其他增    期末持
 姓名      职务    任职状     性别     年龄    任期起    任期终     股数    持股份     持股份    减变动     股数
                态                   始日期    止日期    （股）     数量     数量     （股）    （股）
                                                         （股）     （股）

        董事、                         2019年  2021年
窦茂功     董事长    现任     男         51  07月    04月         0      0      0      0      0
                                    25日    15日

        董事、                         2019年  2021年
庞安全     财务总    现任     男         42  07月    04月         0      0      0      0      0
        监                           09日    15日

                                    2019年  2021年
姜永峰     董事     现任     男         33  07月    04月         0      0      0      0      0
                                    25日    15日

                                    2009年  2021年   9,813,1       2,453,2       7,359,8
郑召伟     董事     现任     男         43  04月    04月        49      0     82      0     67
                                    20日    15日

                                    2014年  2021年   2,501,6                     2,501,6
李荣华     董事     现任     男         43  10月    04月        47      0      0      0     47
                                    17日    15日

                                    2017年  2021年   2,500,0                     2,500,0
张磊      董事     现任     男         40  05月    04月        00      0      0      0     00
                                    16日    15日

        独立董                         2014年  2020年
金建显     事      离任     男         52  10月    10月         0      0      0      0      0
                                    17日    12日

        独立董                         2015年  2021年
赵向阳     事      现任     男         51  04月    04月         0      0      0      0      0
                                    02日    15日

        独立董                         2015年  2021年
郭林      事      现任     男         57  04月    04月         0      0      0      0      0
                                    02日    15日

        监事、                         2019年  2020年
陆迪      监事会    离任     女         44  07月    05月         0      0      0      0      0
        主席                          25日    07日



88","保留年报原列示状态，不据此推断2021-04-30当日任职；任期终止日期不自动等同实际离任日期。","{""year"":""2020"",""key"":""management_07"",""status"":""extracted_original"",""person_name"":""金建显"",""role"":""独立董事"",""reported_appointment_status"":""离任"",""status_basis"":""该年度原始年报任职状态列"",""confirmed_status_at_cutoff"":null,""period_basis"":""原年报名册、变动表或控制关系披露，不推断截止日当日状态"",""allowed_for_model_input"":true,""quote_format"":""extracted_page_excerpt""}"
"2020.management.management_08","management","2020","as_reported","","","management_08","赵向阳任职信息","","赵向阳；独立董事；年报任职状态：现任","","","","","","上市公司治理","","meichen_2020_original.pdf","annual_report_2020_original","88","88","[88]","2021-04-20","2021-04-30","true","disclosed","false","","山东美晨生态环境股份有限公司        2020年年度报告全文


             第九节       董事、监事、高级管理人员和员工情况


一、董事、监事和高级管理人员持股变动


                                                  期初持    本期增     本期减    其他增    期末持
 姓名      职务    任职状     性别     年龄    任期起    任期终     股数    持股份     持股份    减变动     股数
                态                   始日期    止日期    （股）     数量     数量     （股）    （股）
                                                         （股）     （股）

        董事、                         2019年  2021年
窦茂功     董事长    现任     男         51  07月    04月         0      0      0      0      0
                                    25日    15日

        董事、                         2019年  2021年
庞安全     财务总    现任     男         42  07月    04月         0      0      0      0      0
        监                           09日    15日

                                    2019年  2021年
姜永峰     董事     现任     男         33  07月    04月         0      0      0      0      0
                                    25日    15日

                                    2009年  2021年   9,813,1       2,453,2       7,359,8
郑召伟     董事     现任     男         43  04月    04月        49      0     82      0     67
                                    20日    15日

                                    2014年  2021年   2,501,6                     2,501,6
李荣华     董事     现任     男         43  10月    04月        47      0      0      0     47
                                    17日    15日

                                    2017年  2021年   2,500,0                     2,500,0
张磊      董事     现任     男         40  05月    04月        00      0      0      0     00
                                    16日    15日

        独立董                         2014年  2020年
金建显     事      离任     男         52  10月    10月         0      0      0      0      0
                                    17日    12日

        独立董                         2015年  2021年
赵向阳     事      现任     男         51  04月    04月         0      0      0      0      0
                                    02日    15日

        独立董                         2015年  2021年
郭林      事      现任     男         57  04月    04月         0      0      0      0      0
                                    02日    15日

        监事、                         2019年  2020年
陆迪      监事会    离任     女         44  07月    05月         0      0      0      0      0
        主席                          25日    07日



88","保留年报原列示状态，不据此推断2021-04-30当日任职；任期终止日期不自动等同实际离任日期。","{""year"":""2020"",""key"":""management_08"",""status"":""extracted_original"",""person_name"":""赵向阳"",""role"":""独立董事"",""reported_appointment_status"":""现任"",""status_basis"":""该年度原始年报任职状态列"",""confirmed_status_at_cutoff"":null,""period_basis"":""原年报名册、变动表或控制关系披露，不推断截止日当日状态"",""allowed_for_model_input"":true,""quote_format"":""extracted_page_excerpt""}"
"2020.management.management_09","management","2020","as_reported","","","management_09","郭林任职信息","","郭林；独立董事；年报任职状态：现任","","","","","","上市公司治理","","meichen_2020_original.pdf","annual_report_2020_original","88","88","[88]","2021-04-20","2021-04-30","true","disclosed","false","","山东美晨生态环境股份有限公司        2020年年度报告全文


             第九节       董事、监事、高级管理人员和员工情况


一、董事、监事和高级管理人员持股变动


                                                  期初持    本期增     本期减    其他增    期末持
 姓名      职务    任职状     性别     年龄    任期起    任期终     股数    持股份     持股份    减变动     股数
                态                   始日期    止日期    （股）     数量     数量     （股）    （股）
                                                         （股）     （股）

        董事、                         2019年  2021年
窦茂功     董事长    现任     男         51  07月    04月         0      0      0      0      0
                                    25日    15日

        董事、                         2019年  2021年
庞安全     财务总    现任     男         42  07月    04月         0      0      0      0      0
        监                           09日    15日

                                    2019年  2021年
姜永峰     董事     现任     男         33  07月    04月         0      0      0      0      0
                                    25日    15日

                                    2009年  2021年   9,813,1       2,453,2       7,359,8
郑召伟     董事     现任     男         43  04月    04月        49      0     82      0     67
                                    20日    15日

                                    2014年  2021年   2,501,6                     2,501,6
李荣华     董事     现任     男         43  10月    04月        47      0      0      0     47
                                    17日    15日

                                    2017年  2021年   2,500,0                     2,500,0
张磊      董事     现任     男         40  05月    04月        00      0      0      0     00
                                    16日    15日

        独立董                         2014年  2020年
金建显     事      离任     男         52  10月    10月         0      0      0      0      0
                                    17日    12日

        独立董                         2015年  2021年
赵向阳     事      现任     男         51  04月    04月         0      0      0      0      0
                                    02日    15日

        独立董                         2015年  2021年
郭林      事      现任     男         57  04月    04月         0      0      0      0      0
                                    02日    15日

        监事、                         2019年  2020年
陆迪      监事会    离任     女         44  07月    05月         0      0      0      0      0
        主席                          25日    07日



88","保留年报原列示状态，不据此推断2021-04-30当日任职；任期终止日期不自动等同实际离任日期。","{""year"":""2020"",""key"":""management_09"",""status"":""extracted_original"",""person_name"":""郭林"",""role"":""独立董事"",""reported_appointment_status"":""现任"",""status_basis"":""该年度原始年报任职状态列"",""confirmed_status_at_cutoff"":null,""period_basis"":""原年报名册、变动表或控制关系披露，不推断截止日当日状态"",""allowed_for_model_input"":true,""quote_format"":""extracted_page_excerpt""}"
"2020.management.management_10","management","2020","as_reported","","","management_10","陆迪任职信息","","陆迪；监事、监事会主席；年报任职状态：离任","","","","","","上市公司治理","","meichen_2020_original.pdf","annual_report_2020_original","88","88","[88]","2021-04-20","2021-04-30","true","disclosed","false","","山东美晨生态环境股份有限公司        2020年年度报告全文


             第九节       董事、监事、高级管理人员和员工情况


一、董事、监事和高级管理人员持股变动


                                                  期初持    本期增     本期减    其他增    期末持
 姓名      职务    任职状     性别     年龄    任期起    任期终     股数    持股份     持股份    减变动     股数
                态                   始日期    止日期    （股）     数量     数量     （股）    （股）
                                                         （股）     （股）

        董事、                         2019年  2021年
窦茂功     董事长    现任     男         51  07月    04月         0      0      0      0      0
                                    25日    15日

        董事、                         2019年  2021年
庞安全     财务总    现任     男         42  07月    04月         0      0      0      0      0
        监                           09日    15日

                                    2019年  2021年
姜永峰     董事     现任     男         33  07月    04月         0      0      0      0      0
                                    25日    15日

                                    2009年  2021年   9,813,1       2,453,2       7,359,8
郑召伟     董事     现任     男         43  04月    04月        49      0     82      0     67
                                    20日    15日

                                    2014年  2021年   2,501,6                     2,501,6
李荣华     董事     现任     男         43  10月    04月        47      0      0      0     47
                                    17日    15日

                                    2017年  2021年   2,500,0                     2,500,0
张磊      董事     现任     男         40  05月    04月        00      0      0      0     00
                                    16日    15日

        独立董                         2014年  2020年
金建显     事      离任     男         52  10月    10月         0      0      0      0      0
                                    17日    12日

        独立董                         2015年  2021年
赵向阳     事      现任     男         51  04月    04月         0      0      0      0      0
                                    02日    15日

        独立董                         2015年  2021年
郭林      事      现任     男         57  04月    04月         0      0      0      0      0
                                    02日    15日

        监事、                         2019年  2020年
陆迪      监事会    离任     女         44  07月    05月         0      0      0      0      0
        主席                          25日    07日



88","保留年报原列示状态，不据此推断2021-04-30当日任职；任期终止日期不自动等同实际离任日期。","{""year"":""2020"",""key"":""management_10"",""status"":""extracted_original"",""person_name"":""陆迪"",""role"":""监事、监事会主席"",""reported_appointment_status"":""离任"",""status_basis"":""该年度原始年报任职状态列"",""confirmed_status_at_cutoff"":null,""period_basis"":""原年报名册、变动表或控制关系披露，不推断截止日当日状态"",""allowed_for_model_input"":true,""quote_format"":""extracted_page_excerpt""}"
"2020.management.management_11","management","2020","as_reported","","","management_11","张静任职信息","","张静；监事；年报任职状态：现任","","","","","","上市公司治理","","meichen_2020_original.pdf","annual_report_2020_original","89","89","[88,89]","2021-04-20","2021-04-30","true","disclosed","false","","山东美晨生态环境股份有限公司        2020年年度报告全文


             第九节       董事、监事、高级管理人员和员工情况


一、董事、监事和高级管理人员持股变动


                                                  期初持    本期增     本期减    其他增    期末持
 姓名      职务    任职状     性别     年龄    任期起    任期终     股数    持股份     持股份    减变动     股数
                态                   始日期    止日期    （股）     数量     数量     （股）    （股）
                                                         （股）     （股）

        董事、                         2019年  2021年

山东美晨生态环境股份有限公司         2020年年度报告全文


                                      2015年  2021年
 张静     监事     现任      女          38  04月    04月         0      0       0      0       0
                                      02日    16日

                                      2015年  2021年
 张淑珍    监事     现任      女          37  11月11  04月         0      0       0      0       0
                                      日      15日

        董事会                           2013年  2021年
 李炜刚    秘书     现任      男          38  10月    04月     13,500     0       0      0   13,500
                                      22日    15日

        副总经                           2018年  2021年
 张兵     理      现任      男          42  04月    04月         0      0       0      0       0
                                      16日    15日

        副总经                           2018年  2021年
 罗旭     理      现任      男          50  04月    04月         0      0       0      0       0
                                      16日    15日

        副总经                           2018年  2020年
 邵高贤    理      离任      男          57  04月    05月         0      0       0      0       0
                                      16日    14日

        监事、                           2020年  2021年
 李磊     监事会    现任      男          34  07月    04月         0      0       0      0       0
        主席                            13日    15日

        独立董                           2020年  2021年
 刘金鑫    事      现任      男          35  10月    04月         0      0       0      0       0
                                      29日    15日

                                      2020年  2021年
 王永刚    总经理    现任      男          47  04月    04月         0      0       0      0       0
                                      29日    15日

 合计       --     --      --     --      --     --    14,828,    0   2,453,2    0  12,375,
                                                       296             82            014","保留年报原列示状态，不据此推断2021-04-30当日任职；任期终止日期不自动等同实际离任日期。","{""year"":""2020"",""key"":""management_11"",""status"":""extracted_original"",""person_name"":""张静"",""role"":""监事"",""reported_appointment_status"":""现任"",""status_basis"":""该年度原始年报任职状态列"",""confirmed_status_at_cutoff"":null,""period_basis"":""原年报名册、变动表或控制关系披露，不推断截止日当日状态"",""allowed_for_model_input"":true,""quote_format"":""extracted_page_excerpt""}"
"2020.management.management_12","management","2020","as_reported","","","management_12","张淑珍任职信息","","张淑珍；监事；年报任职状态：现任","","","","","","上市公司治理","","meichen_2020_original.pdf","annual_report_2020_original","89","89","[88,89]","2021-04-20","2021-04-30","true","disclosed","false","","山东美晨生态环境股份有限公司        2020年年度报告全文


             第九节       董事、监事、高级管理人员和员工情况


一、董事、监事和高级管理人员持股变动


                                                  期初持    本期增     本期减    其他增    期末持
 姓名      职务    任职状     性别     年龄    任期起    任期终     股数    持股份     持股份    减变动     股数
                态                   始日期    止日期    （股）     数量     数量     （股）    （股）
                                                         （股）     （股）

        董事、                         2019年  2021年

山东美晨生态环境股份有限公司         2020年年度报告全文


                                      2015年  2021年
 张静     监事     现任      女          38  04月    04月         0      0       0      0       0
                                      02日    16日

                                      2015年  2021年
 张淑珍    监事     现任      女          37  11月11  04月         0      0       0      0       0
                                      日      15日

        董事会                           2013年  2021年
 李炜刚    秘书     现任      男          38  10月    04月     13,500     0       0      0   13,500
                                      22日    15日

        副总经                           2018年  2021年
 张兵     理      现任      男          42  04月    04月         0      0       0      0       0
                                      16日    15日

        副总经                           2018年  2021年
 罗旭     理      现任      男          50  04月    04月         0      0       0      0       0
                                      16日    15日

        副总经                           2018年  2020年
 邵高贤    理      离任      男          57  04月    05月         0      0       0      0       0
                                      16日    14日

        监事、                           2020年  2021年
 李磊     监事会    现任      男          34  07月    04月         0      0       0      0       0
        主席                            13日    15日

        独立董                           2020年  2021年
 刘金鑫    事      现任      男          35  10月    04月         0      0       0      0       0
                                      29日    15日

                                      2020年  2021年
 王永刚    总经理    现任      男          47  04月    04月         0      0       0      0       0
                                      29日    15日

 合计       --     --      --     --      --     --    14,828,    0   2,453,2    0  12,375,
                                                       296             82            014","保留年报原列示状态，不据此推断2021-04-30当日任职；任期终止日期不自动等同实际离任日期。","{""year"":""2020"",""key"":""management_12"",""status"":""extracted_original"",""person_name"":""张淑珍"",""role"":""监事"",""reported_appointment_status"":""现任"",""status_basis"":""该年度原始年报任职状态列"",""confirmed_status_at_cutoff"":null,""period_basis"":""原年报名册、变动表或控制关系披露，不推断截止日当日状态"",""allowed_for_model_input"":true,""quote_format"":""extracted_page_excerpt""}"
"2020.management.management_13","management","2020","as_reported","","","management_13","李炜刚任职信息","","李炜刚；董事会秘书；年报任职状态：现任","","","","","","上市公司治理","","meichen_2020_original.pdf","annual_report_2020_original","89","89","[88,89]","2021-04-20","2021-04-30","true","disclosed","false","","山东美晨生态环境股份有限公司        2020年年度报告全文


             第九节       董事、监事、高级管理人员和员工情况


一、董事、监事和高级管理人员持股变动


                                                  期初持    本期增     本期减    其他增    期末持
 姓名      职务    任职状     性别     年龄    任期起    任期终     股数    持股份     持股份    减变动     股数
                态                   始日期    止日期    （股）     数量     数量     （股）    （股）
                                                         （股）     （股）

        董事、                         2019年  2021年

山东美晨生态环境股份有限公司         2020年年度报告全文


                                      2015年  2021年
 张静     监事     现任      女          38  04月    04月         0      0       0      0       0
                                      02日    16日

                                      2015年  2021年
 张淑珍    监事     现任      女          37  11月11  04月         0      0       0      0       0
                                      日      15日

        董事会                           2013年  2021年
 李炜刚    秘书     现任      男          38  10月    04月     13,500     0       0      0   13,500
                                      22日    15日

        副总经                           2018年  2021年
 张兵     理      现任      男          42  04月    04月         0      0       0      0       0
                                      16日    15日

        副总经                           2018年  2021年
 罗旭     理      现任      男          50  04月    04月         0      0       0      0       0
                                      16日    15日

        副总经                           2018年  2020年
 邵高贤    理      离任      男          57  04月    05月         0      0       0      0       0
                                      16日    14日

        监事、                           2020年  2021年
 李磊     监事会    现任      男          34  07月    04月         0      0       0      0       0
        主席                            13日    15日

        独立董                           2020年  2021年
 刘金鑫    事      现任      男          35  10月    04月         0      0       0      0       0
                                      29日    15日

                                      2020年  2021年
 王永刚    总经理    现任      男          47  04月    04月         0      0       0      0       0
                                      29日    15日

 合计       --     --      --     --      --     --    14,828,    0   2,453,2    0  12,375,
                                                       296             82            014","保留年报原列示状态，不据此推断2021-04-30当日任职；任期终止日期不自动等同实际离任日期。","{""year"":""2020"",""key"":""management_13"",""status"":""extracted_original"",""person_name"":""李炜刚"",""role"":""董事会秘书"",""reported_appointment_status"":""现任"",""status_basis"":""该年度原始年报任职状态列"",""confirmed_status_at_cutoff"":null,""period_basis"":""原年报名册、变动表或控制关系披露，不推断截止日当日状态"",""allowed_for_model_input"":true,""quote_format"":""extracted_page_excerpt""}"
"2020.management.management_14","management","2020","as_reported","","","management_14","张兵任职信息","","张兵；副总经理；年报任职状态：现任","","","","","","上市公司治理","","meichen_2020_original.pdf","annual_report_2020_original","89","89","[88,89]","2021-04-20","2021-04-30","true","disclosed","false","","山东美晨生态环境股份有限公司        2020年年度报告全文


             第九节       董事、监事、高级管理人员和员工情况


一、董事、监事和高级管理人员持股变动


                                                  期初持    本期增     本期减    其他增    期末持
 姓名      职务    任职状     性别     年龄    任期起    任期终     股数    持股份     持股份    减变动     股数
                态                   始日期    止日期    （股）     数量     数量     （股）    （股）
                                                         （股）     （股）

        董事、                         2019年  2021年

山东美晨生态环境股份有限公司         2020年年度报告全文


                                      2015年  2021年
 张静     监事     现任      女          38  04月    04月         0      0       0      0       0
                                      02日    16日

                                      2015年  2021年
 张淑珍    监事     现任      女          37  11月11  04月         0      0       0      0       0
                                      日      15日

        董事会                           2013年  2021年
 李炜刚    秘书     现任      男          38  10月    04月     13,500     0       0      0   13,500
                                      22日    15日

        副总经                           2018年  2021年
 张兵     理      现任      男          42  04月    04月         0      0       0      0       0
                                      16日    15日

        副总经                           2018年  2021年
 罗旭     理      现任      男          50  04月    04月         0      0       0      0       0
                                      16日    15日

        副总经                           2018年  2020年
 邵高贤    理      离任      男          57  04月    05月         0      0       0      0       0
                                      16日    14日

        监事、                           2020年  2021年
 李磊     监事会    现任      男          34  07月    04月         0      0       0      0       0
        主席                            13日    15日

        独立董                           2020年  2021年
 刘金鑫    事      现任      男          35  10月    04月         0      0       0      0       0
                                      29日    15日

                                      2020年  2021年
 王永刚    总经理    现任      男          47  04月    04月         0      0       0      0       0
                                      29日    15日

 合计       --     --      --     --      --     --    14,828,    0   2,453,2    0  12,375,
                                                       296             82            014","保留年报原列示状态，不据此推断2021-04-30当日任职；任期终止日期不自动等同实际离任日期。","{""year"":""2020"",""key"":""management_14"",""status"":""extracted_original"",""person_name"":""张兵"",""role"":""副总经理"",""reported_appointment_status"":""现任"",""status_basis"":""该年度原始年报任职状态列"",""confirmed_status_at_cutoff"":null,""period_basis"":""原年报名册、变动表或控制关系披露，不推断截止日当日状态"",""allowed_for_model_input"":true,""quote_format"":""extracted_page_excerpt""}"
"2020.management.management_15","management","2020","as_reported","","","management_15","罗旭任职信息","","罗旭；副总经理；年报任职状态：现任","","","","","","上市公司治理","","meichen_2020_original.pdf","annual_report_2020_original","89","89","[88,89]","2021-04-20","2021-04-30","true","disclosed","false","","山东美晨生态环境股份有限公司        2020年年度报告全文


             第九节       董事、监事、高级管理人员和员工情况


一、董事、监事和高级管理人员持股变动


                                                  期初持    本期增     本期减    其他增    期末持
 姓名      职务    任职状     性别     年龄    任期起    任期终     股数    持股份     持股份    减变动     股数
                态                   始日期    止日期    （股）     数量     数量     （股）    （股）
                                                         （股）     （股）

        董事、                         2019年  2021年

山东美晨生态环境股份有限公司         2020年年度报告全文


                                      2015年  2021年
 张静     监事     现任      女          38  04月    04月         0      0       0      0       0
                                      02日    16日

                                      2015年  2021年
 张淑珍    监事     现任      女          37  11月11  04月         0      0       0      0       0
                                      日      15日

        董事会                           2013年  2021年
 李炜刚    秘书     现任      男          38  10月    04月     13,500     0       0      0   13,500
                                      22日    15日

        副总经                           2018年  2021年
 张兵     理      现任      男          42  04月    04月         0      0       0      0       0
                                      16日    15日

        副总经                           2018年  2021年
 罗旭     理      现任      男          50  04月    04月         0      0       0      0       0
                                      16日    15日

        副总经                           2018年  2020年
 邵高贤    理      离任      男          57  04月    05月         0      0       0      0       0
                                      16日    14日

        监事、                           2020年  2021年
 李磊     监事会    现任      男          34  07月    04月         0      0       0      0       0
        主席                            13日    15日

        独立董                           2020年  2021年
 刘金鑫    事      现任      男          35  10月    04月         0      0       0      0       0
                                      29日    15日

                                      2020年  2021年
 王永刚    总经理    现任      男          47  04月    04月         0      0       0      0       0
                                      29日    15日

 合计       --     --      --     --      --     --    14,828,    0   2,453,2    0  12,375,
                                                       296             82            014","保留年报原列示状态，不据此推断2021-04-30当日任职；任期终止日期不自动等同实际离任日期。","{""year"":""2020"",""key"":""management_15"",""status"":""extracted_original"",""person_name"":""罗旭"",""role"":""副总经理"",""reported_appointment_status"":""现任"",""status_basis"":""该年度原始年报任职状态列"",""confirmed_status_at_cutoff"":null,""period_basis"":""原年报名册、变动表或控制关系披露，不推断截止日当日状态"",""allowed_for_model_input"":true,""quote_format"":""extracted_page_excerpt""}"
"2020.management.management_16","management","2020","as_reported","","","management_16","邵高贤任职信息","","邵高贤；副总经理；年报任职状态：离任","","","","","","上市公司治理","","meichen_2020_original.pdf","annual_report_2020_original","89","89","[88,89]","2021-04-20","2021-04-30","true","disclosed","false","","山东美晨生态环境股份有限公司        2020年年度报告全文


             第九节       董事、监事、高级管理人员和员工情况


一、董事、监事和高级管理人员持股变动


                                                  期初持    本期增     本期减    其他增    期末持
 姓名      职务    任职状     性别     年龄    任期起    任期终     股数    持股份     持股份    减变动     股数
                态                   始日期    止日期    （股）     数量     数量     （股）    （股）
                                                         （股）     （股）

        董事、                         2019年  2021年

山东美晨生态环境股份有限公司         2020年年度报告全文


                                      2015年  2021年
 张静     监事     现任      女          38  04月    04月         0      0       0      0       0
                                      02日    16日

                                      2015年  2021年
 张淑珍    监事     现任      女          37  11月11  04月         0      0       0      0       0
                                      日      15日

        董事会                           2013年  2021年
 李炜刚    秘书     现任      男          38  10月    04月     13,500     0       0      0   13,500
                                      22日    15日

        副总经                           2018年  2021年
 张兵     理      现任      男          42  04月    04月         0      0       0      0       0
                                      16日    15日

        副总经                           2018年  2021年
 罗旭     理      现任      男          50  04月    04月         0      0       0      0       0
                                      16日    15日

        副总经                           2018年  2020年
 邵高贤    理      离任      男          57  04月    05月         0      0       0      0       0
                                      16日    14日

        监事、                           2020年  2021年
 李磊     监事会    现任      男          34  07月    04月         0      0       0      0       0
        主席                            13日    15日

        独立董                           2020年  2021年
 刘金鑫    事      现任      男          35  10月    04月         0      0       0      0       0
                                      29日    15日

                                      2020年  2021年
 王永刚    总经理    现任      男          47  04月    04月         0      0       0      0       0
                                      29日    15日

 合计       --     --      --     --      --     --    14,828,    0   2,453,2    0  12,375,
                                                       296             82            014","保留年报原列示状态，不据此推断2021-04-30当日任职；任期终止日期不自动等同实际离任日期。","{""year"":""2020"",""key"":""management_16"",""status"":""extracted_original"",""person_name"":""邵高贤"",""role"":""副总经理"",""reported_appointment_status"":""离任"",""status_basis"":""该年度原始年报任职状态列"",""confirmed_status_at_cutoff"":null,""period_basis"":""原年报名册、变动表或控制关系披露，不推断截止日当日状态"",""allowed_for_model_input"":true,""quote_format"":""extracted_page_excerpt""}"
"2020.management.management_17","management","2020","as_reported","","","management_17","李磊任职信息","","李磊；监事、监事会主席；年报任职状态：现任","","","","","","上市公司治理","","meichen_2020_original.pdf","annual_report_2020_original","89","89","[88,89]","2021-04-20","2021-04-30","true","disclosed","false","","山东美晨生态环境股份有限公司        2020年年度报告全文


             第九节       董事、监事、高级管理人员和员工情况


一、董事、监事和高级管理人员持股变动


                                                  期初持    本期增     本期减    其他增    期末持
 姓名      职务    任职状     性别     年龄    任期起    任期终     股数    持股份     持股份    减变动     股数
                态                   始日期    止日期    （股）     数量     数量     （股）    （股）
                                                         （股）     （股）

        董事、                         2019年  2021年

山东美晨生态环境股份有限公司         2020年年度报告全文


                                      2015年  2021年
 张静     监事     现任      女          38  04月    04月         0      0       0      0       0
                                      02日    16日

                                      2015年  2021年
 张淑珍    监事     现任      女          37  11月11  04月         0      0       0      0       0
                                      日      15日

        董事会                           2013年  2021年
 李炜刚    秘书     现任      男          38  10月    04月     13,500     0       0      0   13,500
                                      22日    15日

        副总经                           2018年  2021年
 张兵     理      现任      男          42  04月    04月         0      0       0      0       0
                                      16日    15日

        副总经                           2018年  2021年
 罗旭     理      现任      男          50  04月    04月         0      0       0      0       0
                                      16日    15日

        副总经                           2018年  2020年
 邵高贤    理      离任      男          57  04月    05月         0      0       0      0       0
                                      16日    14日

        监事、                           2020年  2021年
 李磊     监事会    现任      男          34  07月    04月         0      0       0      0       0
        主席                            13日    15日

        独立董                           2020年  2021年
 刘金鑫    事      现任      男          35  10月    04月         0      0       0      0       0
                                      29日    15日

                                      2020年  2021年
 王永刚    总经理    现任      男          47  04月    04月         0      0       0      0       0
                                      29日    15日

 合计       --     --      --     --      --     --    14,828,    0   2,453,2    0  12,375,
                                                       296             82            014","保留年报原列示状态，不据此推断2021-04-30当日任职；任期终止日期不自动等同实际离任日期。","{""year"":""2020"",""key"":""management_17"",""status"":""extracted_original"",""person_name"":""李磊"",""role"":""监事、监事会主席"",""reported_appointment_status"":""现任"",""status_basis"":""该年度原始年报任职状态列"",""confirmed_status_at_cutoff"":null,""period_basis"":""原年报名册、变动表或控制关系披露，不推断截止日当日状态"",""allowed_for_model_input"":true,""quote_format"":""extracted_page_excerpt""}"
"2020.management.management_18","management","2020","as_reported","","","management_18","刘金鑫任职信息","","刘金鑫；独立董事；年报任职状态：现任","","","","","","上市公司治理","","meichen_2020_original.pdf","annual_report_2020_original","89","89","[88,89]","2021-04-20","2021-04-30","true","disclosed","false","","山东美晨生态环境股份有限公司        2020年年度报告全文


             第九节       董事、监事、高级管理人员和员工情况


一、董事、监事和高级管理人员持股变动


                                                  期初持    本期增     本期减    其他增    期末持
 姓名      职务    任职状     性别     年龄    任期起    任期终     股数    持股份     持股份    减变动     股数
                态                   始日期    止日期    （股）     数量     数量     （股）    （股）
                                                         （股）     （股）

        董事、                         2019年  2021年

山东美晨生态环境股份有限公司         2020年年度报告全文


                                      2015年  2021年
 张静     监事     现任      女          38  04月    04月         0      0       0      0       0
                                      02日    16日

                                      2015年  2021年
 张淑珍    监事     现任      女          37  11月11  04月         0      0       0      0       0
                                      日      15日

        董事会                           2013年  2021年
 李炜刚    秘书     现任      男          38  10月    04月     13,500     0       0      0   13,500
                                      22日    15日

        副总经                           2018年  2021年
 张兵     理      现任      男          42  04月    04月         0      0       0      0       0
                                      16日    15日

        副总经                           2018年  2021年
 罗旭     理      现任      男          50  04月    04月         0      0       0      0       0
                                      16日    15日

        副总经                           2018年  2020年
 邵高贤    理      离任      男          57  04月    05月         0      0       0      0       0
                                      16日    14日

        监事、                           2020年  2021年
 李磊     监事会    现任      男          34  07月    04月         0      0       0      0       0
        主席                            13日    15日

        独立董                           2020年  2021年
 刘金鑫    事      现任      男          35  10月    04月         0      0       0      0       0
                                      29日    15日

                                      2020年  2021年
 王永刚    总经理    现任      男          47  04月    04月         0      0       0      0       0
                                      29日    15日

 合计       --     --      --     --      --     --    14,828,    0   2,453,2    0  12,375,
                                                       296             82            014","保留年报原列示状态，不据此推断2021-04-30当日任职；任期终止日期不自动等同实际离任日期。","{""year"":""2020"",""key"":""management_18"",""status"":""extracted_original"",""person_name"":""刘金鑫"",""role"":""独立董事"",""reported_appointment_status"":""现任"",""status_basis"":""该年度原始年报任职状态列"",""confirmed_status_at_cutoff"":null,""period_basis"":""原年报名册、变动表或控制关系披露，不推断截止日当日状态"",""allowed_for_model_input"":true,""quote_format"":""extracted_page_excerpt""}"
"2020.management.management_19","management","2020","as_reported","","","management_19","王永刚任职信息","","王永刚；总经理；年报任职状态：现任","","","","","","上市公司治理","","meichen_2020_original.pdf","annual_report_2020_original","89","89","[88,89]","2021-04-20","2021-04-30","true","disclosed","false","","山东美晨生态环境股份有限公司        2020年年度报告全文


             第九节       董事、监事、高级管理人员和员工情况


一、董事、监事和高级管理人员持股变动


                                                  期初持    本期增     本期减    其他增    期末持
 姓名      职务    任职状     性别     年龄    任期起    任期终     股数    持股份     持股份    减变动     股数
                态                   始日期    止日期    （股）     数量     数量     （股）    （股）
                                                         （股）     （股）

        董事、                         2019年  2021年

山东美晨生态环境股份有限公司         2020年年度报告全文


                                      2015年  2021年
 张静     监事     现任      女          38  04月    04月         0      0       0      0       0
                                      02日    16日

                                      2015年  2021年
 张淑珍    监事     现任      女          37  11月11  04月         0      0       0      0       0
                                      日      15日

        董事会                           2013年  2021年
 李炜刚    秘书     现任      男          38  10月    04月     13,500     0       0      0   13,500
                                      22日    15日

        副总经                           2018年  2021年
 张兵     理      现任      男          42  04月    04月         0      0       0      0       0
                                      16日    15日

        副总经                           2018年  2021年
 罗旭     理      现任      男          50  04月    04月         0      0       0      0       0
                                      16日    15日

        副总经                           2018年  2020年
 邵高贤    理      离任      男          57  04月    05月         0      0       0      0       0
                                      16日    14日

        监事、                           2020年  2021年
 李磊     监事会    现任      男          34  07月    04月         0      0       0      0       0
        主席                            13日    15日

        独立董                           2020年  2021年
 刘金鑫    事      现任      男          35  10月    04月         0      0       0      0       0
                                      29日    15日

                                      2020年  2021年
 王永刚    总经理    现任      男          47  04月    04月         0      0       0      0       0
                                      29日    15日

 合计       --     --      --     --      --     --    14,828,    0   2,453,2    0  12,375,
                                                       296             82            014","保留年报原列示状态，不据此推断2021-04-30当日任职；任期终止日期不自动等同实际离任日期。","{""year"":""2020"",""key"":""management_19"",""status"":""extracted_original"",""person_name"":""王永刚"",""role"":""总经理"",""reported_appointment_status"":""现任"",""status_basis"":""该年度原始年报任职状态列"",""confirmed_status_at_cutoff"":null,""period_basis"":""原年报名册、变动表或控制关系披露，不推断截止日当日状态"",""allowed_for_model_input"":true,""quote_format"":""extracted_page_excerpt""}"
"2019.management.director_zhanglei_identity","management","2019","as_reported","","","director_zhanglei_identity","董事张磊身份区分","","董事张磊非原实际控制人张磊（年报原文明确区分）。","","","","","","上市公司治理","","meichen_2019_original.pdf","annual_report_2019_original","93","93","[93]","2020-04-20","2021-04-30","true","disclosed","false","","张磊（非原实际控制人），男，1981年12月出生，中国国籍，无境外永久居留权，硕士学位。2003年至2008年，历任海尔
集团计算机事业部出纳、成本会计、财务经理；2008年至2014年，历任宝胜国际（控股）集团华东及华西大区财务总监；2014
年9月至今，历任赛石园林董事、副董事长、执行总裁；2017年5月至2017年11月，任美晨生态董事；2017年11月至今，任美
晨生态董事、副董事长。","","{""year"":""2019"",""key"":""director_zhanglei_identity"",""status"":""extracted_original"",""period_basis"":""原年报名册、变动表或控制关系披露，不推断截止日当日状态"",""allowed_for_model_input"":true,""quote_format"":""extracted_page_excerpt""}"
"2020.management.director_zhanglei_identity","management","2020","as_reported","","","director_zhanglei_identity","董事张磊身份区分","","董事张磊非原实际控制人张磊（年报原文明确区分）。","","","","","","上市公司治理","","meichen_2020_original.pdf","annual_report_2020_original","90","90","[90]","2021-04-20","2021-04-30","true","disclosed","false","","张磊（非原实际控制人），男，1981年12月出生，中国国籍，无境外永久居留权，硕士学位。2003年至2008年，历任海尔
集团计算机事业部出纳、成本会计、财务经理；2008年至2014年，历任宝胜国际（控股）集团华东及华西大区财务总监；2014
年9月至今，历任赛石园林董事、副董事长、执行总裁；2014年12月至今，任杭州晨德投资管理有限公司监事；2017年5月至
2017年11月，任美晨生态董事；2017年11月至今，任美晨生态董事、副董事长。","","{""year"":""2020"",""key"":""director_zhanglei_identity"",""status"":""extracted_original"",""period_basis"":""原年报名册、变动表或控制关系披露，不推断截止日当日状态"",""allowed_for_model_input"":true,""quote_format"":""extracted_page_excerpt""}"
"2018.management.management_changes_p96","management","2018","as_reported","","","management_changes_p96","报告期董事离任","","三、公司董事、监事、高级管理人员变动情况


√ 适用   □  不适用

     姓名         担任的职务            类型            日期                            原因

 肖泮文           董事            任期满离任         2018年  04月    任期届满
                                           16日


96","","","","","","上市公司治理","","meichen_2018_original.pdf","annual_report_2018_original","96","96","[96]","2019-04-26","2021-04-30","true","disclosed","false","","三、公司董事、监事、高级管理人员变动情况


√ 适用   □  不适用

     姓名         担任的职务            类型            日期                            原因

 肖泮文           董事            任期满离任         2018年  04月    任期届满
                                           16日


96","仅纳入报告期内已发生的职务变动；年报表格换页时请结合相邻页。","{""year"":""2018"",""key"":""management_changes_p96"",""status"":""extracted_original"",""period_basis"":""原年报名册、变动表或控制关系披露，不推断截止日当日状态"",""allowed_for_model_input"":true,""quote_format"":""extracted_page_excerpt""}"
"2019.management.management_changes_p92","management","2019","as_reported","","","management_changes_p92","报告期董事长离任","","二、公司董事、监事、高级管理人员变动情况


√ 适用   □ 不适用

     姓名          担任的职务             类型             日期                             原因

郑召伟            董事长            离任             2019年  07月  25 工作变动



                                                                                                          92","","","","","","上市公司治理","","meichen_2019_original.pdf","annual_report_2019_original","92","92","[92]","2020-04-20","2021-04-30","true","disclosed","false","","二、公司董事、监事、高级管理人员变动情况


√ 适用   □ 不适用

     姓名          担任的职务             类型             日期                             原因

郑召伟            董事长            离任             2019年  07月  25 工作变动



                                                                                                          92","仅纳入报告期内已发生的职务变动；年报表格换页时请结合相邻页。","{""year"":""2019"",""key"":""management_changes_p92"",""status"":""extracted_original"",""period_basis"":""原年报名册、变动表或控制关系披露，不推断截止日当日状态"",""allowed_for_model_input"":true,""quote_format"":""extracted_page_excerpt""}"
"2019.management.management_changes_p93","management","2019","as_reported","","","management_changes_p93","报告期董事及财务总监等变动","","山东美晨生态环境股份有限公司     2019年年度报告全文


                              日

徐海芹       董事        离任        2019年07月25工作变动
                              日

成君        董事        离任        2019年07月25工作变动
                              日

马景春       董事        离任        2019年07月25工作变动
                              日

孙淑芹       财务总监      解聘        2019年07月09工作变动
                              日

甄冉        监事、监事会主   离任        2019年07月25工作变动
          席                   日","","","","","","上市公司治理","","meichen_2019_original.pdf","annual_report_2019_original","93","93","[93]","2020-04-20","2021-04-30","true","disclosed","false","","山东美晨生态环境股份有限公司     2019年年度报告全文


                              日

徐海芹       董事        离任        2019年07月25工作变动
                              日

成君        董事        离任        2019年07月25工作变动
                              日

马景春       董事        离任        2019年07月25工作变动
                              日

孙淑芹       财务总监      解聘        2019年07月09工作变动
                              日

甄冉        监事、监事会主   离任        2019年07月25工作变动
          席                   日","仅纳入报告期内已发生的职务变动；年报表格换页时请结合相邻页。","{""year"":""2019"",""key"":""management_changes_p93"",""status"":""extracted_original"",""period_basis"":""原年报名册、变动表或控制关系披露，不推断截止日当日状态"",""allowed_for_model_input"":true,""quote_format"":""extracted_page_excerpt""}"
"2020.management.management_changes_p89","management","2020","as_reported","","","management_changes_p89","报告期总经理和副总经理变动","","二、公司董事、监事、高级管理人员变动情况


√ 适用  □  不适用

    姓名        担任的职务          类型          日期                        原因

                                                  李荣华先生自    2014年 10月 17日至今担任公司非独
 李荣华         总经理         任免           2020年04 月   立董事；2017  年 11月 15日至  2020年 04月 29日担
                                      29日         任公司总经理。报告期内李荣华先生因工作变动辞
                                                  去总经理职务。

 邵高贤         副总经理        离任           2020年05 月   主动离职
                                      14日



89","","","","","","上市公司治理","","meichen_2020_original.pdf","annual_report_2020_original","89","89","[89]","2021-04-20","2021-04-30","true","disclosed","false","","二、公司董事、监事、高级管理人员变动情况


√ 适用  □  不适用

    姓名        担任的职务          类型          日期                        原因

                                                  李荣华先生自    2014年 10月 17日至今担任公司非独
 李荣华         总经理         任免           2020年04 月   立董事；2017  年 11月 15日至  2020年 04月 29日担
                                      29日         任公司总经理。报告期内李荣华先生因工作变动辞
                                                  去总经理职务。

 邵高贤         副总经理        离任           2020年05 月   主动离职
                                      14日



89","仅纳入报告期内已发生的职务变动；年报表格换页时请结合相邻页。","{""year"":""2020"",""key"":""management_changes_p89"",""status"":""extracted_original"",""period_basis"":""原年报名册、变动表或控制关系披露，不推断截止日当日状态"",""allowed_for_model_input"":true,""quote_format"":""extracted_page_excerpt""}"
"2020.management.management_changes_p90","management","2020","as_reported","","","management_changes_p90","报告期监事会主席和独立董事离任","","山东美晨生态环境股份有限公司     2020年年度报告全文


陆迪        监事、监事会    离任        2020年05月  主动离职
          主席                  07日

金建显       独立董事      任期满离任     2020年10月  任期满离任
                              12日","","","","","","上市公司治理","","meichen_2020_original.pdf","annual_report_2020_original","90","90","[90]","2021-04-20","2021-04-30","true","disclosed","false","","山东美晨生态环境股份有限公司     2020年年度报告全文


陆迪        监事、监事会    离任        2020年05月  主动离职
          主席                  07日

金建显       独立董事      任期满离任     2020年10月  任期满离任
                              12日","仅纳入报告期内已发生的职务变动；年报表格换页时请结合相邻页。","{""year"":""2020"",""key"":""management_changes_p90"",""status"":""extracted_original"",""period_basis"":""原年报名册、变动表或控制关系披露，不推断截止日当日状态"",""allowed_for_model_input"":true,""quote_format"":""extracted_page_excerpt""}"
"2018.control.controlling_shareholder","control","2018","as_reported","","","controlling_shareholder","控股股东","","张磊","","","","","","上市公司股权","","meichen_2018_original.pdf","annual_report_2018_original","92","92","[92]","2019-04-26","2021-04-30","true","disclosed","false","","2、公司控股股东情况


控股股东性质：自然人控股

控股股东类型：自然人

         控股股东姓名                  国籍              是否取得其他国家或地区居留权

张磊                          中国              是

                            2004年至2016年7月份任山东美晨科技股份有限公司董事长;2009      年至今任
                            西藏富美投资有限公司执行董事;2011    年至2018年 11月份任西安中沃汽车部
                            件有限公司执行董事;2011  年至 2016年任北京福田产业控股集团股份有限公
主要职业及职务                     司董事；2016 年至今任北京智科产业投资控股集团股份有限公司监事;2012
                            年至 2018年12月任山东津美生物科技有限公司董事长;2013      年至今任智慧
                            地球生态开发有限公司执行董事、经理。2016      年至今任山东美晨环境科技有
                            限公司董事长。

报告期内控股和参股的其他境内外上市           无
公司的股权情况

控股股东报告期内变更
□ 适用 √ 不适用

公司报告期控股股东未发生变更。","","{""year"":""2018"",""key"":""controlling_shareholder"",""status"":""extracted_original"",""period_basis"":""原年报名册、变动表或控制关系披露，不推断截止日当日状态"",""allowed_for_model_input"":true,""quote_format"":""extracted_page_excerpt""}"
"2019.control.controlling_shareholder","control","2019","as_reported","","","controlling_shareholder","控股股东","","潍坊市城市建设发展投资集团有限公司","","","","","","上市公司股权","","meichen_2019_original.pdf","annual_report_2019_original","87","87","[87]","2020-04-20","2021-04-30","true","disclosed","false","","2、公司控股股东情况


控股股东性质：地方国有控股

控股股东类型：法人

    控股股东名称        法定代表人/单位负责       成立日期         组织机构代码          主要经营业务
                        人

                                                           国有资产投资及资本运营;
                                                           国有资产经营管理;城市和
潍坊市城市建设发展投资                                  91370700MA3CH7U农业基础设施开发建设;土
集团有限公司            马永军           2016年09月 22日 Y48           地整理及房地产开发;物业
                                                           管理;房屋租赁等。(依法须
                                                           经批准的项目,经相关部门
                                                           批准后方可开展经营活动)

控股股东报告期内变更

√ 适用 □ 不适用

新控股股东名称                                潍坊市城市建设发展投资集团有限公司

变更日期                                   2019年06月27日

指定网站查询索引                               www.cninfo.com.cn

指定网站披露日期                               2019年06月28日","","{""year"":""2019"",""key"":""controlling_shareholder"",""status"":""extracted_original"",""period_basis"":""原年报名册、变动表或控制关系披露，不推断截止日当日状态"",""allowed_for_model_input"":true,""quote_format"":""extracted_page_excerpt""}"
"2020.control.controlling_shareholder","control","2020","as_reported","","","controlling_shareholder","控股股东","","潍坊市城市建设发展投资集团有限公司","","","","","","上市公司股权","","meichen_2020_original.pdf","annual_report_2020_original","84","84","[84]","2021-04-20","2021-04-30","true","disclosed","false","","2、公司控股股东情况


控股股东性质：地方国有控股

控股股东类型：法人

    控股股东名称       法定代表人/单位负       成立日期       组织机构代码         主要经营业务
                     责人

                                                       国有资产投资及资本运
                                                       营；国有资产经营管理；
                                                       城市和农业基础设施开发
潍坊市城市建设发展投资      马永军          2016年09月22  91370700MA3CH7建设；土地整理及房地产
集团有限公司                        日           UY48         开发；物业管理；房屋租
                                                       赁等。（依法须经批准的项
                                                       目，经相关部门批准后方
                                                       可开展经营活动）

控股股东报告期内控股和      潍坊市城投集团是潍坊亚星化学股份有限公司（600319）的控股股东，直接持有其股票
参股的其他境内外上市公      40,000,000股，占其总股本的12.67%。
司的股权情况

控股股东报告期内变更

□ 适用 √ 不适用
公司报告期控股股东未发生变更。","","{""year"":""2020"",""key"":""controlling_shareholder"",""status"":""extracted_original"",""period_basis"":""原年报名册、变动表或控制关系披露，不推断截止日当日状态"",""allowed_for_model_input"":true,""quote_format"":""extracted_page_excerpt""}"
"2018.control.actual_controller","control","2018","as_reported","","","actual_controller","实际控制人","","张磊","","","","","","上市公司股权","","meichen_2018_original.pdf","annual_report_2018_original","93","93","[93]","2019-04-26","2021-04-30","true","disclosed","false","","山东美晨生态环境股份有限公司     2018年年度报告全文


张磊                 本人                中国                是

李晓楠                一致行动（含协议、亲属、      中国                是
                   同一控制）

                   2004年至2016年7月份任山东美晨科技股份有限公司董事长;2009     年至今任西藏富美投
                   资有限公司执行董事;2011  年至 2018年11月份任西安中沃汽车部件有限公司执行董
                   事;2011年至2016年任北京福田产业控股集团股份有限公司董事；2016      年至今任北京智
主要职业及职务            科产业投资控股集团股份有限公司监事;2012     年至 2018年12月任山东津美生物科技有限
                   公司董事长;2013年至今任智慧地球生态开发有限公司执行董事、经理。2016        年至今任山
                   东美晨环境科技有限公司董事长。李晓楠：曾先后就职于程戈庄经管站、舜王街道经管站，
                   历任山东美晨科技股份有限公司董事。现任西藏富美投资有限公司经理。

过去 10年曾控股的境内外      无
上市公司情况

实际控制人报告期内变更

□ 适用 √ 不适用
公司报告期实际控制人未发生变更。","","{""year"":""2018"",""key"":""actual_controller"",""status"":""extracted_original"",""period_basis"":""原年报名册、变动表或控制关系披露，不推断截止日当日状态"",""allowed_for_model_input"":true,""quote_format"":""extracted_page_excerpt""}"
"2018.control.actual_controller_change","control","2018","as_reported","","","actual_controller_change","实际控制人报告期内变更情况","","公司报告期实际控制人未发生变更。","","","","","","上市公司股权","","meichen_2018_original.pdf","annual_report_2018_original","93","93","[93]","2019-04-26","2021-04-30","true","disclosed","false","","山东美晨生态环境股份有限公司     2018年年度报告全文


张磊                 本人                中国                是

李晓楠                一致行动（含协议、亲属、      中国                是
                   同一控制）

                   2004年至2016年7月份任山东美晨科技股份有限公司董事长;2009     年至今任西藏富美投
                   资有限公司执行董事;2011  年至 2018年11月份任西安中沃汽车部件有限公司执行董
                   事;2011年至2016年任北京福田产业控股集团股份有限公司董事；2016      年至今任北京智
主要职业及职务            科产业投资控股集团股份有限公司监事;2012     年至 2018年12月任山东津美生物科技有限
                   公司董事长;2013年至今任智慧地球生态开发有限公司执行董事、经理。2016        年至今任山
                   东美晨环境科技有限公司董事长。李晓楠：曾先后就职于程戈庄经管站、舜王街道经管站，
                   历任山东美晨科技股份有限公司董事。现任西藏富美投资有限公司经理。

过去 10年曾控股的境内外      无
上市公司情况

实际控制人报告期内变更

□ 适用 √ 不适用
公司报告期实际控制人未发生变更。","","{""year"":""2018"",""key"":""actual_controller_change"",""status"":""extracted_original"",""period_basis"":""原年报名册、变动表或控制关系披露，不推断截止日当日状态"",""allowed_for_model_input"":true,""quote_format"":""extracted_page_excerpt""}"
"2019.control.actual_controller","control","2019","as_reported","","","actual_controller","实际控制人","","潍坊市国有资产监督管理委员会","","","","","","上市公司股权","","meichen_2019_original.pdf","annual_report_2019_original","88","88","[88]","2020-04-20","2021-04-30","true","disclosed","false","","山东美晨生态环境股份有限公司       2019年年度报告全文


新实际控制人名称                              潍坊市国有资产监督管理委员会

变更日期                                  2019年06月27日

指定网站查询索引                              www.cninfo.com.cn

指定网站披露日期                              2019年06月28日","","{""year"":""2019"",""key"":""actual_controller"",""status"":""extracted_original"",""period_basis"":""原年报名册、变动表或控制关系披露，不推断截止日当日状态"",""allowed_for_model_input"":true,""quote_format"":""extracted_page_excerpt""}"
"2019.control.actual_controller_change","control","2019","as_reported","","","actual_controller_change","实际控制人报告期内变更情况","","报告期内变更为潍坊市国有资产监督管理委员会；变更日期2019-06-27；指定网站披露日期2019-06-28。","","","","","","上市公司股权","","meichen_2019_original.pdf","annual_report_2019_original","88","88","[88]","2020-04-20","2021-04-30","true","disclosed","false","","山东美晨生态环境股份有限公司       2019年年度报告全文


新实际控制人名称                              潍坊市国有资产监督管理委员会

变更日期                                  2019年06月27日

指定网站查询索引                              www.cninfo.com.cn

指定网站披露日期                              2019年06月28日","","{""year"":""2019"",""key"":""actual_controller_change"",""status"":""extracted_original"",""period_basis"":""原年报名册、变动表或控制关系披露，不推断截止日当日状态"",""allowed_for_model_input"":true,""quote_format"":""extracted_page_excerpt""}"
"2020.control.actual_controller","control","2020","as_reported","","","actual_controller","实际控制人","","潍坊市国有资产监督管理委员会","","","","","","上市公司股权","","meichen_2020_original.pdf","annual_report_2020_original","85","85","[85]","2021-04-20","2021-04-30","true","disclosed","false","","山东美晨生态环境股份有限公司    2020年年度报告全文


                    责人

潍坊市国有资产监督管理     --                     --         --
委员会

实际控制人报告期内控制     潍坊市国有资产监督管理委员会为潍坊亚星化学股份有限公司（600319）实际控制人，持有
的其他境内外上市公司的     其 16.54%的股权。
股权情况

实际控制人报告期内变更

□适用  √ 不适用
公司报告期实际控制人未发生变更。","","{""year"":""2020"",""key"":""actual_controller"",""status"":""extracted_original"",""period_basis"":""原年报名册、变动表或控制关系披露，不推断截止日当日状态"",""allowed_for_model_input"":true,""quote_format"":""extracted_page_excerpt""}"
"2020.control.actual_controller_change","control","2020","as_reported","","","actual_controller_change","实际控制人报告期内变更情况","","公司报告期实际控制人未发生变更。","","","","","","上市公司股权","","meichen_2020_original.pdf","annual_report_2020_original","85","85","[85]","2021-04-20","2021-04-30","true","disclosed","false","","山东美晨生态环境股份有限公司    2020年年度报告全文


                    责人

潍坊市国有资产监督管理     --                     --         --
委员会

实际控制人报告期内控制     潍坊市国有资产监督管理委员会为潍坊亚星化学股份有限公司（600319）实际控制人，持有
的其他境内外上市公司的     其 16.54%的股权。
股权情况

实际控制人报告期内变更

□适用  √ 不适用
公司报告期实际控制人未发生变更。","","{""year"":""2020"",""key"":""actual_controller_change"",""status"":""extracted_original"",""period_basis"":""原年报名册、变动表或控制关系披露，不推断截止日当日状态"",""allowed_for_model_input"":true,""quote_format"":""extracted_page_excerpt""}"
"2018.control.controller_concert_party","control","2018","as_reported","","","controller_concert_party","实际控制人一致行动人","","李晓楠：一致行动（含协议、亲属、同一控制）","","","","","","上市公司股权","","meichen_2018_original.pdf","annual_report_2018_original","93","93","[93]","2019-04-26","2021-04-30","true","disclosed","false","","山东美晨生态环境股份有限公司     2018年年度报告全文


张磊                 本人                中国                是

李晓楠                一致行动（含协议、亲属、      中国                是
                   同一控制）

                   2004年至2016年7月份任山东美晨科技股份有限公司董事长;2009     年至今任西藏富美投
                   资有限公司执行董事;2011  年至 2018年11月份任西安中沃汽车部件有限公司执行董
                   事;2011年至2016年任北京福田产业控股集团股份有限公司董事；2016      年至今任北京智","","{""year"":""2018"",""key"":""controller_concert_party"",""status"":""extracted_original"",""period_basis"":""原年报名册、变动表或控制关系披露，不推断截止日当日状态"",""allowed_for_model_input"":true,""quote_format"":""extracted_page_excerpt""}"
"2018.control.controller_spouse_relationship","control","2018","as_reported","","","controller_spouse_relationship","实际控制人与一致行动人关系","","张磊、李晓楠系夫妻关系；西藏富美投资有限公司实际控制人为张磊。","","","","","","上市公司股权","","meichen_2018_original.pdf","annual_report_2018_original","92","92","[92]","2019-04-26","2021-04-30","true","disclosed","false","","前 10名无限售流通股股东之间，
以及前  10名无限售流通股股东和      上述股东中西藏富美投资有限公司实际控制人为张磊，张磊、李晓楠系夫妻关系，
前 10名股东之间关联关系或一致       赛石集团有限公司实际控制人为郭柏峰，其他股东不明确其关联关系。
行动的说明","","{""year"":""2018"",""key"":""controller_spouse_relationship"",""status"":""extracted_original"",""period_basis"":""原年报名册、变动表或控制关系披露，不推断截止日当日状态"",""allowed_for_model_input"":true,""quote_format"":""extracted_page_excerpt""}"
"2020.control.controller_concert_party","control","2020","as_reported","","","controller_concert_party","控股股东一致行动人","","潍坊市城市建设发展投资集团有限公司、诸城市经济开发投资公司为一致行动关系。","","","","","","上市公司股权","","meichen_2020_original.pdf","annual_report_2020_original","84","84","[84]","2021-04-20","2021-04-30","true","disclosed","false","","前 10名无限售流通股股东
之间，以及前  10名无限售流   上述股东中潍坊市城市建设发展投资集团有限公司、诸城市经济开发投资公司为一致行动
通股股东和前   10名股东之   关系，西藏富美投资有限公司实际控制人为张磊。
间关联关系或一致行动的说
明","","{""year"":""2020"",""key"":""controller_concert_party"",""status"":""extracted_original"",""period_basis"":""原年报名册、变动表或控制关系披露，不推断截止日当日状态"",""allowed_for_model_input"":true,""quote_format"":""extracted_page_excerpt""}"
"2018.control.ownership_edge_01","control","2018","as_reported","","","ownership_edge_01","张磊持有西藏富美投资有限公司股权比例","72.10","","%","","0.01","ratio","0.7210","上市公司股权关系图","","meichen_2018_original.pdf","annual_report_2018_original","93","93","[93]","2019-04-26","2021-04-30","true","disclosed","true","","公司与实际控制人之间的产权及控制关系的方框图
张磊
72.10%
西藏富美投资有限公司","从原始PDF股权关系图视觉转录文字与箭头比例；不是可搜索的PDF文字层。2019年仅录入国资控制链及一致行动人。","{""year"":""2018"",""key"":""ownership_edge_01"",""status"":""extracted_original"",""owner"":""张磊"",""owned_entity"":""西藏富美投资有限公司"",""evidence_format"":""figure_visual_transcription"",""period_basis"":""原年报名册、变动表或控制关系披露，不推断截止日当日状态"",""allowed_for_model_input"":true,""quote_format"":""figure_visual_transcription""}"
"2018.control.ownership_edge_02","control","2018","as_reported","","","ownership_edge_02","郭柏峰持有赛石集团有限公司股权比例","90.00","","%","","0.01","ratio","0.9000","上市公司股权关系图","","meichen_2018_original.pdf","annual_report_2018_original","93","93","[93]","2019-04-26","2021-04-30","true","disclosed","true","","公司与实际控制人之间的产权及控制关系的方框图
郭柏峰
90.00%
赛石集团有限公司","从原始PDF股权关系图视觉转录文字与箭头比例；不是可搜索的PDF文字层。2019年仅录入国资控制链及一致行动人。","{""year"":""2018"",""key"":""ownership_edge_02"",""status"":""extracted_original"",""owner"":""郭柏峰"",""owned_entity"":""赛石集团有限公司"",""evidence_format"":""figure_visual_transcription"",""period_basis"":""原年报名册、变动表或控制关系披露，不推断截止日当日状态"",""allowed_for_model_input"":true,""quote_format"":""figure_visual_transcription""}"
"2018.control.ownership_edge_03","control","2018","as_reported","","","ownership_edge_03","李晓楠持有山东美晨生态环境股份有限公司股权比例","3.75","","%","","0.01","ratio","0.0375","上市公司股权关系图","","meichen_2018_original.pdf","annual_report_2018_original","93","93","[93]","2019-04-26","2021-04-30","true","disclosed","true","","公司与实际控制人之间的产权及控制关系的方框图
李晓楠
3.75%
山东美晨生态环境股份有限公司","从原始PDF股权关系图视觉转录文字与箭头比例；不是可搜索的PDF文字层。2019年仅录入国资控制链及一致行动人。","{""year"":""2018"",""key"":""ownership_edge_03"",""status"":""extracted_original"",""owner"":""李晓楠"",""owned_entity"":""山东美晨生态环境股份有限公司"",""evidence_format"":""figure_visual_transcription"",""period_basis"":""原年报名册、变动表或控制关系披露，不推断截止日当日状态"",""allowed_for_model_input"":true,""quote_format"":""figure_visual_transcription""}"
"2018.control.ownership_edge_04","control","2018","as_reported","","","ownership_edge_04","张磊持有山东美晨生态环境股份有限公司股权比例","27.23","","%","","0.01","ratio","0.2723","上市公司股权关系图","","meichen_2018_original.pdf","annual_report_2018_original","93","93","[93]","2019-04-26","2021-04-30","true","disclosed","true","","公司与实际控制人之间的产权及控制关系的方框图
张磊
27.23%
山东美晨生态环境股份有限公司","从原始PDF股权关系图视觉转录文字与箭头比例；不是可搜索的PDF文字层。2019年仅录入国资控制链及一致行动人。","{""year"":""2018"",""key"":""ownership_edge_04"",""status"":""extracted_original"",""owner"":""张磊"",""owned_entity"":""山东美晨生态环境股份有限公司"",""evidence_format"":""figure_visual_transcription"",""period_basis"":""原年报名册、变动表或控制关系披露，不推断截止日当日状态"",""allowed_for_model_input"":true,""quote_format"":""figure_visual_transcription""}"
"2018.control.ownership_edge_05","control","2018","as_reported","","","ownership_edge_05","郭柏峰持有山东美晨生态环境股份有限公司股权比例","5.45","","%","","0.01","ratio","0.0545","上市公司股权关系图","","meichen_2018_original.pdf","annual_report_2018_original","93","93","[93]","2019-04-26","2021-04-30","true","disclosed","true","","公司与实际控制人之间的产权及控制关系的方框图
郭柏峰
5.45%
山东美晨生态环境股份有限公司","从原始PDF股权关系图视觉转录文字与箭头比例；不是可搜索的PDF文字层。2019年仅录入国资控制链及一致行动人。","{""year"":""2018"",""key"":""ownership_edge_05"",""status"":""extracted_original"",""owner"":""郭柏峰"",""owned_entity"":""山东美晨生态环境股份有限公司"",""evidence_format"":""figure_visual_transcription"",""period_basis"":""原年报名册、变动表或控制关系披露，不推断截止日当日状态"",""allowed_for_model_input"":true,""quote_format"":""figure_visual_transcription""}"
"2018.control.ownership_edge_06","control","2018","as_reported","","","ownership_edge_06","赛石集团有限公司持有山东美晨生态环境股份有限公司股权比例","8.63","","%","","0.01","ratio","0.0863","上市公司股权关系图","","meichen_2018_original.pdf","annual_report_2018_original","93","93","[93]","2019-04-26","2021-04-30","true","disclosed","true","","公司与实际控制人之间的产权及控制关系的方框图
赛石集团有限公司
8.63%
山东美晨生态环境股份有限公司","从原始PDF股权关系图视觉转录文字与箭头比例；不是可搜索的PDF文字层。2019年仅录入国资控制链及一致行动人。","{""year"":""2018"",""key"":""ownership_edge_06"",""status"":""extracted_original"",""owner"":""赛石集团有限公司"",""owned_entity"":""山东美晨生态环境股份有限公司"",""evidence_format"":""figure_visual_transcription"",""period_basis"":""原年报名册、变动表或控制关系披露，不推断截止日当日状态"",""allowed_for_model_input"":true,""quote_format"":""figure_visual_transcription""}"
"2018.control.ownership_edge_07","control","2018","as_reported","","","ownership_edge_07","西藏富美投资有限公司持有山东美晨生态环境股份有限公司股权比例","1.60","","%","","0.01","ratio","0.0160","上市公司股权关系图","","meichen_2018_original.pdf","annual_report_2018_original","93","93","[93]","2019-04-26","2021-04-30","true","disclosed","true","","公司与实际控制人之间的产权及控制关系的方框图
西藏富美投资有限公司
1.60%
山东美晨生态环境股份有限公司","从原始PDF股权关系图视觉转录文字与箭头比例；不是可搜索的PDF文字层。2019年仅录入国资控制链及一致行动人。","{""year"":""2018"",""key"":""ownership_edge_07"",""status"":""extracted_original"",""owner"":""西藏富美投资有限公司"",""owned_entity"":""山东美晨生态环境股份有限公司"",""evidence_format"":""figure_visual_transcription"",""period_basis"":""原年报名册、变动表或控制关系披露，不推断截止日当日状态"",""allowed_for_model_input"":true,""quote_format"":""figure_visual_transcription""}"
"2018.control.ownership_edge_08","control","2018","as_reported","","","ownership_edge_08","其他持有山东美晨生态环境股份有限公司股权比例","53.34","","%","","0.01","ratio","0.5334","上市公司股权关系图","","meichen_2018_original.pdf","annual_report_2018_original","93","93","[93]","2019-04-26","2021-04-30","true","disclosed","true","","公司与实际控制人之间的产权及控制关系的方框图
其他
53.34%
山东美晨生态环境股份有限公司","从原始PDF股权关系图视觉转录文字与箭头比例；不是可搜索的PDF文字层。2019年仅录入国资控制链及一致行动人。","{""year"":""2018"",""key"":""ownership_edge_08"",""status"":""extracted_original"",""owner"":""其他"",""owned_entity"":""山东美晨生态环境股份有限公司"",""evidence_format"":""figure_visual_transcription"",""period_basis"":""原年报名册、变动表或控制关系披露，不推断截止日当日状态"",""allowed_for_model_input"":true,""quote_format"":""figure_visual_transcription""}"
"2019.control.ownership_edge_01","control","2019","as_reported","","","ownership_edge_01","潍坊市国有资产监督管理委员会持有潍坊市城市建设发展投资集团有限公司股权比例","100","","%","","0.01","ratio","1.00","上市公司股权关系图","","meichen_2019_original.pdf","annual_report_2019_original","88","88","[88]","2020-04-20","2021-04-30","true","disclosed","true","","公司与实际控制人之间的产权及控制关系的方框图
潍坊市国有资产监督管理委员会
100%
潍坊市城市建设发展投资集团有限公司","从原始PDF股权关系图视觉转录文字与箭头比例；不是可搜索的PDF文字层。2019年仅录入国资控制链及一致行动人。","{""year"":""2019"",""key"":""ownership_edge_01"",""status"":""extracted_original"",""owner"":""潍坊市国有资产监督管理委员会"",""owned_entity"":""潍坊市城市建设发展投资集团有限公司"",""evidence_format"":""figure_visual_transcription"",""period_basis"":""原年报名册、变动表或控制关系披露，不推断截止日当日状态"",""allowed_for_model_input"":true,""quote_format"":""figure_visual_transcription""}"
"2019.control.ownership_edge_02","control","2019","as_reported","","","ownership_edge_02","潍坊市城市建设发展投资集团有限公司持有山东美晨生态环境股份有限公司股权比例","21.46","","%","","0.01","ratio","0.2146","上市公司股权关系图","","meichen_2019_original.pdf","annual_report_2019_original","88","88","[88]","2020-04-20","2021-04-30","true","disclosed","true","","公司与实际控制人之间的产权及控制关系的方框图
潍坊市城市建设发展投资集团有限公司
21.46%
山东美晨生态环境股份有限公司","从原始PDF股权关系图视觉转录文字与箭头比例；不是可搜索的PDF文字层。2019年仅录入国资控制链及一致行动人。","{""year"":""2019"",""key"":""ownership_edge_02"",""status"":""extracted_original"",""owner"":""潍坊市城市建设发展投资集团有限公司"",""owned_entity"":""山东美晨生态环境股份有限公司"",""evidence_format"":""figure_visual_transcription"",""period_basis"":""原年报名册、变动表或控制关系披露，不推断截止日当日状态"",""allowed_for_model_input"":true,""quote_format"":""figure_visual_transcription""}"
"2019.control.ownership_edge_03","control","2019","as_reported","","","ownership_edge_03","诸城市经济开发投资公司持有山东美晨生态环境股份有限公司股权比例","5.4","","%","","0.01","ratio","0.054","上市公司股权关系图","","meichen_2019_original.pdf","annual_report_2019_original","88","88","[88]","2020-04-20","2021-04-30","true","disclosed","true","","公司与实际控制人之间的产权及控制关系的方框图
诸城市经济开发投资公司
5.4%
山东美晨生态环境股份有限公司","从原始PDF股权关系图视觉转录文字与箭头比例；不是可搜索的PDF文字层。2019年仅录入国资控制链及一致行动人。","{""year"":""2019"",""key"":""ownership_edge_03"",""status"":""extracted_original"",""owner"":""诸城市经济开发投资公司"",""owned_entity"":""山东美晨生态环境股份有限公司"",""evidence_format"":""figure_visual_transcription"",""period_basis"":""原年报名册、变动表或控制关系披露，不推断截止日当日状态"",""allowed_for_model_input"":true,""quote_format"":""figure_visual_transcription""}"
"2020.control.ownership_edge_01","control","2020","as_reported","","","ownership_edge_01","潍坊市国有资产监督管理委员会持有潍坊市城市建设发展投资集团有限公司股权比例","100","","%","","0.01","ratio","1.00","上市公司股权关系图","","meichen_2020_original.pdf","annual_report_2020_original","85","85","[85]","2021-04-20","2021-04-30","true","disclosed","true","","公司与实际控制人之间的产权及控制关系的方框图
潍坊市国有资产监督管理委员会
100%
潍坊市城市建设发展投资集团有限公司","从原始PDF股权关系图视觉转录文字与箭头比例；不是可搜索的PDF文字层。2019年仅录入国资控制链及一致行动人。","{""year"":""2020"",""key"":""ownership_edge_01"",""status"":""extracted_original"",""owner"":""潍坊市国有资产监督管理委员会"",""owned_entity"":""潍坊市城市建设发展投资集团有限公司"",""evidence_format"":""figure_visual_transcription"",""period_basis"":""原年报名册、变动表或控制关系披露，不推断截止日当日状态"",""allowed_for_model_input"":true,""quote_format"":""figure_visual_transcription""}"
"2020.control.ownership_edge_02","control","2020","as_reported","","","ownership_edge_02","潍坊市城市建设发展投资集团有限公司持有山东美晨生态环境股份有限公司股权比例","21.46","","%","","0.01","ratio","0.2146","上市公司股权关系图","","meichen_2020_original.pdf","annual_report_2020_original","85","85","[85]","2021-04-20","2021-04-30","true","disclosed","true","","公司与实际控制人之间的产权及控制关系的方框图
潍坊市城市建设发展投资集团有限公司
21.46%
山东美晨生态环境股份有限公司","从原始PDF股权关系图视觉转录文字与箭头比例；不是可搜索的PDF文字层。2019年仅录入国资控制链及一致行动人。","{""year"":""2020"",""key"":""ownership_edge_02"",""status"":""extracted_original"",""owner"":""潍坊市城市建设发展投资集团有限公司"",""owned_entity"":""山东美晨生态环境股份有限公司"",""evidence_format"":""figure_visual_transcription"",""period_basis"":""原年报名册、变动表或控制关系披露，不推断截止日当日状态"",""allowed_for_model_input"":true,""quote_format"":""figure_visual_transcription""}"
"2020.control.ownership_edge_03","control","2020","as_reported","","","ownership_edge_03","诸城市经济开发投资公司持有山东美晨生态环境股份有限公司股权比例","5.4","","%","","0.01","ratio","0.054","上市公司股权关系图","","meichen_2020_original.pdf","annual_report_2020_original","85","85","[85]","2021-04-20","2021-04-30","true","disclosed","true","","公司与实际控制人之间的产权及控制关系的方框图
诸城市经济开发投资公司
5.4%
山东美晨生态环境股份有限公司","从原始PDF股权关系图视觉转录文字与箭头比例；不是可搜索的PDF文字层。2019年仅录入国资控制链及一致行动人。","{""year"":""2020"",""key"":""ownership_edge_03"",""status"":""extracted_original"",""owner"":""诸城市经济开发投资公司"",""owned_entity"":""山东美晨生态环境股份有限公司"",""evidence_format"":""figure_visual_transcription"",""period_basis"":""原年报名册、变动表或控制关系披露，不推断截止日当日状态"",""allowed_for_model_input"":true,""quote_format"":""figure_visual_transcription""}"
"2020.control.ownership_edge_04","control","2020","as_reported","","","ownership_edge_04","其他持有山东美晨生态环境股份有限公司股权比例","73.14","","%","","0.01","ratio","0.7314","上市公司股权关系图","","meichen_2020_original.pdf","annual_report_2020_original","85","85","[85]","2021-04-20","2021-04-30","true","disclosed","true","","公司与实际控制人之间的产权及控制关系的方框图
其他
73.14%
山东美晨生态环境股份有限公司","从原始PDF股权关系图视觉转录文字与箭头比例；不是可搜索的PDF文字层。2019年仅录入国资控制链及一致行动人。","{""year"":""2020"",""key"":""ownership_edge_04"",""status"":""extracted_original"",""owner"":""其他"",""owned_entity"":""山东美晨生态环境股份有限公司"",""evidence_format"":""figure_visual_transcription"",""period_basis"":""原年报名册、变动表或控制关系披露，不推断截止日当日状态"",""allowed_for_model_input"":true,""quote_format"":""figure_visual_transcription""}"
